timestamp,asset,amount,amount_usd,user
2025-04-17 06:27:23+00:00,rsETH,38.0,0.0,0x4dcb388488622e47683ead1a147947140a31e485
2025-04-17 15:00:11+00:00,rsETH,1693.9448186223635,0.0,0x7f9b6bb65c8f9105f46ec3b18cb31845c85b6e72
2025-04-17 15:00:11+00:00,rsETH,1693.9448186223635,0.0,0x7f9b6bb65c8f9105f46ec3b18cb31845c85b6e72
2025-04-17 20:40:11+00:00,rsETH,1570.0,0.0,0x72dbfd4989b68b8b4efc27c6272d7586f1f0d483
2025-04-18 07:41:59+00:00,rsETH,2017.7863135309476,0.0,0x7f9b6bb65c8f9105f46ec3b18cb31845c85b6e72
2025-04-18 07:41:59+00:00,rsETH,2017.7863135309476,0.0,0x7f9b6bb65c8f9105f46ec3b18cb31845c85b6e72
2025-04-18 15:08:47+00:00,rsETH,50.0,0.0,0x4dcb388488622e47683ead1a147947140a31e485
2025-04-19 09:22:23+00:00,rsETH,2160.932840508818,0.0,0x7f9b6bb65c8f9105f46ec3b18cb31845c85b6e72
2025-04-19 09:22:23+00:00,rsETH,2160.932840508818,0.0,0x7f9b6bb65c8f9105f46ec3b18cb31845c85b6e72
2025-04-20 05:02:59+00:00,rsETH,1786.1227031711219,0.0,0x9f739b86d916bba4ed6323868ce0da252d9222a9
2025-04-20 05:02:59+00:00,rsETH,1786.1227031711219,0.0,0x9f739b86d916bba4ed6323868ce0da252d9222a9
2025-04-20 07:10:59+00:00,rsETH,1991.0314059138602,0.0,0x9f739b86d916bba4ed6323868ce0da252d9222a9
2025-04-20 07:10:59+00:00,rsETH,1991.0314059138602,0.0,0x9f739b86d916bba4ed6323868ce0da252d9222a9
2025-04-20 22:18:59+00:00,rsETH,3750.0,0.0,0x4dcb388488622e47683ead1a147947140a31e485
2025-04-21 11:45:47+00:00,rsETH,1307.9559953520263,0.0,0x7f9b6bb65c8f9105f46ec3b18cb31845c85b6e72
2025-04-21 11:45:47+00:00,rsETH,1307.9559953520263,0.0,0x7f9b6bb65c8f9105f46ec3b18cb31845c85b6e72
2025-04-21 17:08:35+00:00,rsETH,14.0,0.0,0x4dcb388488622e47683ead1a147947140a31e485
2025-04-21 20:59:35+00:00,rsETH,0.9770220230414408,0.0,0xadc0a53095a0af87f3aa29fe0715b5c28016364e
2025-04-17 00:04:59+00:00,WETH,1.0000000533205e-05,0.01782440095040592,0xd01607c3c5ecaba394d8be377a08590149325722
2025-04-17 00:06:59+00:00,WETH,95.35268690730354,169960.44325105412,0xb7f764e44fc01c0b79ea4dee48d1d7664aeeb502
2025-04-17 00:10:59+00:00,WETH,95.35314744229956,169961.26412705242,0xb7f764e44fc01c0b79ea4dee48d1d7664aeeb502
2025-04-17 00:11:35+00:00,WETH,514.1666833005914,916471.2629823062,0x4bb41165a817628992ee40ea8e92f8800f143fbd
2025-04-17 00:12:59+00:00,WETH,2.6064378794856093,4645.81913391033,0x35bb522b102326ea3f1141661df4626c87000e3e
2025-04-17 00:46:11+00:00,WETH,40.02,71333.2488,0xadc0a53095a0af87f3aa29fe0715b5c28016364e
2025-04-17 00:53:35+00:00,WETH,0.8,1425.9520000000002,0xd01607c3c5ecaba394d8be377a08590149325722
2025-04-17 01:02:47+00:00,WETH,200.0,356488.0,0xd01607c3c5ecaba394d8be377a08590149325722
2025-04-17 01:12:35+00:00,WETH,30.000027607697323,53473.249209064015,0xef1ec136931ab5728b0783fd87d109c9d15d31f1
2025-04-17 01:25:23+00:00,WETH,35.0,62385.4,0xd01607c3c5ecaba394d8be377a08590149325722
2025-04-17 01:35:35+00:00,WETH,514.4041927520698,916894.6093289993,0x4bb41165a817628992ee40ea8e92f8800f143fbd
2025-04-17 01:37:23+00:00,WETH,514.4968761236078,917059.8118777635,0x4bb41165a817628992ee40ea8e92f8800f143fbd
2025-04-17 01:43:59+00:00,WETH,0.3,534.732,0xd01607c3c5ecaba394d8be377a08590149325722
2025-04-17 01:49:11+00:00,WETH,24999.999999999996,44560999.99999999,0x4bb41165a817628992ee40ea8e92f8800f143fbd
2025-04-17 01:49:11+00:00,WETH,24999.999999999996,44560999.99999999,0x4bb41165a817628992ee40ea8e92f8800f143fbd
2025-04-17 01:49:11+00:00,WETH,514.6568606348419,917344.9746699677,0x4bb41165a817628992ee40ea8e92f8800f143fbd
2025-04-17 01:58:59+00:00,WETH,31.913645533030095,56884.15834389417,0xb7f764e44fc01c0b79ea4dee48d1d7664aeeb502
2025-04-17 02:04:35+00:00,WETH,514.9338738252808,917838.7340611335,0x731b25b19a606122cfdaa659774a4022511875c9
2025-04-17 02:12:47+00:00,WETH,512.8001355827297,914035.4736680808,0xaf92e072cb195e7549f18ed99e72800f9203c72d
2025-04-17 02:16:11+00:00,WETH,34.05896947796388,60708.06955630193,0xadc0a53095a0af87f3aa29fe0715b5c28016364e
2025-04-17 02:18:47+00:00,WETH,2.66,4741.290400000001,0xd01607c3c5ecaba394d8be377a08590149325722
2025-04-17 02:30:35+00:00,WETH,8000.0,14259520.0,0x731b25b19a606122cfdaa659774a4022511875c9
2025-04-17 02:30:35+00:00,WETH,514.945601737198,917859.6383604512,0x731b25b19a606122cfdaa659774a4022511875c9
2025-04-17 02:30:35+00:00,WETH,8000.0,14259520.0,0x731b25b19a606122cfdaa659774a4022511875c9
2025-04-17 02:32:59+00:00,WETH,201.9196569927239,359909.6734101108,0x8e3c1d44f983560113f0d6a5fce0501f2677b8ed
2025-04-17 02:35:23+00:00,WETH,12.704826759131937,22645.59140854713,0x3bfe65f217df9ad7358698580aeb47f692241c48
2025-04-17 02:36:59+00:00,WETH,2.5,4456.1,0x433269833bf5156db342d2d91a24155421ec0b24
2025-04-17 02:37:11+00:00,WETH,33.95067602418714,60515.042972552124,0xadc0a53095a0af87f3aa29fe0715b5c28016364e
2025-04-17 02:37:23+00:00,WETH,2.0,3564.88,0xd01607c3c5ecaba394d8be377a08590149325722
2025-04-17 02:41:11+00:00,WETH,0.048000002190717046,85.5571239048217,0xd01607c3c5ecaba394d8be377a08590149325722
2025-04-17 03:15:11+00:00,WETH,0.10029360264276556,178.76732909457104,0xd01607c3c5ecaba394d8be377a08590149325722
2025-04-17 03:21:59+00:00,WETH,2.0,3564.88,0xd01607c3c5ecaba394d8be377a08590149325722
2025-04-17 03:26:11+00:00,WETH,0.03092812740424509,55.12753141042262,0x5141b82f5ffda4c6fe1e372978f1c5427640a190
2025-04-17 03:34:59+00:00,WETH,2.386917875611571,4254.537898205089,0xadc0a53095a0af87f3aa29fe0715b5c28016364e
2025-04-17 03:36:47+00:00,WETH,4.690751350634131,8360.9828374243,0xadc0a53095a0af87f3aa29fe0715b5c28016364e
2025-04-17 03:41:11+00:00,WETH,8000.0,14259520.0,0x731b25b19a606122cfdaa659774a4022511875c9
2025-04-17 03:41:11+00:00,WETH,515.0013527979094,917959.0112811056,0x731b25b19a606122cfdaa659774a4022511875c9
2025-04-17 03:41:11+00:00,WETH,8000.0,14259520.0,0x731b25b19a606122cfdaa659774a4022511875c9
2025-04-17 03:48:11+00:00,WETH,0.18605216395451743,331.62681911909004,0xd01607c3c5ecaba394d8be377a08590149325722
2025-04-17 03:53:35+00:00,WETH,515.2795627917983,918454.903902613,0x4bb41165a817628992ee40ea8e92f8800f143fbd
2025-04-17 03:53:59+00:00,WETH,0.10000030507812946,178.24454378346107,0xd01607c3c5ecaba394d8be377a08590149325722
2025-04-17 04:01:35+00:00,WETH,30.0,53473.200000000004,0xff8d044c63d7da1a23e11765764d37def8f6670f
2025-04-17 04:02:47+00:00,WETH,8000.0,14259520.0,0x731b25b19a606122cfdaa659774a4022511875c9
2025-04-17 04:02:47+00:00,WETH,8000.0,14259520.0,0x731b25b19a606122cfdaa659774a4022511875c9
2025-04-17 04:02:47+00:00,WETH,515.281041596315,918457.5397829359,0x731b25b19a606122cfdaa659774a4022511875c9
2025-04-17 04:03:23+00:00,WETH,37.86220611447188,67487.11066667926,0x3bfe65f217df9ad7358698580aeb47f692241c48
2025-04-17 04:07:23+00:00,WETH,1878.8689875285238,3348971.238130342,0x7f9b6bb65c8f9105f46ec3b18cb31845c85b6e72
2025-04-17 04:07:23+00:00,WETH,1878.8689875285238,3348971.238130342,0x7f9b6bb65c8f9105f46ec3b18cb31845c85b6e72
2025-04-17 04:11:11+00:00,WETH,10.0,17824.4,0xd01607c3c5ecaba394d8be377a08590149325722
2025-04-17 04:19:47+00:00,WETH,80.0,142595.2,0xb8270b5ba91cb365d51855a968a9a8f829a0e855
2025-04-17 04:20:47+00:00,WETH,95.36571997659945,169983.67391508992,0xb7f764e44fc01c0b79ea4dee48d1d7664aeeb502
2025-04-17 04:22:59+00:00,WETH,65.51309816477452,116773.1666928207,0xb8270b5ba91cb365d51855a968a9a8f829a0e855
2025-04-17 04:22:59+00:00,WETH,0.0200000009123129,35.648801626143005,0xd01607c3c5ecaba394d8be377a08590149325722
2025-04-17 04:33:23+00:00,WETH,0.02000000152545368,35.64880271902966,0xd01607c3c5ecaba394d8be377a08590149325722
2025-04-17 04:33:47+00:00,WETH,627.8521609987581,1119108.8058506264,0x1f2f10d1c40777ae1da742455c65828ff36df387
2025-04-17 04:36:23+00:00,WETH,5.059355620341032,9017.99783192067,0xadc0a53095a0af87f3aa29fe0715b5c28016364e
2025-04-17 04:38:35+00:00,WETH,0.02000000243282537,35.64880433636525,0xd01607c3c5ecaba394d8be377a08590149325722
2025-04-17 04:50:47+00:00,WETH,196.20765192751034,349728.3671016715,0x90759801579208b28d2d36d13b1ed7443d1b717f
2025-04-17 04:54:11+00:00,WETH,8000.0,14259520.0,0x4bb41165a817628992ee40ea8e92f8800f143fbd
2025-04-17 04:54:11+00:00,WETH,8000.0,14259520.0,0x4bb41165a817628992ee40ea8e92f8800f143fbd
2025-04-17 04:54:11+00:00,WETH,515.3015296863571,918494.0585741503,0x4bb41165a817628992ee40ea8e92f8800f143fbd
2025-04-17 04:54:23+00:00,WETH,0.007806156850478389,13.9140062165667,0xd01607c3c5ecaba394d8be377a08590149325722
2025-04-17 04:56:11+00:00,WETH,6.0,10694.64,0xd01607c3c5ecaba394d8be377a08590149325722
2025-04-17 05:01:59+00:00,WETH,50.00001976677782,89122.03523309546,0xd01607c3c5ecaba394d8be377a08590149325722
2025-04-17 05:05:35+00:00,WETH,512.8537305596756,914131.0034987881,0xaf92e072cb195e7549f18ed99e72800f9203c72d
2025-04-17 05:06:35+00:00,WETH,249.58038307366027,444862.058005815,0x3bfe65f217df9ad7358698580aeb47f692241c48
2025-04-17 05:20:35+00:00,WETH,515.4659056360115,918787.0488418523,0x4bb41165a817628992ee40ea8e92f8800f143fbd
2025-04-17 05:21:35+00:00,WETH,0.010197134405498152,18.17578024973613,0x5141b82f5ffda4c6fe1e372978f1c5427640a190
2025-04-17 05:40:23+00:00,WETH,515.591548594918,919010.9998775256,0x4bb41165a817628992ee40ea8e92f8800f143fbd
2025-04-17 05:46:11+00:00,WETH,0.13001496712675245,231.74387800540865,0xd01607c3c5ecaba394d8be377a08590149325722
2025-04-17 05:48:35+00:00,WETH,95.37686402863055,170003.53751919224,0xb7f764e44fc01c0b79ea4dee48d1d7664aeeb502
2025-04-17 05:51:35+00:00,WETH,515.6953017530785,919195.9336567573,0x731b25b19a606122cfdaa659774a4022511875c9
2025-04-17 05:56:11+00:00,WETH,5.275534981489218,9403.324572405643,0xd01607c3c5ecaba394d8be377a08590149325722
2025-04-17 06:00:59+00:00,WETH,21.00003016301856,37431.2937637708,0xd01607c3c5ecaba394d8be377a08590149325722
2025-04-17 06:01:23+00:00,WETH,0.11610259455903932,206.94590864581406,0xb7f764e44fc01c0b79ea4dee48d1d7664aeeb502
2025-04-17 06:06:23+00:00,WETH,0.28631017556572236,510.3307093353662,0x22a956c4755d8c4294b358dc346e74250e175622
2025-04-17 06:08:23+00:00,WETH,0.014259042805161744,25.4158882576325,0xd01607c3c5ecaba394d8be377a08590149325722
2025-04-17 06:08:35+00:00,WETH,1.0,1782.44,0xc48d5d616ec249d83b86a2ab7ff1a5338a243e52
2025-04-17 06:10:47+00:00,WETH,2569.3827676414776,4579770.620354875,0x1f2f10d1c40777ae1da742455c65828ff36df387
2025-04-17 06:11:47+00:00,WETH,20.01,35666.6244,0xadc0a53095a0af87f3aa29fe0715b5c28016364e
2025-04-17 06:13:47+00:00,WETH,2571.959240201618,4584363.028104972,0x1f2f10d1c40777ae1da742455c65828ff36df387
2025-04-17 06:16:47+00:00,WETH,8000.0,14259520.0,0x731b25b19a606122cfdaa659774a4022511875c9
2025-04-17 06:16:47+00:00,WETH,515.7345921442472,919265.966421592,0x731b25b19a606122cfdaa659774a4022511875c9
2025-04-17 06:16:47+00:00,WETH,8000.0,14259520.0,0x731b25b19a606122cfdaa659774a4022511875c9
2025-04-17 06:17:35+00:00,WETH,24999.999999999996,44560999.99999999,0x731b25b19a606122cfdaa659774a4022511875c9
2025-04-17 06:17:35+00:00,WETH,515.7586489064291,919308.8461567756,0x731b25b19a606122cfdaa659774a4022511875c9
2025-04-17 06:17:35+00:00,WETH,24999.999999999996,44560999.99999999,0x731b25b19a606122cfdaa659774a4022511875c9
2025-04-17 06:20:59+00:00,WETH,515.7770056342455,919341.5659227045,0x4bb41165a817628992ee40ea8e92f8800f143fbd
2025-04-17 06:34:11+00:00,WETH,0.012712167196052756,22.658675296932273,0xd01607c3c5ecaba394d8be377a08590149325722
2025-04-17 06:34:47+00:00,WETH,8000.0,14259520.0,0x731b25b19a606122cfdaa659774a4022511875c9
2025-04-17 06:34:47+00:00,WETH,516.0605822933949,919847.0243030388,0x731b25b19a606122cfdaa659774a4022511875c9
2025-04-17 06:34:47+00:00,WETH,8000.0,14259520.0,0x731b25b19a606122cfdaa659774a4022511875c9
2025-04-17 06:37:59+00:00,WETH,1060.8722032187598,1890941.0499052461,0x7f9b6bb65c8f9105f46ec3b18cb31845c85b6e72
2025-04-17 06:37:59+00:00,WETH,1060.8722032187598,1890941.0499052461,0x7f9b6bb65c8f9105f46ec3b18cb31845c85b6e72
2025-04-17 06:40:23+00:00,WETH,1121.2865260571705,1998625.955505343,0x7f9b6bb65c8f9105f46ec3b18cb31845c85b6e72
2025-04-17 06:40:23+00:00,WETH,1121.2865260571705,1998625.955505343,0x7f9b6bb65c8f9105f46ec3b18cb31845c85b6e72
2025-04-17 06:41:11+00:00,WETH,0.002499997957866795,4.45609636002009,0xd01607c3c5ecaba394d8be377a08590149325722
2025-04-17 06:41:59+00:00,WETH,0.03000778970516857,53.48708468208066,0xd01607c3c5ecaba394d8be377a08590149325722
2025-04-17 06:43:47+00:00,WETH,8000.0,14259520.0,0x731b25b19a606122cfdaa659774a4022511875c9
2025-04-17 06:43:47+00:00,WETH,516.111588313276,919937.9394731157,0x731b25b19a606122cfdaa659774a4022511875c9
2025-04-17 06:43:47+00:00,WETH,8000.0,14259520.0,0x731b25b19a606122cfdaa659774a4022511875c9
2025-04-17 06:45:23+00:00,WETH,0.011000002674631113,19.60684476736948,0xd01607c3c5ecaba394d8be377a08590149325722
2025-04-17 06:49:35+00:00,WETH,0.014233517435432028,25.370390817611465,0xd01607c3c5ecaba394d8be377a08590149325722
2025-04-17 06:58:59+00:00,WETH,5.0,8912.2,0xd01607c3c5ecaba394d8be377a08590149325722
2025-04-17 06:59:11+00:00,WETH,31330.288580009008,55844359.57655126,0xaf92e072cb195e7549f18ed99e72800f9203c72d
2025-04-17 06:59:11+00:00,WETH,32351.70120695212,57664966.29931974,0xaf92e072cb195e7549f18ed99e72800f9203c72d
2025-04-17 06:59:59+00:00,WETH,0.009435628747416387,16.818442104544864,0x5141b82f5ffda4c6fe1e372978f1c5427640a190
2025-04-17 07:03:23+00:00,WETH,15.0,26736.600000000002,0xadc0a53095a0af87f3aa29fe0715b5c28016364e
2025-04-17 07:05:59+00:00,WETH,0.00963349055720148,17.171118908778205,0xd01607c3c5ecaba394d8be377a08590149325722
2025-04-17 07:15:47+00:00,WETH,0.008000004194330685,14.259527476142786,0xd01607c3c5ecaba394d8be377a08590149325722
2025-04-17 07:16:59+00:00,WETH,0.01200000638268886,21.38929137675993,0xd01607c3c5ecaba394d8be377a08590149325722
2025-04-17 07:19:11+00:00,WETH,10.0,17824.4,0xb4fbdbc8371a1a3ad3b92012c7a3cdad807b6641
2025-04-17 07:20:59+00:00,WETH,0.01100000760603793,19.60685355730625,0xd01607c3c5ecaba394d8be377a08590149325722
2025-04-17 07:21:47+00:00,WETH,0.009000006496667509,16.041971579920034,0xd01607c3c5ecaba394d8be377a08590149325722
2025-04-17 07:22:11+00:00,WETH,0.015000010599838761,26.7366188935766,0xd01607c3c5ecaba394d8be377a08590149325722
2025-04-17 07:22:23+00:00,WETH,0.007000004893403544,12.477088722198213,0xd01607c3c5ecaba394d8be377a08590149325722
2025-04-17 07:22:47+00:00,WETH,0.0008,1.425952,0xd01607c3c5ecaba394d8be377a08590149325722
2025-04-17 07:22:59+00:00,WETH,0.006000004057572973,10.69464723238037,0xd01607c3c5ecaba394d8be377a08590149325722
2025-04-17 07:23:11+00:00,WETH,0.012000008115145242,21.389294464759484,0xd01607c3c5ecaba394d8be377a08590149325722
2025-04-17 07:24:23+00:00,WETH,0.010500007978367632,18.715634220961604,0xd01607c3c5ecaba394d8be377a08590149325722
2025-04-17 07:29:59+00:00,WETH,0.1716301428888144,305.9204318907383,0x22a956c4755d8c4294b358dc346e74250e175622
2025-04-17 07:31:11+00:00,WETH,516.1340241716425,919977.9300445025,0x4bb41165a817628992ee40ea8e92f8800f143fbd
2025-04-17 07:31:11+00:00,WETH,511.21659844673144,911212.913735392,0xaf92e072cb195e7549f18ed99e72800f9203c72d
2025-04-17 07:33:35+00:00,WETH,511.2994512881273,911360.5939540096,0xaf92e072cb195e7549f18ed99e72800f9203c72d
2025-04-17 07:38:23+00:00,WETH,95.40649358214644,170056.3504205611,0xb7f764e44fc01c0b79ea4dee48d1d7664aeeb502
2025-04-17 07:38:47+00:00,WETH,0.20001025645481652,356.50628151532317,0xd01607c3c5ecaba394d8be377a08590149325722
2025-04-17 07:39:11+00:00,WETH,0.02,35.6488,0xd01607c3c5ecaba394d8be377a08590149325722
2025-04-17 07:40:59+00:00,WETH,511.89937912602886,912429.9293293989,0xaf92e072cb195e7549f18ed99e72800f9203c72d
2025-04-17 07:46:35+00:00,WETH,110.79668840655532,197488.44928338047,0x90759801579208b28d2d36d13b1ed7443d1b717f
2025-04-17 08:01:23+00:00,WETH,512.4568886783758,913423.6566558841,0xaf92e072cb195e7549f18ed99e72800f9203c72d
2025-04-17 08:06:35+00:00,WETH,516.4404276062787,920524.0757825355,0x4bb41165a817628992ee40ea8e92f8800f143fbd
2025-04-17 08:11:59+00:00,WETH,10.0,17824.4,0xd01607c3c5ecaba394d8be377a08590149325722
2025-04-17 08:12:23+00:00,WETH,3.0015,5349.99366,0xadc0a53095a0af87f3aa29fe0715b5c28016364e
2025-04-17 08:16:23+00:00,WETH,0.000253729734621864,0.4522580281793953,0x8bdd8f1151587e4a4717bcdf1c4e35a2ccef082d
2025-04-17 08:28:11+00:00,WETH,5.9984007577188985,10691.789446588473,0xd01607c3c5ecaba394d8be377a08590149325722
2025-04-17 08:30:59+00:00,WETH,0.1,178.24400000000003,0xd01607c3c5ecaba394d8be377a08590149325722
2025-04-17 08:31:11+00:00,WETH,6.7790918095338375,12083.324404985493,0xd01607c3c5ecaba394d8be377a08590149325722
2025-04-17 08:39:23+00:00,WETH,2.8310588069521048,5046.19245986371,0xd01607c3c5ecaba394d8be377a08590149325722
2025-04-17 08:44:23+00:00,WETH,0.005739999475245819,10.231204664657158,0xd01607c3c5ecaba394d8be377a08590149325722
2025-04-17 08:46:35+00:00,WETH,1000.5,1783331.22,0xadc0a53095a0af87f3aa29fe0715b5c28016364e
2025-04-17 08:49:11+00:00,WETH,1000.5,1783331.22,0xadc0a53095a0af87f3aa29fe0715b5c28016364e
2025-04-17 08:53:11+00:00,WETH,400.1769841742086,713291.4636714763,0xadc0a53095a0af87f3aa29fe0715b5c28016364e
2025-04-17 08:55:59+00:00,WETH,94.047,167633.13468,0xadc0a53095a0af87f3aa29fe0715b5c28016364e
2025-04-17 08:58:47+00:00,WETH,64.0,114076.16,0xadc0a53095a0af87f3aa29fe0715b5c28016364e
2025-04-17 09:02:23+00:00,WETH,896.4533024288295,1597874.2243812429,0x1f2f10d1c40777ae1da742455c65828ff36df387
2025-04-17 09:05:11+00:00,WETH,1.9900003181054975,3547.056167003963,0xd01607c3c5ecaba394d8be377a08590149325722
2025-04-17 09:06:59+00:00,WETH,16.0,28519.04,0xadc0a53095a0af87f3aa29fe0715b5c28016364e
2025-04-17 09:08:47+00:00,WETH,41.60275740392346,74154.41890704934,0x3bfe65f217df9ad7358698580aeb47f692241c48
2025-04-17 09:15:23+00:00,WETH,1.358097,2420.72641668,0x55877bd7f2ee37bde55ca4b271a3631f3a7ef121
2025-04-17 09:17:11+00:00,WETH,4.9995120285944115,8911.330220247823,0xd01607c3c5ecaba394d8be377a08590149325722
2025-04-17 09:21:47+00:00,WETH,516.7523782634715,921080.1091119422,0x731b25b19a606122cfdaa659774a4022511875c9
2025-04-17 09:26:11+00:00,WETH,0.012522237430019482,22.320136884763926,0xd01607c3c5ecaba394d8be377a08590149325722
2025-04-17 09:27:59+00:00,WETH,0.002000313815394795,3.565439357112299,0xd01607c3c5ecaba394d8be377a08590149325722
2025-04-17 09:34:35+00:00,WETH,37.0,65950.28,0x252231882fb38481497f3c767469106297c8d93b
2025-04-17 09:36:47+00:00,WETH,13.0,23171.72,0x252231882fb38481497f3c767469106297c8d93b
2025-04-17 09:40:35+00:00,WETH,0.002000000121800881,3.5648802171027625,0xd01607c3c5ecaba394d8be377a08590149325722
2025-04-17 09:40:59+00:00,WETH,594.8158558514148,1060223.5741037957,0xd01607c3c5ecaba394d8be377a08590149325722
2025-04-17 09:44:59+00:00,WETH,0.5,891.22,0xd01607c3c5ecaba394d8be377a08590149325722
2025-04-17 09:57:11+00:00,WETH,0.01721439543285028,30.683626995329654,0xd01607c3c5ecaba394d8be377a08590149325722
2025-04-17 09:58:35+00:00,WETH,1673.0695125262,2982146.0219072,0x7f9b6bb65c8f9105f46ec3b18cb31845c85b6e72
2025-04-17 09:58:35+00:00,WETH,1673.0695125262,2982146.0219072,0x7f9b6bb65c8f9105f46ec3b18cb31845c85b6e72
2025-04-17 10:03:35+00:00,WETH,0.02002599399743613,35.69513274079006,0x6d204af88f72b6abfc4bfc9305103d8144875ca8
2025-04-17 10:06:23+00:00,WETH,0.052030528183148225,92.74129465477073,0xadc0a53095a0af87f3aa29fe0715b5c28016364e
2025-04-17 10:10:35+00:00,WETH,28.77955501907041,51297.83004819186,0x0bfc9d54fc184518a81162f8fb99c2eaca081202
2025-04-17 10:14:11+00:00,WETH,50.00002856028463,89122.05090699374,0xd01607c3c5ecaba394d8be377a08590149325722
2025-04-17 10:15:23+00:00,WETH,0.17773494116350275,316.80186852747386,0xadc0a53095a0af87f3aa29fe0715b5c28016364e
2025-04-17 10:15:47+00:00,WETH,1736.6665842098598,3095503.9863590226,0x9f739b86d916bba4ed6323868ce0da252d9222a9
2025-04-17 10:15:47+00:00,WETH,1736.6665842098598,3095503.9863590226,0x9f739b86d916bba4ed6323868ce0da252d9222a9
2025-04-17 10:18:23+00:00,WETH,0.01642300752916045,29.273025540276755,0xd01607c3c5ecaba394d8be377a08590149325722
2025-04-17 10:26:35+00:00,WETH,0.15159138351927956,270.2025456401047,0xd01607c3c5ecaba394d8be377a08590149325722
2025-04-17 10:42:23+00:00,WETH,300.25196274227864,535181.1084703471,0xd01607c3c5ecaba394d8be377a08590149325722
2025-04-17 10:52:11+00:00,WETH,96.04925025290325,171202.02562078487,0x90759801579208b28d2d36d13b1ed7443d1b717f
2025-04-17 10:56:47+00:00,WETH,0.19924062157141645,355.13445351375555,0xd01607c3c5ecaba394d8be377a08590149325722
2025-04-17 11:04:23+00:00,WETH,12.598412664728388,22455.91467011847,0xd01607c3c5ecaba394d8be377a08590149325722
2025-04-17 11:15:47+00:00,WETH,34.34308939792726,61214.49626644146,0x1f2f10d1c40777ae1da742455c65828ff36df387
2025-04-17 11:32:11+00:00,WETH,7.0,12477.08,0xd01607c3c5ecaba394d8be377a08590149325722
2025-04-17 11:35:47+00:00,WETH,0.009467834482282365,16.875846894599377,0xd01607c3c5ecaba394d8be377a08590149325722
2025-04-17 11:38:59+00:00,WETH,0.860006544499371,1532.9100651774588,0xd01607c3c5ecaba394d8be377a08590149325722
2025-04-17 11:51:59+00:00,WETH,513.1396989910817,914640.7250696636,0xaf92e072cb195e7549f18ed99e72800f9203c72d
2025-04-17 12:00:35+00:00,WETH,103.06443404166949,183706.16981323337,0xd01607c3c5ecaba394d8be377a08590149325722
2025-04-17 12:03:59+00:00,WETH,0.002954341607277007,5.265936654474828,0x5141b82f5ffda4c6fe1e372978f1c5427640a190
2025-04-17 12:05:23+00:00,WETH,513.2303771447827,914802.3534379464,0xaf92e072cb195e7549f18ed99e72800f9203c72d
2025-04-17 12:10:11+00:00,WETH,2.9004065898065563,5169.800721934798,0xd01607c3c5ecaba394d8be377a08590149325722
2025-04-17 12:11:59+00:00,WETH,3.14,5596.8616,0xd01607c3c5ecaba394d8be377a08590149325722
2025-04-17 12:11:59+00:00,WETH,26.527080309519075,47282.92902689918,0xb7f764e44fc01c0b79ea4dee48d1d7664aeeb502
2025-04-17 12:15:47+00:00,WETH,0.023414445170090517,41.734843648976145,0xd01607c3c5ecaba394d8be377a08590149325722
2025-04-17 12:16:47+00:00,WETH,382.6350116891072,682023.9502351322,0x3bfe65f217df9ad7358698580aeb47f692241c48
2025-04-17 12:16:59+00:00,WETH,516.7638053433317,921100.4771961682,0x4bb41165a817628992ee40ea8e92f8800f143fbd
2025-04-17 12:29:35+00:00,WETH,1000.5,1783331.22,0xadc0a53095a0af87f3aa29fe0715b5c28016364e
2025-04-17 12:32:47+00:00,WETH,0.016242072333583504,28.950519410272584,0xd01607c3c5ecaba394d8be377a08590149325722
2025-04-17 12:38:23+00:00,WETH,0.62,1105.1128,0xd01607c3c5ecaba394d8be377a08590149325722
2025-04-17 12:40:35+00:00,WETH,1.9617343401853418,3496.6737573199607,0xd01607c3c5ecaba394d8be377a08590149325722
2025-04-17 12:52:11+00:00,WETH,0.001551792176765013,2.76597644755303,0xd01607c3c5ecaba394d8be377a08590149325722
2025-04-17 12:54:23+00:00,WETH,61.52,109655.70880000001,0x41b2c7e511b7b0a9b8f782a24db05ecffa4e76c2
2025-04-17 12:56:11+00:00,WETH,513.2723385639575,914877.1471499405,0xaf92e072cb195e7549f18ed99e72800f9203c72d
2025-04-17 12:57:59+00:00,WETH,31228.22905975293,55662444.60526602,0xaf92e072cb195e7549f18ed99e72800f9203c72d
2025-04-17 12:57:59+00:00,WETH,1356.5408948335178,2417952.7525870553,0xaf92e072cb195e7549f18ed99e72800f9203c72d
2025-04-17 12:59:47+00:00,WETH,0.49,873.3956000000001,0xd01607c3c5ecaba394d8be377a08590149325722
2025-04-17 13:00:59+00:00,WETH,10.0,17824.4,0xd01607c3c5ecaba394d8be377a08590149325722
2025-04-17 13:04:11+00:00,WETH,100.0,178244.0,0x41b2c7e511b7b0a9b8f782a24db05ecffa4e76c2
2025-04-17 13:08:23+00:00,WETH,0.4282779519128248,763.3797526074954,0x35bb522b102326ea3f1141661df4626c87000e3e
2025-04-17 13:09:59+00:00,WETH,220.84176722450496,393637.19957164663,0xb7f764e44fc01c0b79ea4dee48d1d7664aeeb502
2025-04-17 13:10:11+00:00,WETH,1657.0355487970116,2953566.4435977456,0x7f9b6bb65c8f9105f46ec3b18cb31845c85b6e72
2025-04-17 13:10:11+00:00,WETH,1657.0355487970116,2953566.4435977456,0x7f9b6bb65c8f9105f46ec3b18cb31845c85b6e72
2025-04-17 13:11:59+00:00,WETH,0.422763400008471,753.5503947110991,0xd01607c3c5ecaba394d8be377a08590149325722
2025-04-17 13:23:11+00:00,WETH,513.8895504315991,915977.2902712995,0xaf92e072cb195e7549f18ed99e72800f9203c72d
2025-04-17 13:31:23+00:00,WETH,593.0,1056986.92,0x252231882fb38481497f3c767469106297c8d93b
2025-04-17 13:32:23+00:00,WETH,20.0,35648.8,0xd01607c3c5ecaba394d8be377a08590149325722
2025-04-17 13:33:11+00:00,WETH,593.0,1056986.92,0x252231882fb38481497f3c767469106297c8d93b
2025-04-17 13:34:35+00:00,WETH,513.9337170415554,916056.01460355,0xaf92e072cb195e7549f18ed99e72800f9203c72d
2025-04-17 13:37:11+00:00,WETH,0.0063,11.229372,0xadc0a53095a0af87f3aa29fe0715b5c28016364e
2025-04-17 13:41:47+00:00,WETH,39.0,69515.16,0x252231882fb38481497f3c767469106297c8d93b
2025-04-17 13:44:23+00:00,WETH,100.0,178244.0,0x41b2c7e511b7b0a9b8f782a24db05ecffa4e76c2
2025-04-17 13:46:35+00:00,WETH,38.0,67732.72,0x252231882fb38481497f3c767469106297c8d93b
2025-04-17 13:50:23+00:00,WETH,39.0,69515.16,0x252231882fb38481497f3c767469106297c8d93b
2025-04-17 13:56:35+00:00,WETH,200.1355066068274,356729.53239627345,0xd01607c3c5ecaba394d8be377a08590149325722
2025-04-17 13:57:35+00:00,WETH,3.447724334706256,6145.361763153819,0xadc0a53095a0af87f3aa29fe0715b5c28016364e
2025-04-17 14:08:47+00:00,WETH,30.0,53473.200000000004,0xd01607c3c5ecaba394d8be377a08590149325722
2025-04-17 14:16:11+00:00,WETH,0.009706045065221588,17.30044296605357,0x3736817a80730cfab88cf41e00661a156edad4ec
2025-04-17 14:17:23+00:00,WETH,15.0,26736.600000000002,0xd01607c3c5ecaba394d8be377a08590149325722
2025-04-17 14:20:59+00:00,WETH,1.5108330402226506,2692.9692442144615,0xd01607c3c5ecaba394d8be377a08590149325722
2025-04-17 14:31:59+00:00,WETH,4.523922751706562,8063.620869551844,0x3bfe65f217df9ad7358698580aeb47f692241c48
2025-04-17 14:32:47+00:00,WETH,8000.0,14259520.0,0x731b25b19a606122cfdaa659774a4022511875c9
2025-04-17 14:32:47+00:00,WETH,8000.0,14259520.0,0x731b25b19a606122cfdaa659774a4022511875c9
2025-04-17 14:32:47+00:00,WETH,517.1111425251162,921719.5848824681,0x731b25b19a606122cfdaa659774a4022511875c9
2025-04-17 14:33:59+00:00,WETH,44.16191863800926,78715.97025713323,0xd01607c3c5ecaba394d8be377a08590149325722
2025-04-17 14:34:47+00:00,WETH,4.9293844197234975,8786.331965091951,0x3bfe65f217df9ad7358698580aeb47f692241c48
2025-04-17 14:37:35+00:00,WETH,6.974328654661117,12431.322367214161,0x3bfe65f217df9ad7358698580aeb47f692241c48
2025-04-17 14:38:11+00:00,WETH,1.1960900106362213,2131.9586785584265,0xb7f764e44fc01c0b79ea4dee48d1d7664aeeb502
2025-04-17 14:38:35+00:00,WETH,10.0,17824.4,0xd01607c3c5ecaba394d8be377a08590149325722
2025-04-17 14:41:35+00:00,WETH,13.0,23171.72,0x78f8bd884c3d738b74b420540659c82f392820e0
2025-04-17 14:42:11+00:00,WETH,1.0,1782.44,0xadc0a53095a0af87f3aa29fe0715b5c28016364e
2025-04-17 14:44:59+00:00,WETH,1582.368395190254,2820476.7223229166,0x7f9b6bb65c8f9105f46ec3b18cb31845c85b6e72
2025-04-17 14:44:59+00:00,WETH,1582.368395190254,2820476.7223229166,0x7f9b6bb65c8f9105f46ec3b18cb31845c85b6e72
2025-04-17 14:47:47+00:00,WETH,40.0,71297.6,0xd01607c3c5ecaba394d8be377a08590149325722
2025-04-17 14:58:59+00:00,WETH,8000.0,14259520.0,0x731b25b19a606122cfdaa659774a4022511875c9
2025-04-17 14:58:59+00:00,WETH,517.1156987115634,921727.7060114391,0x731b25b19a606122cfdaa659774a4022511875c9
2025-04-17 14:58:59+00:00,WETH,8000.0,14259520.0,0x731b25b19a606122cfdaa659774a4022511875c9
2025-04-17 15:04:35+00:00,WETH,1.949870119928651,3475.5264965656247,0xadc0a53095a0af87f3aa29fe0715b5c28016364e
2025-04-17 15:05:11+00:00,WETH,8000.0,14259520.0,0x731b25b19a606122cfdaa659774a4022511875c9
2025-04-17 15:05:11+00:00,WETH,517.1362040986095,921764.2556335256,0x731b25b19a606122cfdaa659774a4022511875c9
2025-04-17 15:05:11+00:00,WETH,8000.0,14259520.0,0x731b25b19a606122cfdaa659774a4022511875c9
2025-04-17 15:06:23+00:00,WETH,0.04411041335135821,78.62416517399492,0xa70356582280bd372e386691da2c5ab11abaf00c
2025-04-17 15:10:23+00:00,WETH,0.003795033159838778,6.764418905423032,0xd01607c3c5ecaba394d8be377a08590149325722
2025-04-17 15:11:47+00:00,WETH,17.023056,30342.57593664,0xd01607c3c5ecaba394d8be377a08590149325722
2025-04-17 15:40:11+00:00,WETH,1.378338022274858,2456.804824423598,0xadc0a53095a0af87f3aa29fe0715b5c28016364e
2025-04-17 15:49:11+00:00,WETH,8000.0,14259520.0,0x731b25b19a606122cfdaa659774a4022511875c9
2025-04-17 15:49:11+00:00,WETH,8000.0,14259520.0,0x731b25b19a606122cfdaa659774a4022511875c9
2025-04-17 15:49:11+00:00,WETH,517.1468814645433,921783.2873976605,0x731b25b19a606122cfdaa659774a4022511875c9
2025-04-17 15:57:35+00:00,WETH,0.05015901548322868,89.40543555792613,0xd01607c3c5ecaba394d8be377a08590149325722
2025-04-17 15:58:47+00:00,WETH,3.0525558744377426,5440.99769283281,0xb03feb49877a85925f15b42388f22512976ed54d
2025-04-17 16:15:35+00:00,WETH,0.07,124.77080000000002,0xadc0a53095a0af87f3aa29fe0715b5c28016364e
2025-04-17 16:15:47+00:00,WETH,1.0,1782.44,0xd01607c3c5ecaba394d8be377a08590149325722
2025-04-17 16:18:11+00:00,WETH,1382.87995394938,2464900.545117533,0x9f739b86d916bba4ed6323868ce0da252d9222a9
2025-04-17 16:18:11+00:00,WETH,1382.87995394938,2464900.545117533,0x9f739b86d916bba4ed6323868ce0da252d9222a9
2025-04-17 16:22:11+00:00,WETH,47.994621449613014,85547.53305664823,0x90759801579208b28d2d36d13b1ed7443d1b717f
2025-04-17 16:23:59+00:00,WETH,0.65,1158.586,0xadc0a53095a0af87f3aa29fe0715b5c28016364e
2025-04-17 16:28:59+00:00,WETH,0.9111445117543676,1624.0604235314552,0xadc0a53095a0af87f3aa29fe0715b5c28016364e
2025-04-17 16:30:47+00:00,WETH,1378.388873407345,2456895.4635161883,0x9f739b86d916bba4ed6323868ce0da252d9222a9
2025-04-17 16:30:47+00:00,WETH,1378.388873407345,2456895.4635161883,0x9f739b86d916bba4ed6323868ce0da252d9222a9
2025-04-17 16:35:23+00:00,WETH,0.6944225094371753,1237.7664577211988,0x22a956c4755d8c4294b358dc346e74250e175622
2025-04-17 16:38:35+00:00,WETH,10.0,17824.4,0xd01607c3c5ecaba394d8be377a08590149325722
2025-04-17 16:40:11+00:00,WETH,1.0,1782.44,0xd01607c3c5ecaba394d8be377a08590149325722
2025-04-17 16:40:59+00:00,WETH,541.9806182701467,966047.9332294404,0x3bfe65f217df9ad7358698580aeb47f692241c48
2025-04-17 16:46:35+00:00,WETH,20.01,35666.6244,0xadc0a53095a0af87f3aa29fe0715b5c28016364e
2025-04-17 16:48:35+00:00,WETH,5.0025,8916.6561,0xadc0a53095a0af87f3aa29fe0715b5c28016364e
2025-04-17 16:49:59+00:00,WETH,4.953148628508903,8828.69024139941,0xd01607c3c5ecaba394d8be377a08590149325722
2025-04-17 16:51:23+00:00,WETH,0.003100913997150868,5.5271931450815925,0x5141b82f5ffda4c6fe1e372978f1c5427640a190
2025-04-17 17:08:35+00:00,WETH,14.987526753964717,26714.367187336873,0xadc0a53095a0af87f3aa29fe0715b5c28016364e
2025-04-17 17:09:11+00:00,WETH,30.015,53499.9366,0xadc0a53095a0af87f3aa29fe0715b5c28016364e
2025-04-17 17:10:59+00:00,WETH,20.0,35648.8,0xd01607c3c5ecaba394d8be377a08590149325722
2025-04-17 17:11:59+00:00,WETH,0.024503680453953552,43.67634018834497,0xcf7984e43419f6fe2ae99a6551a68d3933df8350
2025-04-17 17:12:35+00:00,WETH,8000.0,14259520.0,0x731b25b19a606122cfdaa659774a4022511875c9
2025-04-17 17:12:35+00:00,WETH,517.184666743041,921850.637389466,0x731b25b19a606122cfdaa659774a4022511875c9
2025-04-17 17:12:35+00:00,WETH,8000.0,14259520.0,0x731b25b19a606122cfdaa659774a4022511875c9
2025-04-17 17:13:11+00:00,WETH,0.9928927910072367,1769.771826402939,0xd01607c3c5ecaba394d8be377a08590149325722
2025-04-17 17:13:47+00:00,WETH,0.006031979509300439,10.751641556557475,0xd01607c3c5ecaba394d8be377a08590149325722
2025-04-17 17:14:23+00:00,WETH,10.0,17824.4,0xadc0a53095a0af87f3aa29fe0715b5c28016364e
2025-04-17 17:14:23+00:00,WETH,8.96950984664594,15987.613131055588,0xd01607c3c5ecaba394d8be377a08590149325722
2025-04-17 17:16:23+00:00,WETH,0.002496622398426806,4.450079627851876,0xd01607c3c5ecaba394d8be377a08590149325722
2025-04-17 17:16:59+00:00,WETH,0.015015980835805196,26.765084880972616,0xd01607c3c5ecaba394d8be377a08590149325722
2025-04-17 17:22:23+00:00,WETH,84.35792328776125,150362.93678503716,0xadc0a53095a0af87f3aa29fe0715b5c28016364e
2025-04-17 17:30:59+00:00,WETH,1.0,1782.44,0xd01607c3c5ecaba394d8be377a08590149325722
2025-04-17 17:38:23+00:00,WETH,10.005,17833.3122,0xadc0a53095a0af87f3aa29fe0715b5c28016364e
2025-04-17 17:46:23+00:00,WETH,0.005606075251830889,9.992492771873449,0xb1ddecba5ee0caba1bbae6f2f2a161f2a2ef9bf8
2025-04-17 17:53:35+00:00,WETH,24.73781663127745,44093.67387625418,0x35bb522b102326ea3f1141661df4626c87000e3e
2025-04-17 17:56:59+00:00,WETH,0.02890023002789092,51.512926010913894,0xd01607c3c5ecaba394d8be377a08590149325722
2025-04-17 17:58:11+00:00,WETH,0.005,8.9122,0xd01607c3c5ecaba394d8be377a08590149325722
2025-04-17 17:58:23+00:00,WETH,51.195378951284354,91252.69125792729,0xd01607c3c5ecaba394d8be377a08590149325722
2025-04-17 18:00:23+00:00,WETH,95.61251737815509,170423.57547551877,0xb7f764e44fc01c0b79ea4dee48d1d7664aeeb502
2025-04-17 18:06:59+00:00,WETH,0.015000014073273896,26.736625084766324,0xd01607c3c5ecaba394d8be377a08590149325722
2025-04-17 18:08:35+00:00,WETH,0.04000019521056422,71.29794795111809,0xd01607c3c5ecaba394d8be377a08590149325722
2025-04-17 18:09:11+00:00,WETH,0.17679671095214725,315.12952946954533,0x22a956c4755d8c4294b358dc346e74250e175622
2025-04-17 18:09:47+00:00,WETH,20.01,35666.6244,0xadc0a53095a0af87f3aa29fe0715b5c28016364e
2025-04-17 18:14:47+00:00,WETH,8000.0,14259520.0,0x731b25b19a606122cfdaa659774a4022511875c9
2025-04-17 18:14:47+00:00,WETH,517.3333523816007,922115.6606190603,0x731b25b19a606122cfdaa659774a4022511875c9
2025-04-17 18:14:47+00:00,WETH,8000.0,14259520.0,0x731b25b19a606122cfdaa659774a4022511875c9
2025-04-17 18:22:23+00:00,WETH,8000.0,14259520.0,0x731b25b19a606122cfdaa659774a4022511875c9
2025-04-17 18:22:23+00:00,WETH,517.420306523697,922270.6511600986,0x731b25b19a606122cfdaa659774a4022511875c9
2025-04-17 18:22:23+00:00,WETH,8000.0,14259520.0,0x731b25b19a606122cfdaa659774a4022511875c9
2025-04-17 18:23:11+00:00,WETH,8000.0,14259520.0,0x731b25b19a606122cfdaa659774a4022511875c9
2025-04-17 18:23:11+00:00,WETH,517.4608205805368,922342.8650355721,0x731b25b19a606122cfdaa659774a4022511875c9
2025-04-17 18:23:11+00:00,WETH,8000.0,14259520.0,0x731b25b19a606122cfdaa659774a4022511875c9
2025-04-17 18:24:23+00:00,WETH,1.5170263839108091,2704.0085077379827,0x3bfe65f217df9ad7358698580aeb47f692241c48
2025-04-17 18:26:59+00:00,WETH,787.8665567416211,1404324.8653985353,0x7f9b6bb65c8f9105f46ec3b18cb31845c85b6e72
2025-04-17 18:26:59+00:00,WETH,787.8665567416211,1404324.8653985353,0x7f9b6bb65c8f9105f46ec3b18cb31845c85b6e72
2025-04-17 18:27:11+00:00,WETH,8000.0,14259520.0,0x731b25b19a606122cfdaa659774a4022511875c9
2025-04-17 18:27:11+00:00,WETH,517.502080519044,922416.4084003647,0x731b25b19a606122cfdaa659774a4022511875c9
2025-04-17 18:27:11+00:00,WETH,8000.0,14259520.0,0x731b25b19a606122cfdaa659774a4022511875c9
2025-04-17 18:28:47+00:00,WETH,3.988626831832278,7109.488010131126,0x90759801579208b28d2d36d13b1ed7443d1b717f
2025-04-17 18:31:11+00:00,WETH,8000.0,14259520.0,0x731b25b19a606122cfdaa659774a4022511875c9
2025-04-17 18:31:11+00:00,WETH,517.5454016987985,922493.6258040065,0x731b25b19a606122cfdaa659774a4022511875c9
2025-04-17 18:31:11+00:00,WETH,8000.0,14259520.0,0x731b25b19a606122cfdaa659774a4022511875c9
2025-04-17 18:43:23+00:00,WETH,0.15,267.366,0x9008d19f58aabd9ed0d60971565aa8510560ab41
2025-04-17 18:44:59+00:00,WETH,5.0,8912.2,0xadc0a53095a0af87f3aa29fe0715b5c28016364e
2025-04-17 18:46:11+00:00,WETH,514.1396796035622,916423.1305125734,0xaf92e072cb195e7549f18ed99e72800f9203c72d
2025-04-17 18:51:35+00:00,WETH,0.21889029706423405,390.15882109917334,0x35bb522b102326ea3f1141661df4626c87000e3e
2025-04-17 18:55:59+00:00,WETH,514.2024561869308,916535.026005833,0xaf92e072cb195e7549f18ed99e72800f9203c72d
2025-04-17 18:58:59+00:00,WETH,517.5960849143305,922583.9655946993,0x731b25b19a606122cfdaa659774a4022511875c9
2025-04-17 19:00:47+00:00,WETH,4.636691644246379,8264.624654370517,0xadc0a53095a0af87f3aa29fe0715b5c28016364e
2025-04-17 19:01:11+00:00,WETH,514.213014919761,916553.8463135789,0xaf92e072cb195e7549f18ed99e72800f9203c72d
2025-04-17 19:01:23+00:00,WETH,24999.999999999996,44560999.99999999,0x731b25b19a606122cfdaa659774a4022511875c9
2025-04-17 19:01:23+00:00,WETH,517.6312239855047,922646.598880723,0x731b25b19a606122cfdaa659774a4022511875c9
2025-04-17 19:01:23+00:00,WETH,24999.999999999996,44560999.99999999,0x731b25b19a606122cfdaa659774a4022511875c9
2025-04-17 19:09:23+00:00,WETH,0.06003,106.99987320000001,0xadc0a53095a0af87f3aa29fe0715b5c28016364e
2025-04-17 19:14:59+00:00,WETH,21.757918002487354,38782.183364353565,0x5f9b7cb081694f6fd248ba482889fedd00a5e8aa
2025-04-17 19:20:59+00:00,WETH,30.015,53499.9366,0xadc0a53095a0af87f3aa29fe0715b5c28016364e
2025-04-17 19:26:11+00:00,WETH,95.0475,169416.4659,0xadc0a53095a0af87f3aa29fe0715b5c28016364e
2025-04-17 19:28:11+00:00,WETH,517.7003610263109,922769.8315077376,0x731b25b19a606122cfdaa659774a4022511875c9
2025-04-17 19:28:11+00:00,WETH,100.05,178333.122,0xadc0a53095a0af87f3aa29fe0715b5c28016364e
2025-04-17 19:34:23+00:00,WETH,517.7142033682354,922794.5046516776,0x731b25b19a606122cfdaa659774a4022511875c9
2025-04-17 19:39:23+00:00,WETH,514.2699663441979,916655.358810552,0xaf92e072cb195e7549f18ed99e72800f9203c72d
2025-04-17 19:41:35+00:00,WETH,0.010004838647383453,17.83302459864216,0xd01607c3c5ecaba394d8be377a08590149325722
2025-04-17 19:45:47+00:00,WETH,15.0,26736.600000000002,0xadc0a53095a0af87f3aa29fe0715b5c28016364e
2025-04-17 19:46:11+00:00,WETH,585.3620333591418,1043372.7027406688,0xd01607c3c5ecaba394d8be377a08590149325722
2025-04-17 19:50:47+00:00,WETH,1.0045830775866755,1790.609060813594,0xd01607c3c5ecaba394d8be377a08590149325722
2025-04-17 19:52:11+00:00,WETH,0.3166480708858475,564.4061874697701,0x35bb522b102326ea3f1141661df4626c87000e3e
2025-04-17 19:53:47+00:00,WETH,514.2771831448515,916668.2223247092,0xaf92e072cb195e7549f18ed99e72800f9203c72d
2025-04-17 19:55:35+00:00,WETH,0.35,623.8539999999999,0xd01607c3c5ecaba394d8be377a08590149325722
2025-04-17 19:59:23+00:00,WETH,514.297701180346,916704.794491896,0xaf92e072cb195e7549f18ed99e72800f9203c72d
2025-04-17 20:00:47+00:00,WETH,148.71910154427454,265082.8753565767,0x9a2a180a74794c7ffda4488d328b88fee6a0b6d5
2025-04-17 20:07:11+00:00,WETH,514.3151351485774,916735.8694942303,0xaf92e072cb195e7549f18ed99e72800f9203c72d
2025-04-17 20:07:35+00:00,WETH,514.5419233273523,917140.1058156058,0xaf92e072cb195e7549f18ed99e72800f9203c72d
2025-04-17 20:07:35+00:00,WETH,0.3323542721680751,592.4015488832638,0xd01607c3c5ecaba394d8be377a08590149325722
2025-04-17 20:08:35+00:00,WETH,0.5,891.22,0xadc0a53095a0af87f3aa29fe0715b5c28016364e
2025-04-17 20:16:23+00:00,WETH,517.7180026629826,922801.2766666068,0x4bb41165a817628992ee40ea8e92f8800f143fbd
2025-04-17 20:34:23+00:00,WETH,514.5533801350502,917160.5268879189,0xaf92e072cb195e7549f18ed99e72800f9203c72d
2025-04-17 20:57:11+00:00,WETH,514.6085902555568,917258.9356151148,0xaf92e072cb195e7549f18ed99e72800f9203c72d
2025-04-17 21:03:11+00:00,WETH,8494.286097256881,15140555.311194556,0xaf92e072cb195e7549f18ed99e72800f9203c72d
2025-04-17 21:03:11+00:00,WETH,1505.713902743119,2683844.688805445,0xaf92e072cb195e7549f18ed99e72800f9203c72d
2025-04-17 21:06:23+00:00,WETH,0.0442687323715982,78.9063593284315,0xa70356582280bd372e386691da2c5ab11abaf00c
2025-04-17 21:15:47+00:00,WETH,0.03847093254388487,68.57212900352215,0xd01607c3c5ecaba394d8be377a08590149325722
2025-04-17 21:19:47+00:00,WETH,4.37000038256533,7789.263481899747,0xd01607c3c5ecaba394d8be377a08590149325722
2025-04-17 21:27:59+00:00,WETH,6.009318902532334,10711.250384629733,0x35bb522b102326ea3f1141661df4626c87000e3e
2025-04-17 21:28:23+00:00,WETH,0.24022200818022477,428.18131626075984,0xd01607c3c5ecaba394d8be377a08590149325722
2025-04-17 21:29:11+00:00,WETH,14.278343187972615,25450.290031969907,0xd01607c3c5ecaba394d8be377a08590149325722
2025-04-17 21:41:59+00:00,WETH,0.005714925197168212,10.186511268440508,0x35bb522b102326ea3f1141661df4626c87000e3e
2025-04-17 22:00:35+00:00,WETH,514.7125142076382,917444.1738242626,0xaf92e072cb195e7549f18ed99e72800f9203c72d
2025-04-17 22:30:47+00:00,WETH,2308.783917095124,4115268.8051870326,0x3bfe65f217df9ad7358698580aeb47f692241c48
2025-04-17 22:30:47+00:00,WETH,2996.5008576363557,5341082.988685346,0x3bfe65f217df9ad7358698580aeb47f692241c48
2025-04-17 22:37:59+00:00,WETH,0.01,17.8244,0x148b1d41480d5b9479094ab985bf5ea96822cba9
2025-04-17 22:39:11+00:00,WETH,913.8997324206679,1628971.4390558952,0x9f739b86d916bba4ed6323868ce0da252d9222a9
2025-04-17 22:39:11+00:00,WETH,913.8997324206679,1628971.4390558952,0x9f739b86d916bba4ed6323868ce0da252d9222a9
2025-04-17 22:41:47+00:00,WETH,0.021549407752293245,38.410526353997575,0xd01607c3c5ecaba394d8be377a08590149325722
2025-04-17 22:42:23+00:00,WETH,0.3153852371510894,562.1552621075878,0x35bb522b102326ea3f1141661df4626c87000e3e
2025-04-17 22:54:59+00:00,WETH,95.7207760552906,170616.54007199217,0xb7f764e44fc01c0b79ea4dee48d1d7664aeeb502
2025-04-17 22:56:11+00:00,WETH,12.5,22280.5,0x04010c1756bec12ff09c7bca3b9f9bbfd434e1c5
2025-04-17 22:56:11+00:00,WETH,4.0,7129.76,0xd01607c3c5ecaba394d8be377a08590149325722
2025-04-17 23:01:35+00:00,WETH,243.90451642088306,434745.1662492388,0x1f2f10d1c40777ae1da742455c65828ff36df387
2025-04-17 23:16:59+00:00,WETH,1.0,1782.44,0xd01607c3c5ecaba394d8be377a08590149325722
2025-04-17 23:20:59+00:00,WETH,514.85096589888,917690.9556567996,0xaf92e072cb195e7549f18ed99e72800f9203c72d
2025-04-17 23:31:23+00:00,WETH,10.0,17824.4,0x94e96e1b9b8c7ecf8ddb37a379e6bbeffa057c93
2025-04-17 23:42:11+00:00,WETH,250.0,445610.0,0xd01607c3c5ecaba394d8be377a08590149325722
2025-04-17 23:46:59+00:00,WETH,400.0,712976.0,0xd01607c3c5ecaba394d8be377a08590149325722
2025-04-17 23:52:59+00:00,WETH,0.14039843450493553,250.25178559897728,0xd01607c3c5ecaba394d8be377a08590149325722
2025-04-18 00:09:47+00:00,WETH,500.0,891220.0,0xd01607c3c5ecaba394d8be377a08590149325722
2025-04-18 00:12:35+00:00,WETH,350.0,623854.0,0xd01607c3c5ecaba394d8be377a08590149325722
2025-04-18 00:14:59+00:00,WETH,701.5146138497079,1250407.7083102732,0xd01607c3c5ecaba394d8be377a08590149325722
2025-04-18 00:22:59+00:00,WETH,403.17891702070295,718642.2288543818,0xb7f764e44fc01c0b79ea4dee48d1d7664aeeb502
2025-04-18 00:26:11+00:00,WETH,12.142472191945998,21643.228133812227,0x997d1c9f17e685f28fff1deb758453945c42ed64
2025-04-18 00:27:59+00:00,WETH,147.28506394271457,262526.7893740522,0xaf92e072cb195e7549f18ed99e72800f9203c72d
2025-04-18 00:27:59+00:00,WETH,1029.937179779401,1835801.2267259958,0xaf92e072cb195e7549f18ed99e72800f9203c72d
2025-04-18 00:28:23+00:00,WETH,19.43455375541928,34640.92599580954,0x997d1c9f17e685f28fff1deb758453945c42ed64
2025-04-18 00:35:47+00:00,WETH,17.740081173079524,31620.630286143867,0x997d1c9f17e685f28fff1deb758453945c42ed64
2025-04-18 00:45:11+00:00,WETH,515.0004339068078,917957.3734128504,0xaf92e072cb195e7549f18ed99e72800f9203c72d
2025-04-18 00:48:11+00:00,WETH,517.7276526280268,922818.4771503002,0x731b25b19a606122cfdaa659774a4022511875c9
2025-04-18 00:48:11+00:00,WETH,32.36,57679.7584,0xd01607c3c5ecaba394d8be377a08590149325722
2025-04-18 00:56:59+00:00,WETH,33.79694807517637,60241.03212711737,0xadc0a53095a0af87f3aa29fe0715b5c28016364e
2025-04-18 01:34:11+00:00,WETH,0.009259279791257275,16.50411067112862,0x5141b82f5ffda4c6fe1e372978f1c5427640a190
2025-04-18 01:34:35+00:00,WETH,1.0,1782.44,0xd01607c3c5ecaba394d8be377a08590149325722
2025-04-18 01:36:11+00:00,WETH,517.7817375622857,922914.8803005206,0x731b25b19a606122cfdaa659774a4022511875c9
2025-04-18 01:39:11+00:00,WETH,517.8224911790958,922987.5211772675,0x731b25b19a606122cfdaa659774a4022511875c9
2025-04-18 01:45:47+00:00,WETH,0.020015764446248824,35.676899179571755,0xd01607c3c5ecaba394d8be377a08590149325722
2025-04-18 01:45:47+00:00,WETH,0.0068,12.120592,0xadc0a53095a0af87f3aa29fe0715b5c28016364e
2025-04-18 02:07:35+00:00,WETH,15.0,26736.600000000002,0xd01607c3c5ecaba394d8be377a08590149325722
2025-04-18 02:07:59+00:00,WETH,33.6399077470572,59961.11716466464,0xadc0a53095a0af87f3aa29fe0715b5c28016364e
2025-04-18 02:11:23+00:00,WETH,10.0,17824.4,0xd01607c3c5ecaba394d8be377a08590149325722
2025-04-18 02:21:47+00:00,WETH,28.00236554589251,49912.536443620644,0xd01607c3c5ecaba394d8be377a08590149325722
2025-04-18 02:22:59+00:00,WETH,0.10074932225553009,179.57962196114704,0x78f8bd884c3d738b74b420540659c82f392820e0
2025-04-18 02:26:23+00:00,WETH,0.02,35.6488,0xd01607c3c5ecaba394d8be377a08590149325722
2025-04-18 02:35:23+00:00,WETH,2.7,4812.588000000001,0xd01607c3c5ecaba394d8be377a08590149325722
2025-04-18 02:39:23+00:00,WETH,25.0,44561.0,0x3b15cec2d922ab0ef74688bcc1056461049f89cb
2025-04-18 02:54:23+00:00,WETH,245.5901696469986,437749.7419855962,0x3bfe65f217df9ad7358698580aeb47f692241c48
2025-04-18 02:58:35+00:00,WETH,33.50379329294929,59718.501317084534,0xadc0a53095a0af87f3aa29fe0715b5c28016364e
2025-04-18 03:04:47+00:00,WETH,946.0328,1686246.704032,0xd01607c3c5ecaba394d8be377a08590149325722
2025-04-18 03:06:23+00:00,WETH,3.0,5347.32,0xd01607c3c5ecaba394d8be377a08590149325722
2025-04-18 03:14:47+00:00,WETH,0.00800000643422022,14.259531468611488,0xd01607c3c5ecaba394d8be377a08590149325722
2025-04-18 03:14:59+00:00,WETH,0.4,712.9760000000001,0xd01607c3c5ecaba394d8be377a08590149325722
2025-04-18 03:17:11+00:00,WETH,1.0005,1783.33122,0xadc0a53095a0af87f3aa29fe0715b5c28016364e
2025-04-18 03:20:23+00:00,WETH,0.01,17.8244,0xd01607c3c5ecaba394d8be377a08590149325722
2025-04-18 03:31:23+00:00,WETH,517.8641356671325,923061.7499785236,0x4bb41165a817628992ee40ea8e92f8800f143fbd
2025-04-18 03:35:59+00:00,WETH,8000.0,14259520.0,0x4bb41165a817628992ee40ea8e92f8800f143fbd
2025-04-18 03:35:59+00:00,WETH,517.8693558460092,923071.0546341606,0x4bb41165a817628992ee40ea8e92f8800f143fbd
2025-04-18 03:35:59+00:00,WETH,8000.0,14259520.0,0x4bb41165a817628992ee40ea8e92f8800f143fbd
2025-04-18 03:40:11+00:00,WETH,0.8430305764807332,1502.6514207423181,0xd01607c3c5ecaba394d8be377a08590149325722
2025-04-18 03:47:35+00:00,WETH,517.9768703818943,923262.6928435037,0x731b25b19a606122cfdaa659774a4022511875c9
2025-04-18 03:53:59+00:00,WETH,517.9940144313027,923293.2510829313,0x731b25b19a606122cfdaa659774a4022511875c9
2025-04-18 03:54:47+00:00,WETH,0.021000001287064512,37.43124229411527,0xd01607c3c5ecaba394d8be377a08590149325722
2025-04-18 04:05:11+00:00,WETH,0.0200000010724334,35.64880191154819,0xd01607c3c5ecaba394d8be377a08590149325722
2025-04-18 04:05:11+00:00,WETH,0.09003289550691936,160.47823426735334,0xd01607c3c5ecaba394d8be377a08590149325722
2025-04-18 04:13:59+00:00,WETH,517.9955904245552,923296.0601963442,0x731b25b19a606122cfdaa659774a4022511875c9
2025-04-18 04:18:35+00:00,WETH,194.12192251444898,346010.67956665443,0x78f8bd884c3d738b74b420540659c82f392820e0
2025-04-18 04:20:47+00:00,WETH,11.864150172202173,21147.135832940043,0x0bfc9d54fc184518a81162f8fb99c2eaca081202
2025-04-18 04:25:35+00:00,WETH,0.006005955625466795,10.705255545057035,0x5c72c8dab2dd9f1e406f0ef0dece1276cbb19a95
2025-04-18 04:37:35+00:00,WETH,0.010000001609903948,17.824402869557193,0xd01607c3c5ecaba394d8be377a08590149325722
2025-04-18 04:39:59+00:00,WETH,2.0849744517178506,3716.341861719966,0xb7f764e44fc01c0b79ea4dee48d1d7664aeeb502
2025-04-18 04:41:23+00:00,WETH,32.0,57038.08,0xadc0a53095a0af87f3aa29fe0715b5c28016364e
2025-04-18 04:49:59+00:00,WETH,0.025,44.56100000000001,0xd01607c3c5ecaba394d8be377a08590149325722
2025-04-18 04:58:47+00:00,WETH,518.0091011101016,923320.1421826895,0x731b25b19a606122cfdaa659774a4022511875c9
2025-04-18 04:59:23+00:00,WETH,518.0276579592984,923353.2186529718,0x731b25b19a606122cfdaa659774a4022511875c9
2025-04-18 05:02:35+00:00,WETH,518.0300806361267,923357.5369290578,0x731b25b19a606122cfdaa659774a4022511875c9
2025-04-18 05:06:23+00:00,WETH,8000.0,14259520.0,0x731b25b19a606122cfdaa659774a4022511875c9
2025-04-18 05:06:23+00:00,WETH,8000.0,14259520.0,0x731b25b19a606122cfdaa659774a4022511875c9
2025-04-18 05:06:23+00:00,WETH,518.0382831668747,923372.1574479643,0x731b25b19a606122cfdaa659774a4022511875c9
2025-04-18 05:23:59+00:00,WETH,65.0,115858.6,0xd01607c3c5ecaba394d8be377a08590149325722
2025-04-18 05:25:11+00:00,WETH,8000.0,14259520.0,0x4bb41165a817628992ee40ea8e92f8800f143fbd
2025-04-18 05:25:11+00:00,WETH,8000.0,14259520.0,0x4bb41165a817628992ee40ea8e92f8800f143fbd
2025-04-18 05:25:11+00:00,WETH,518.1299630881208,923535.57140679,0x4bb41165a817628992ee40ea8e92f8800f143fbd
2025-04-18 05:38:59+00:00,WETH,10.0,17824.4,0xadc0a53095a0af87f3aa29fe0715b5c28016364e
2025-04-18 05:43:59+00:00,WETH,10.0,17824.4,0xadc0a53095a0af87f3aa29fe0715b5c28016364e
2025-04-18 06:04:59+00:00,WETH,0.451049,803.9677795599999,0xa434d495249abe33e031fe71a969b81f3c07950d
2025-04-18 06:06:35+00:00,WETH,1.0,1782.44,0xd01607c3c5ecaba394d8be377a08590149325722
2025-04-18 06:13:47+00:00,WETH,298.10933060021756,531361.9952350518,0xd01607c3c5ecaba394d8be377a08590149325722
2025-04-18 06:15:11+00:00,WETH,512.154401301814,912884.4910564054,0xaf92e072cb195e7549f18ed99e72800f9203c72d
2025-04-18 06:20:11+00:00,WETH,2090.9776487525965,3727042.200242578,0x9f739b86d916bba4ed6323868ce0da252d9222a9
2025-04-18 06:20:11+00:00,WETH,2090.9776487525965,3727042.200242578,0x9f739b86d916bba4ed6323868ce0da252d9222a9
2025-04-18 06:24:35+00:00,WETH,8000.0,14259520.0,0x731b25b19a606122cfdaa659774a4022511875c9
2025-04-18 06:24:35+00:00,WETH,8000.0,14259520.0,0x731b25b19a606122cfdaa659774a4022511875c9
2025-04-18 06:24:35+00:00,WETH,518.3778672741475,923977.4457441316,0x731b25b19a606122cfdaa659774a4022511875c9
2025-04-18 06:28:11+00:00,WETH,0.21281783975382992,379.33503029081663,0xd01607c3c5ecaba394d8be377a08590149325722
2025-04-18 06:31:47+00:00,WETH,0.001910975499451636,3.406199169242574,0x35bb522b102326ea3f1141661df4626c87000e3e
2025-04-18 06:34:35+00:00,WETH,0.004399306742641837,7.841500310354517,0xd01607c3c5ecaba394d8be377a08590149325722
2025-04-18 07:00:23+00:00,WETH,10.0,17824.4,0xadc0a53095a0af87f3aa29fe0715b5c28016364e
2025-04-18 07:06:11+00:00,WETH,0.6608142984653731,1177.8618381566196,0x35bb522b102326ea3f1141661df4626c87000e3e
2025-04-18 07:08:47+00:00,WETH,0.0876119437046321,156.16303293688443,0xd01607c3c5ecaba394d8be377a08590149325722
2025-04-18 07:14:35+00:00,WETH,0.017222779142924548,30.69857045551443,0xd01607c3c5ecaba394d8be377a08590149325722
2025-04-18 07:19:59+00:00,WETH,0.002502406238946225,4.46038897654731,0xd01607c3c5ecaba394d8be377a08590149325722
2025-04-18 07:26:59+00:00,WETH,33.581946223951604,59857.804227420296,0xadc0a53095a0af87f3aa29fe0715b5c28016364e
2025-04-18 07:27:23+00:00,WETH,0.009000017630310856,16.041991424971282,0xd01607c3c5ecaba394d8be377a08590149325722
2025-04-18 07:28:23+00:00,WETH,15.0,26736.600000000002,0x1a415a3b77ed38b683db945dc83f53ecda26f716
2025-04-18 07:29:47+00:00,WETH,8000.0,14259520.0,0x731b25b19a606122cfdaa659774a4022511875c9
2025-04-18 07:29:47+00:00,WETH,518.3809290701347,923982.9032117709,0x731b25b19a606122cfdaa659774a4022511875c9
2025-04-18 07:29:47+00:00,WETH,8000.0,14259520.0,0x731b25b19a606122cfdaa659774a4022511875c9
2025-04-18 07:34:11+00:00,WETH,0.013133408592432895,23.40951281149609,0xd01607c3c5ecaba394d8be377a08590149325722
2025-04-18 07:34:23+00:00,WETH,3.0,5347.32,0xadc0a53095a0af87f3aa29fe0715b5c28016364e
2025-04-18 07:35:23+00:00,WETH,0.00100037563391638,1.7831095449179126,0xd01607c3c5ecaba394d8be377a08590149325722
2025-04-18 07:44:59+00:00,WETH,0.7182630208241975,1280.2607388378826,0xd01607c3c5ecaba394d8be377a08590149325722
2025-04-18 07:48:59+00:00,WETH,927.7199375049998,1653605.125406412,0x7f9b6bb65c8f9105f46ec3b18cb31845c85b6e72
2025-04-18 07:48:59+00:00,WETH,927.7199375049998,1653605.125406412,0x7f9b6bb65c8f9105f46ec3b18cb31845c85b6e72
2025-04-18 08:28:11+00:00,WETH,9.141351430369598,16293.910443547988,0xadc0a53095a0af87f3aa29fe0715b5c28016364e
2025-04-18 08:33:23+00:00,WETH,0.004000000954601617,7.129761701520105,0xd01607c3c5ecaba394d8be377a08590149325722
2025-04-18 08:35:11+00:00,WETH,2594.4301125980824,4624416.009899326,0x9f739b86d916bba4ed6323868ce0da252d9222a9
2025-04-18 08:35:11+00:00,WETH,2594.4301125980824,4624416.009899326,0x9f739b86d916bba4ed6323868ce0da252d9222a9
2025-04-18 08:35:11+00:00,WETH,0.006200004983013579,11.051136881922723,0xd01607c3c5ecaba394d8be377a08590149325722
2025-04-18 08:39:59+00:00,WETH,0.00500248428648347,8.916628091599597,0x5141b82f5ffda4c6fe1e372978f1c5427640a190
2025-04-18 08:40:47+00:00,WETH,509.69616657443584,908502.8351489374,0xaf92e072cb195e7549f18ed99e72800f9203c72d
2025-04-18 08:42:59+00:00,WETH,0.1,178.24400000000003,0xd01607c3c5ecaba394d8be377a08590149325722
2025-04-18 08:43:11+00:00,WETH,221.94510039379253,395603.8247459116,0x1f2f10d1c40777ae1da742455c65828ff36df387
2025-04-18 08:46:59+00:00,WETH,224.26831636088357,399744.8178142933,0x1f2f10d1c40777ae1da742455c65828ff36df387
2025-04-18 09:01:35+00:00,WETH,33.443709526531386,59611.4056084706,0xadc0a53095a0af87f3aa29fe0715b5c28016364e
2025-04-18 09:05:11+00:00,WETH,518.4369167724474,924082.6979318812,0x4bb41165a817628992ee40ea8e92f8800f143fbd
2025-04-18 09:11:47+00:00,WETH,3.0,5347.32,0xd01607c3c5ecaba394d8be377a08590149325722
2025-04-18 09:37:59+00:00,WETH,2306.146735997961,4110568.188112206,0x9f739b86d916bba4ed6323868ce0da252d9222a9
2025-04-18 09:37:59+00:00,WETH,2306.146735997961,4110568.188112206,0x9f739b86d916bba4ed6323868ce0da252d9222a9
2025-04-18 09:39:59+00:00,WETH,0.15301832931400308,272.74599090245164,0x5141b82f5ffda4c6fe1e372978f1c5427640a190
2025-04-18 09:48:23+00:00,WETH,0.017214616064370917,30.6840202577773,0xd01607c3c5ecaba394d8be377a08590149325722
2025-04-18 09:55:59+00:00,WETH,2.0325412065477777,3622.882748199021,0xd01607c3c5ecaba394d8be377a08590149325722
2025-04-18 09:56:35+00:00,WETH,6.094942268072412,10863.86889630299,0x1f2f10d1c40777ae1da742455c65828ff36df387
2025-04-18 10:08:23+00:00,WETH,33.3878113740798,59511.770505614804,0xadc0a53095a0af87f3aa29fe0715b5c28016364e
2025-04-18 10:20:11+00:00,WETH,0.017716656852407912,31.578877840005962,0xd01607c3c5ecaba394d8be377a08590149325722
2025-04-18 10:20:47+00:00,WETH,509.74763987839424,908594.583224845,0xaf92e072cb195e7549f18ed99e72800f9203c72d
2025-04-18 10:21:47+00:00,WETH,0.010000002161487625,17.824403852722003,0xd01607c3c5ecaba394d8be377a08590149325722
2025-04-18 10:22:23+00:00,WETH,83.9896575865671,149706.52526860067,0x1f2f10d1c40777ae1da742455c65828ff36df387
2025-04-18 10:28:23+00:00,WETH,1.000000320694527,1782.4405716187528,0xd01607c3c5ecaba394d8be377a08590149325722
2025-04-18 10:50:11+00:00,WETH,181.1840718127864,322949.736961983,0x997d1c9f17e685f28fff1deb758453945c42ed64
2025-04-18 10:56:11+00:00,WETH,95.79237847359431,170744.16708647346,0xb7f764e44fc01c0b79ea4dee48d1d7664aeeb502
2025-04-18 10:56:23+00:00,WETH,0.002258680089759499,4.0259617391909215,0x3bfe65f217df9ad7358698580aeb47f692241c48
2025-04-18 10:57:11+00:00,WETH,96.00028877987802,171114.75473280577,0xd01607c3c5ecaba394d8be377a08590149325722
2025-04-18 11:17:47+00:00,WETH,205.77568330818903,366782.80895584845,0x1f2f10d1c40777ae1da742455c65828ff36df387
2025-04-18 11:18:23+00:00,WETH,0.001000000313176423,1.7824405582181835,0xd01607c3c5ecaba394d8be377a08590149325722
2025-04-18 11:37:47+00:00,WETH,509.8029348993724,908693.1432820373,0xaf92e072cb195e7549f18ed99e72800f9203c72d
2025-04-18 11:42:23+00:00,WETH,0.00782813790383872,13.953186125318288,0xd01607c3c5ecaba394d8be377a08590149325722
2025-04-18 11:45:59+00:00,WETH,0.012000000550726572,21.38928098163707,0xd01607c3c5ecaba394d8be377a08590149325722
2025-04-18 11:55:59+00:00,WETH,0.2056300642049129,366.52325164140495,0xd01607c3c5ecaba394d8be377a08590149325722
2025-04-18 11:57:47+00:00,WETH,518.4388316519257,924086.1110896586,0x731b25b19a606122cfdaa659774a4022511875c9
2025-04-18 11:59:35+00:00,WETH,0.5005574277649627,892.2135815453802,0xd01607c3c5ecaba394d8be377a08590149325722
2025-04-18 12:04:23+00:00,WETH,96.000029385585,171114.29237804213,0xd01607c3c5ecaba394d8be377a08590149325722
2025-04-18 12:07:23+00:00,WETH,126.0,224587.44,0xadc0a53095a0af87f3aa29fe0715b5c28016364e
2025-04-18 12:08:23+00:00,WETH,0.9802307651668273,1747.2025250639597,0xd01607c3c5ecaba394d8be377a08590149325722
2025-04-18 12:09:11+00:00,WETH,0.8350155095768269,1488.3650448901194,0xd01607c3c5ecaba394d8be377a08590149325722
2025-04-18 12:16:35+00:00,WETH,33.28136943732268,59322.04413986144,0xadc0a53095a0af87f3aa29fe0715b5c28016364e
2025-04-18 12:16:59+00:00,WETH,0.01,17.8244,0x731b25b19a606122cfdaa659774a4022511875c9
2025-04-18 12:23:23+00:00,WETH,0.002820381477024843,5.027160759908162,0x35bb522b102326ea3f1141661df4626c87000e3e
2025-04-18 12:29:35+00:00,WETH,0.004451923924559386,7.935287280091631,0xd01607c3c5ecaba394d8be377a08590149325722
2025-04-18 12:29:47+00:00,WETH,2.76733707,4932.6122870508,0x56c75303217ec5aef050fee27ca264e1b016188b
2025-04-18 12:31:11+00:00,WETH,1.1346700640348029,2022.4813089381942,0x35bb522b102326ea3f1141661df4626c87000e3e
2025-04-18 12:36:23+00:00,WETH,1.0661066725027648,1900.2711773358283,0xd01607c3c5ecaba394d8be377a08590149325722
2025-04-18 12:39:47+00:00,WETH,15.0,26736.600000000002,0xd01607c3c5ecaba394d8be377a08590149325722
2025-04-18 12:40:59+00:00,WETH,0.006875655962178874,12.255444213226113,0xd01607c3c5ecaba394d8be377a08590149325722
2025-04-18 12:43:11+00:00,WETH,1.5160189745578934,2702.2128610109717,0xadc0a53095a0af87f3aa29fe0715b5c28016364e
2025-04-18 12:43:35+00:00,WETH,3.4,6060.296,0xd01607c3c5ecaba394d8be377a08590149325722
2025-04-18 12:56:23+00:00,WETH,518.8082077320021,924744.5017898298,0x731b25b19a606122cfdaa659774a4022511875c9
2025-04-18 12:56:59+00:00,WETH,2.7198274398315347,4847.929221853321,0xb180b114b54c0ae6d29a11b1a844b96291c78d5a
2025-04-18 13:07:23+00:00,WETH,15.743429238936436,28061.71801264986,0x35bb522b102326ea3f1141661df4626c87000e3e
2025-04-18 13:08:47+00:00,WETH,4.427609787508458,7891.948789646576,0x35bb522b102326ea3f1141661df4626c87000e3e
2025-04-18 13:10:11+00:00,WETH,33.11322271208655,59022.332690931544,0xadc0a53095a0af87f3aa29fe0715b5c28016364e
2025-04-18 13:11:23+00:00,WETH,0.6886852251690372,1227.5400927502988,0xb82a52e6cb2af036d89b72bdae88440841beca1c
2025-04-18 13:14:23+00:00,WETH,0.92,1639.8448,0xd01607c3c5ecaba394d8be377a08590149325722
2025-04-18 13:19:47+00:00,WETH,1.43,2548.8892,0xadc0a53095a0af87f3aa29fe0715b5c28016364e
2025-04-18 13:30:35+00:00,WETH,7.578395431406987,13508.035152757071,0xadc0a53095a0af87f3aa29fe0715b5c28016364e
2025-04-18 13:44:47+00:00,WETH,2365.9033828730985,4217080.8257683255,0x7f9b6bb65c8f9105f46ec3b18cb31845c85b6e72
2025-04-18 13:44:47+00:00,WETH,2365.9033828730985,4217080.8257683255,0x7f9b6bb65c8f9105f46ec3b18cb31845c85b6e72
2025-04-18 13:46:47+00:00,WETH,0.003088683086872032,5.505392281364185,0xd01607c3c5ecaba394d8be377a08590149325722
2025-04-18 13:51:47+00:00,WETH,0.010000029276523693,17.824452183646894,0xd01607c3c5ecaba394d8be377a08590149325722
2025-04-18 13:53:47+00:00,WETH,0.06300002889702445,112.29377150721227,0xd01607c3c5ecaba394d8be377a08590149325722
2025-04-18 14:04:59+00:00,WETH,509.86098883688027,908796.6209424089,0xaf92e072cb195e7549f18ed99e72800f9203c72d
2025-04-18 14:10:59+00:00,WETH,509.86984231890466,908812.4017429084,0xaf92e072cb195e7549f18ed99e72800f9203c72d
2025-04-18 14:13:11+00:00,WETH,54.45513821524635,97063.01656038371,0x3bfe65f217df9ad7358698580aeb47f692241c48
2025-04-18 14:13:59+00:00,WETH,30.0,53473.200000000004,0xd01607c3c5ecaba394d8be377a08590149325722
2025-04-18 14:18:59+00:00,WETH,96.00032140349612,171114.81288244762,0xd01607c3c5ecaba394d8be377a08590149325722
2025-04-18 14:19:47+00:00,WETH,519.5360150424237,926041.7746522177,0x4bb41165a817628992ee40ea8e92f8800f143fbd
2025-04-18 14:22:47+00:00,WETH,0.003099665864983608,5.524968424381382,0xd01607c3c5ecaba394d8be377a08590149325722
2025-04-18 14:39:59+00:00,WETH,8000.0,14259520.0,0x731b25b19a606122cfdaa659774a4022511875c9
2025-04-18 14:39:59+00:00,WETH,519.5600552727262,926084.6249203181,0x731b25b19a606122cfdaa659774a4022511875c9
2025-04-18 14:39:59+00:00,WETH,8000.0,14259520.0,0x731b25b19a606122cfdaa659774a4022511875c9
2025-04-18 14:42:47+00:00,WETH,200.1505617537297,356756.36729231797,0x1f2f10d1c40777ae1da742455c65828ff36df387
2025-04-18 14:43:23+00:00,WETH,1000.0,1782440.0,0xd01607c3c5ecaba394d8be377a08590149325722
2025-04-18 14:43:35+00:00,WETH,8000.0,14259520.0,0x731b25b19a606122cfdaa659774a4022511875c9
2025-04-18 14:43:35+00:00,WETH,519.5775243748851,926115.7625467703,0x731b25b19a606122cfdaa659774a4022511875c9
2025-04-18 14:43:35+00:00,WETH,8000.0,14259520.0,0x731b25b19a606122cfdaa659774a4022511875c9
2025-04-18 14:47:59+00:00,WETH,33.05877416981964,58925.28143125332,0xadc0a53095a0af87f3aa29fe0715b5c28016364e
2025-04-18 14:58:47+00:00,WETH,1803.4309645834044,3214507.4885120434,0x9f739b86d916bba4ed6323868ce0da252d9222a9
2025-04-18 14:58:47+00:00,WETH,1803.4309645834044,3214507.4885120434,0x9f739b86d916bba4ed6323868ce0da252d9222a9
2025-04-18 15:05:47+00:00,WETH,4.908324351403111,8748.793656914962,0x3bfe65f217df9ad7358698580aeb47f692241c48
2025-04-18 15:07:35+00:00,WETH,0.07906766191690572,140.93336330716943,0xd01607c3c5ecaba394d8be377a08590149325722
2025-04-18 15:07:47+00:00,WETH,8.51,15168.5644,0xd01607c3c5ecaba394d8be377a08590149325722
2025-04-18 15:14:47+00:00,WETH,65.0,115858.6,0xd01607c3c5ecaba394d8be377a08590149325722
2025-04-18 15:17:35+00:00,WETH,202.4971824504427,360939.0778869671,0x1f2f10d1c40777ae1da742455c65828ff36df387
2025-04-18 15:34:11+00:00,WETH,8000.0,14259520.0,0x731b25b19a606122cfdaa659774a4022511875c9
2025-04-18 15:34:11+00:00,WETH,519.5948014861187,926146.5579609175,0x731b25b19a606122cfdaa659774a4022511875c9
2025-04-18 15:34:11+00:00,WETH,8000.0,14259520.0,0x731b25b19a606122cfdaa659774a4022511875c9
2025-04-18 15:34:59+00:00,WETH,509.8840436854944,908837.7148267727,0xaf92e072cb195e7549f18ed99e72800f9203c72d
2025-04-18 15:34:59+00:00,WETH,0.16663084207300505,297.0094781446071,0xd01607c3c5ecaba394d8be377a08590149325722
2025-04-18 15:35:47+00:00,WETH,8000.0,14259520.0,0x731b25b19a606122cfdaa659774a4022511875c9
2025-04-18 15:35:47+00:00,WETH,519.6235031762865,926197.7170015401,0x731b25b19a606122cfdaa659774a4022511875c9
2025-04-18 15:35:47+00:00,WETH,8000.0,14259520.0,0x731b25b19a606122cfdaa659774a4022511875c9
2025-04-18 15:42:35+00:00,WETH,23.461570580013657,41818.841864639544,0x95143890162bd671d77ae9b771881a1cb76c29a4
2025-04-18 15:44:47+00:00,WETH,509.90003716595993,908866.2222460937,0xaf92e072cb195e7549f18ed99e72800f9203c72d
2025-04-18 15:57:23+00:00,WETH,509.94265930994067,908942.1936604107,0xaf92e072cb195e7549f18ed99e72800f9203c72d
2025-04-18 16:03:11+00:00,WETH,509.9579517496955,908969.4515167272,0xaf92e072cb195e7549f18ed99e72800f9203c72d
2025-04-18 16:08:35+00:00,WETH,2.0881777500752823,3722.051548844186,0xadc0a53095a0af87f3aa29fe0715b5c28016364e
2025-04-18 16:20:11+00:00,WETH,1584.9699327068,2825113.8068539086,0x9f739b86d916bba4ed6323868ce0da252d9222a9
2025-04-18 16:20:11+00:00,WETH,1584.9699327068,2825113.8068539086,0x9f739b86d916bba4ed6323868ce0da252d9222a9
2025-04-18 16:28:11+00:00,WETH,8000.0,14259520.0,0x731b25b19a606122cfdaa659774a4022511875c9
2025-04-18 16:28:11+00:00,WETH,8000.0,14259520.0,0x731b25b19a606122cfdaa659774a4022511875c9
2025-04-18 16:28:11+00:00,WETH,519.6895816896447,926315.4979868903,0x731b25b19a606122cfdaa659774a4022511875c9
2025-04-18 16:29:35+00:00,WETH,25.264562454689475,45032.56670173671,0x35bb522b102326ea3f1141661df4626c87000e3e
2025-04-18 16:33:47+00:00,WETH,0.06487564030855181,115.63693631157508,0x3bfe65f217df9ad7358698580aeb47f692241c48
2025-04-18 16:34:23+00:00,WETH,15.788705886114357,28142.420919645676,0x35bb522b102326ea3f1141661df4626c87000e3e
2025-04-18 16:34:59+00:00,WETH,5.123163227116967,9131.731062542367,0x3a8719e5686ea6b6e1b783320c3e9a02db9326c9
2025-04-18 17:01:11+00:00,WETH,1209.1830366742695,2155296.211889685,0x7f9b6bb65c8f9105f46ec3b18cb31845c85b6e72
2025-04-18 17:01:11+00:00,WETH,1209.1830366742695,2155296.211889685,0x7f9b6bb65c8f9105f46ec3b18cb31845c85b6e72
2025-04-18 17:07:23+00:00,WETH,0.2,356.48800000000006,0x5141b82f5ffda4c6fe1e372978f1c5427640a190
2025-04-18 17:09:11+00:00,WETH,172.05746375644122,306682.1056980311,0x1f2f10d1c40777ae1da742455c65828ff36df387
2025-04-18 17:12:35+00:00,WETH,95.85616453766211,170857.86191851046,0xb7f764e44fc01c0b79ea4dee48d1d7664aeeb502
2025-04-18 17:24:47+00:00,WETH,1.0,1782.44,0xadc0a53095a0af87f3aa29fe0715b5c28016364e
2025-04-18 17:31:11+00:00,WETH,8000.0,14259520.0,0x731b25b19a606122cfdaa659774a4022511875c9
2025-04-18 17:31:11+00:00,WETH,519.6947547650358,926324.7186833904,0x731b25b19a606122cfdaa659774a4022511875c9
2025-04-18 17:31:11+00:00,WETH,8000.0,14259520.0,0x731b25b19a606122cfdaa659774a4022511875c9
2025-04-18 17:43:59+00:00,WETH,1.0,1782.44,0x9008d19f58aabd9ed0d60971565aa8510560ab41
2025-04-18 17:44:35+00:00,WETH,1.0,1782.44,0x9008d19f58aabd9ed0d60971565aa8510560ab41
2025-04-18 17:44:59+00:00,WETH,1.0,1782.44,0x9008d19f58aabd9ed0d60971565aa8510560ab41
2025-04-18 17:45:35+00:00,WETH,1.0,1782.44,0x9008d19f58aabd9ed0d60971565aa8510560ab41
2025-04-18 17:45:59+00:00,WETH,1.0,1782.44,0x9008d19f58aabd9ed0d60971565aa8510560ab41
2025-04-18 17:46:23+00:00,WETH,1.0,1782.44,0x9008d19f58aabd9ed0d60971565aa8510560ab41
2025-04-18 17:46:47+00:00,WETH,1.0,1782.44,0x9008d19f58aabd9ed0d60971565aa8510560ab41
2025-04-18 17:47:11+00:00,WETH,1.0,1782.44,0x9008d19f58aabd9ed0d60971565aa8510560ab41
2025-04-18 17:47:47+00:00,WETH,1.0,1782.44,0x9008d19f58aabd9ed0d60971565aa8510560ab41
2025-04-18 17:48:23+00:00,WETH,1.0,1782.44,0x9008d19f58aabd9ed0d60971565aa8510560ab41
2025-04-18 17:48:47+00:00,WETH,1.0,1782.44,0x9008d19f58aabd9ed0d60971565aa8510560ab41
2025-04-18 17:49:11+00:00,WETH,1.0,1782.44,0x9008d19f58aabd9ed0d60971565aa8510560ab41
2025-04-18 17:49:47+00:00,WETH,1.0,1782.44,0x9008d19f58aabd9ed0d60971565aa8510560ab41
2025-04-18 17:50:11+00:00,WETH,1.0,1782.44,0x9008d19f58aabd9ed0d60971565aa8510560ab41
2025-04-18 17:50:47+00:00,WETH,1.0,1782.44,0x9008d19f58aabd9ed0d60971565aa8510560ab41
2025-04-18 17:51:11+00:00,WETH,1.0,1782.44,0x9008d19f58aabd9ed0d60971565aa8510560ab41
2025-04-18 17:51:47+00:00,WETH,1.0,1782.44,0x9008d19f58aabd9ed0d60971565aa8510560ab41
2025-04-18 17:53:11+00:00,WETH,1.0,1782.44,0x9008d19f58aabd9ed0d60971565aa8510560ab41
2025-04-18 17:53:35+00:00,WETH,1.0,1782.44,0x9008d19f58aabd9ed0d60971565aa8510560ab41
2025-04-18 17:53:59+00:00,WETH,1.0,1782.44,0x9008d19f58aabd9ed0d60971565aa8510560ab41
2025-04-18 17:54:23+00:00,WETH,1.0,1782.44,0x9008d19f58aabd9ed0d60971565aa8510560ab41
2025-04-18 17:54:47+00:00,WETH,1.0,1782.44,0x9008d19f58aabd9ed0d60971565aa8510560ab41
2025-04-18 17:55:11+00:00,WETH,1.0,1782.44,0x9008d19f58aabd9ed0d60971565aa8510560ab41
2025-04-18 17:55:35+00:00,WETH,1.0,1782.44,0x9008d19f58aabd9ed0d60971565aa8510560ab41
2025-04-18 17:55:59+00:00,WETH,1.0,1782.44,0x9008d19f58aabd9ed0d60971565aa8510560ab41
2025-04-18 17:56:23+00:00,WETH,1.0,1782.44,0x9008d19f58aabd9ed0d60971565aa8510560ab41
2025-04-18 17:56:59+00:00,WETH,1.0,1782.44,0x9008d19f58aabd9ed0d60971565aa8510560ab41
2025-04-18 17:57:35+00:00,WETH,1.0,1782.44,0x9008d19f58aabd9ed0d60971565aa8510560ab41
2025-04-18 17:57:59+00:00,WETH,1.0,1782.44,0x9008d19f58aabd9ed0d60971565aa8510560ab41
2025-04-18 17:58:35+00:00,WETH,1.0,1782.44,0x9008d19f58aabd9ed0d60971565aa8510560ab41
2025-04-18 17:58:59+00:00,WETH,1.0,1782.44,0x9008d19f58aabd9ed0d60971565aa8510560ab41
2025-04-18 17:59:47+00:00,WETH,1.0,1782.44,0x9008d19f58aabd9ed0d60971565aa8510560ab41
2025-04-18 18:02:11+00:00,WETH,0.001486900521383434,2.6503109653346884,0xd01607c3c5ecaba394d8be377a08590149325722
2025-04-18 18:02:47+00:00,WETH,30.020114217858634,53509.05238647995,0xd01607c3c5ecaba394d8be377a08590149325722
2025-04-18 18:06:59+00:00,WETH,0.001414572600991978,2.5213907869121415,0xd01607c3c5ecaba394d8be377a08590149325722
2025-04-18 18:09:35+00:00,WETH,1920.86826851937,3423832.4365396663,0x7f9b6bb65c8f9105f46ec3b18cb31845c85b6e72
2025-04-18 18:09:35+00:00,WETH,1920.86826851937,3423832.4365396663,0x7f9b6bb65c8f9105f46ec3b18cb31845c85b6e72
2025-04-18 18:17:11+00:00,WETH,1.6471838757383903,2936.0064274711367,0xd01607c3c5ecaba394d8be377a08590149325722
2025-04-18 18:17:59+00:00,WETH,1971.9592559036446,3514899.0560928923,0x9f739b86d916bba4ed6323868ce0da252d9222a9
2025-04-18 18:17:59+00:00,WETH,1971.9592559036446,3514899.0560928923,0x9f739b86d916bba4ed6323868ce0da252d9222a9
2025-04-18 18:19:11+00:00,WETH,519.7357438871674,926397.7793342426,0x4bb41165a817628992ee40ea8e92f8800f143fbd
2025-04-18 18:22:59+00:00,WETH,30.0,53473.200000000004,0xadc0a53095a0af87f3aa29fe0715b5c28016364e
2025-04-18 18:24:35+00:00,WETH,1.6350001628257604,2914.2896902271486,0xadc0a53095a0af87f3aa29fe0715b5c28016364e
2025-04-18 18:32:35+00:00,WETH,0.1,178.24400000000003,0xd01607c3c5ecaba394d8be377a08590149325722
2025-04-18 18:33:47+00:00,WETH,1.0,1782.44,0x9008d19f58aabd9ed0d60971565aa8510560ab41
2025-04-18 18:35:35+00:00,WETH,40.02,71333.2488,0xadc0a53095a0af87f3aa29fe0715b5c28016364e
2025-04-18 18:39:11+00:00,WETH,1904.8177755495014,3395223.3958504535,0x7f9b6bb65c8f9105f46ec3b18cb31845c85b6e72
2025-04-18 18:39:11+00:00,WETH,1904.8177755495014,3395223.3958504535,0x7f9b6bb65c8f9105f46ec3b18cb31845c85b6e72
2025-04-18 18:40:59+00:00,WETH,93.15966009217797,166051.5045347017,0xadc0a53095a0af87f3aa29fe0715b5c28016364e
2025-04-18 18:42:23+00:00,WETH,25.716962769230506,45838.94311838722,0xb7f764e44fc01c0b79ea4dee48d1d7664aeeb502
2025-04-18 18:44:59+00:00,WETH,24999.999999999996,44560999.99999999,0x731b25b19a606122cfdaa659774a4022511875c9
2025-04-18 18:44:59+00:00,WETH,24999.999999999996,44560999.99999999,0x731b25b19a606122cfdaa659774a4022511875c9
2025-04-18 18:44:59+00:00,WETH,519.9932003615976,926856.6800525261,0x731b25b19a606122cfdaa659774a4022511875c9
2025-04-18 19:00:23+00:00,WETH,3.029768669302998,5400.380866912436,0x45c00508c14601fd1c1e296eb3c0e3eeedca45d0
2025-04-18 19:08:35+00:00,WETH,0.12347169446061677,220.08088707438176,0xd01607c3c5ecaba394d8be377a08590149325722
2025-04-18 19:25:47+00:00,WETH,0.005001604152366478,8.915059305344105,0x5141b82f5ffda4c6fe1e372978f1c5427640a190
2025-04-18 19:28:35+00:00,WETH,0.4,712.9760000000001,0xd01607c3c5ecaba394d8be377a08590149325722
2025-04-18 19:29:59+00:00,WETH,44.305170289473445,78971.30773076905,0x90759801579208b28d2d36d13b1ed7443d1b717f
2025-04-18 19:31:11+00:00,WETH,95.95632696562703,171036.39543661225,0xb7f764e44fc01c0b79ea4dee48d1d7664aeeb502
2025-04-18 19:39:47+00:00,WETH,1820.4317906791116,3244810.440978076,0x7f9b6bb65c8f9105f46ec3b18cb31845c85b6e72
2025-04-18 19:39:47+00:00,WETH,1820.4317906791116,3244810.440978076,0x7f9b6bb65c8f9105f46ec3b18cb31845c85b6e72
2025-04-18 19:41:35+00:00,WETH,1.0,1782.44,0xc053babaa07f935385f39fccacf598370f5f2b94
2025-04-18 19:50:59+00:00,WETH,1.0,1782.44,0x433269833bf5156db342d2d91a24155421ec0b24
2025-04-18 20:01:35+00:00,WETH,60.0,106946.40000000001,0x21a68456abe74b945295fc7519bea24c5b1b92ff
2025-04-18 20:07:11+00:00,WETH,510.4625255979134,909868.8241267448,0xaf92e072cb195e7549f18ed99e72800f9203c72d
2025-04-18 20:12:11+00:00,WETH,144.23181836091692,257084.56231923276,0x21a68456abe74b945295fc7519bea24c5b1b92ff
2025-04-18 20:12:59+00:00,WETH,0.12730394271918577,226.9116396603855,0x21a68456abe74b945295fc7519bea24c5b1b92ff
2025-04-18 20:15:59+00:00,WETH,48.145941291986524,85817.25159648847,0x1f2f10d1c40777ae1da742455c65828ff36df387
2025-04-18 20:25:59+00:00,WETH,2404.2217754509293,4285381.061434754,0x7f9b6bb65c8f9105f46ec3b18cb31845c85b6e72
2025-04-18 20:25:59+00:00,WETH,2404.2217754509293,4285381.061434754,0x7f9b6bb65c8f9105f46ec3b18cb31845c85b6e72
2025-04-18 20:26:23+00:00,WETH,0.7002886136059038,1248.222436435707,0xd01607c3c5ecaba394d8be377a08590149325722
2025-04-18 20:44:59+00:00,WETH,16.034730402806403,28580.944859178246,0xd01607c3c5ecaba394d8be377a08590149325722
2025-04-18 20:58:11+00:00,WETH,7.027772000516512,12526.581924600652,0xd01607c3c5ecaba394d8be377a08590149325722
2025-04-18 21:21:59+00:00,WETH,4.0,7129.76,0x5141b82f5ffda4c6fe1e372978f1c5427640a190
2025-04-18 21:31:47+00:00,WETH,510.4999771479348,909935.5792675649,0xaf92e072cb195e7549f18ed99e72800f9203c72d
2025-04-18 21:35:11+00:00,WETH,1.0,1782.44,0x9008d19f58aabd9ed0d60971565aa8510560ab41
2025-04-18 21:36:23+00:00,WETH,114.23895110340854,203624.07600475952,0x3bfe65f217df9ad7358698580aeb47f692241c48
2025-04-18 22:03:47+00:00,WETH,265.52665627664203,473285.3332137378,0x1f2f10d1c40777ae1da742455c65828ff36df387
2025-04-18 22:05:23+00:00,WETH,95.98193717693108,171082.04410164905,0xb7f764e44fc01c0b79ea4dee48d1d7664aeeb502
2025-04-18 22:07:47+00:00,WETH,0.01,17.8244,0xd01607c3c5ecaba394d8be377a08590149325722
2025-04-18 22:10:35+00:00,WETH,0.0740357662554253,131.96431120432027,0x35bb522b102326ea3f1141661df4626c87000e3e
2025-04-18 22:12:47+00:00,WETH,0.053037793628256225,94.53668487474903,0xd01607c3c5ecaba394d8be377a08590149325722
2025-04-18 22:24:35+00:00,WETH,14.000654687620635,24955.326941402527,0xd01607c3c5ecaba394d8be377a08590149325722
2025-04-18 22:35:11+00:00,WETH,1.0,1782.44,0x9008d19f58aabd9ed0d60971565aa8510560ab41
2025-04-18 22:35:35+00:00,WETH,1.0,1782.44,0x9008d19f58aabd9ed0d60971565aa8510560ab41
2025-04-18 22:36:11+00:00,WETH,1.0,1782.44,0x9008d19f58aabd9ed0d60971565aa8510560ab41
2025-04-18 22:36:35+00:00,WETH,1.0,1782.44,0x9008d19f58aabd9ed0d60971565aa8510560ab41
2025-04-18 22:36:59+00:00,WETH,1.0,1782.44,0x9008d19f58aabd9ed0d60971565aa8510560ab41
2025-04-18 22:37:23+00:00,WETH,1.0,1782.44,0x9008d19f58aabd9ed0d60971565aa8510560ab41
2025-04-18 22:37:47+00:00,WETH,1.0,1782.44,0x9008d19f58aabd9ed0d60971565aa8510560ab41
2025-04-18 22:38:11+00:00,WETH,1.0,1782.44,0x9008d19f58aabd9ed0d60971565aa8510560ab41
2025-04-18 22:38:47+00:00,WETH,1.0,1782.44,0x9008d19f58aabd9ed0d60971565aa8510560ab41
2025-04-18 22:39:11+00:00,WETH,1.0,1782.44,0x9008d19f58aabd9ed0d60971565aa8510560ab41
2025-04-18 22:39:59+00:00,WETH,1.0,1782.44,0x9008d19f58aabd9ed0d60971565aa8510560ab41
2025-04-18 22:40:23+00:00,WETH,1.0,1782.44,0x9008d19f58aabd9ed0d60971565aa8510560ab41
2025-04-18 22:40:59+00:00,WETH,1.0,1782.44,0x9008d19f58aabd9ed0d60971565aa8510560ab41
2025-04-18 22:41:47+00:00,WETH,1.0,1782.44,0x9008d19f58aabd9ed0d60971565aa8510560ab41
2025-04-18 22:42:11+00:00,WETH,1.0,1782.44,0x9008d19f58aabd9ed0d60971565aa8510560ab41
2025-04-18 22:42:35+00:00,WETH,1.0,1782.44,0x9008d19f58aabd9ed0d60971565aa8510560ab41
2025-04-18 22:49:59+00:00,WETH,511.0675632382542,910947.2674183939,0xaf92e072cb195e7549f18ed99e72800f9203c72d
2025-04-18 22:50:35+00:00,WETH,2.9958,5339.8337520000005,0xd01607c3c5ecaba394d8be377a08590149325722
2025-04-18 23:01:23+00:00,WETH,210.3828053135081,374994.7275030094,0xb7f764e44fc01c0b79ea4dee48d1d7664aeeb502
2025-04-18 23:05:47+00:00,WETH,3.5,6238.54,0xd01607c3c5ecaba394d8be377a08590149325722
2025-04-18 23:16:11+00:00,WETH,53.26499466327765,94941.6570876126,0xadc0a53095a0af87f3aa29fe0715b5c28016364e
2025-04-18 23:18:47+00:00,WETH,211.63232053656813,377221.9134172005,0xadc0a53095a0af87f3aa29fe0715b5c28016364e
2025-04-18 23:20:11+00:00,WETH,0.5,891.22,0xd01607c3c5ecaba394d8be377a08590149325722
2025-04-18 23:20:23+00:00,WETH,60.0,106946.40000000001,0xd01607c3c5ecaba394d8be377a08590149325722
2025-04-18 23:30:47+00:00,WETH,95.98830649190784,171093.3970234362,0xb7f764e44fc01c0b79ea4dee48d1d7664aeeb502
2025-04-18 23:48:59+00:00,WETH,3.0138196472605356,5371.95269206307,0xd01607c3c5ecaba394d8be377a08590149325722
2025-04-19 00:17:23+00:00,WETH,95.98961066027927,171095.7216253082,0xb7f764e44fc01c0b79ea4dee48d1d7664aeeb502
2025-04-19 00:27:35+00:00,WETH,520.0388304664493,926938.012976618,0x4bb41165a817628992ee40ea8e92f8800f143fbd
2025-04-19 01:09:59+00:00,WETH,45.0225,80249.90490000001,0xadc0a53095a0af87f3aa29fe0715b5c28016364e
2025-04-19 01:22:47+00:00,WETH,0.004567423579222527,8.1411584845494,0xd01607c3c5ecaba394d8be377a08590149325722
2025-04-19 01:53:23+00:00,WETH,0.01,17.8244,0xfb960a2deb5ca509ae2f4402696375c0991830e7
2025-04-19 01:57:59+00:00,WETH,0.005,8.9122,0xfb960a2deb5ca509ae2f4402696375c0991830e7
2025-04-19 02:01:47+00:00,WETH,0.028,49.90832,0xd01607c3c5ecaba394d8be377a08590149325722
2025-04-19 02:06:23+00:00,WETH,0.06571406101581319,117.13137091702606,0xa70356582280bd372e386691da2c5ab11abaf00c
2025-04-19 02:17:23+00:00,WETH,520.0461341995124,926951.0314425789,0x4bb41165a817628992ee40ea8e92f8800f143fbd
2025-04-19 02:35:11+00:00,WETH,1589.8799612553962,2833865.6381400684,0x7f9b6bb65c8f9105f46ec3b18cb31845c85b6e72
2025-04-19 02:35:11+00:00,WETH,1589.8799612553962,2833865.6381400684,0x7f9b6bb65c8f9105f46ec3b18cb31845c85b6e72
2025-04-19 02:49:59+00:00,WETH,0.01,17.8244,0xd01607c3c5ecaba394d8be377a08590149325722
2025-04-19 02:57:11+00:00,WETH,5.007171259753749,8924.982340235472,0xd01607c3c5ecaba394d8be377a08590149325722
2025-04-19 03:15:47+00:00,WETH,9.183412640385335,16368.882026728437,0x0bfc9d54fc184518a81162f8fb99c2eaca081202
2025-04-19 03:17:35+00:00,WETH,0.03700172043612154,65.95334657416048,0xd01607c3c5ecaba394d8be377a08590149325722
2025-04-19 03:31:35+00:00,WETH,2044.920836848588,3644948.6964323972,0x7f9b6bb65c8f9105f46ec3b18cb31845c85b6e72
2025-04-19 03:31:35+00:00,WETH,2044.920836848588,3644948.6964323972,0x7f9b6bb65c8f9105f46ec3b18cb31845c85b6e72
2025-04-19 03:42:11+00:00,WETH,1.4200727150560992,2531.1944102245934,0xd01607c3c5ecaba394d8be377a08590149325722
2025-04-19 03:51:11+00:00,WETH,0.020000002602543792,35.64880463887816,0xd01607c3c5ecaba394d8be377a08590149325722
2025-04-19 03:51:35+00:00,WETH,40.02,71333.2488,0xadc0a53095a0af87f3aa29fe0715b5c28016364e
2025-04-19 04:09:59+00:00,WETH,1022.2936057709477,1822177.014670368,0xaf92e072cb195e7549f18ed99e72800f9203c72d
2025-04-19 04:18:35+00:00,WETH,0.25391750807721186,452.59272309714555,0x22a956c4755d8c4294b358dc346e74250e175622
2025-04-19 04:20:35+00:00,WETH,1046.1033283056852,1864616.4165051857,0x7f9b6bb65c8f9105f46ec3b18cb31845c85b6e72
2025-04-19 04:20:35+00:00,WETH,1046.1033283056852,1864616.4165051857,0x7f9b6bb65c8f9105f46ec3b18cb31845c85b6e72
2025-04-19 04:28:23+00:00,WETH,0.16326537276004516,291.0107310224149,0x22a956c4755d8c4294b358dc346e74250e175622
2025-04-19 04:29:47+00:00,WETH,0.31898603752680876,568.5734727292851,0x22a956c4755d8c4294b358dc346e74250e175622
2025-04-19 04:29:59+00:00,WETH,1335.5547097192946,2380546.1367920595,0x9f739b86d916bba4ed6323868ce0da252d9222a9
2025-04-19 04:29:59+00:00,WETH,1335.5547097192946,2380546.1367920595,0x9f739b86d916bba4ed6323868ce0da252d9222a9
2025-04-19 04:32:47+00:00,WETH,20.01,35666.6244,0xadc0a53095a0af87f3aa29fe0715b5c28016364e
2025-04-19 04:32:59+00:00,WETH,20.01,35666.6244,0xadc0a53095a0af87f3aa29fe0715b5c28016364e
2025-04-19 04:35:11+00:00,WETH,0.028933631488030173,51.5724621095245,0xb7f764e44fc01c0b79ea4dee48d1d7664aeeb502
2025-04-19 04:51:23+00:00,WETH,1.0,1782.44,0xd01607c3c5ecaba394d8be377a08590149325722
2025-04-19 05:04:59+00:00,WETH,8000.0,14259520.0,0x731b25b19a606122cfdaa659774a4022511875c9
2025-04-19 05:04:59+00:00,WETH,106.00012652898776,188938.86553032894,0xf4673dbb9188406ff51bd421fdfa339f7dbc5aea
2025-04-19 05:04:59+00:00,WETH,520.3035381888387,927409.8386093137,0x731b25b19a606122cfdaa659774a4022511875c9
2025-04-19 05:04:59+00:00,WETH,8000.0,14259520.0,0x731b25b19a606122cfdaa659774a4022511875c9
2025-04-19 05:15:35+00:00,WETH,0.13002153372754144,231.75558257731896,0xd01607c3c5ecaba394d8be377a08590149325722
2025-04-19 05:28:23+00:00,WETH,511.17196823711794,911133.3630645685,0xaf92e072cb195e7549f18ed99e72800f9203c72d
2025-04-19 05:31:47+00:00,WETH,19.539765,34828.4587266,0xadc0a53095a0af87f3aa29fe0715b5c28016364e
2025-04-19 05:48:47+00:00,WETH,0.01,17.8244,0xd01607c3c5ecaba394d8be377a08590149325722
2025-04-19 05:52:35+00:00,WETH,0.70035,1248.331854,0xadc0a53095a0af87f3aa29fe0715b5c28016364e
2025-04-19 05:56:11+00:00,WETH,1.0,1782.44,0xadc0a53095a0af87f3aa29fe0715b5c28016364e
2025-04-19 05:57:35+00:00,WETH,79.08717631158775,140968.14654482648,0xb7f764e44fc01c0b79ea4dee48d1d7664aeeb502
2025-04-19 05:58:47+00:00,WETH,1.0,1782.44,0xadc0a53095a0af87f3aa29fe0715b5c28016364e
2025-04-19 06:01:47+00:00,WETH,5.0,8912.2,0xd01607c3c5ecaba394d8be377a08590149325722
2025-04-19 06:02:59+00:00,WETH,3.0217481744363e-05,0.05386084816042239,0xd01607c3c5ecaba394d8be377a08590149325722
2025-04-19 06:04:47+00:00,WETH,0.000969782745723886,1.7285795572880835,0xd01607c3c5ecaba394d8be377a08590149325722
2025-04-19 06:04:59+00:00,WETH,0.750375,1337.498415,0xadc0a53095a0af87f3aa29fe0715b5c28016364e
2025-04-19 06:09:23+00:00,WETH,130.065,231833.0586,0xadc0a53095a0af87f3aa29fe0715b5c28016364e
2025-04-19 06:09:47+00:00,WETH,20.01,35666.6244,0xadc0a53095a0af87f3aa29fe0715b5c28016364e
2025-04-19 06:15:23+00:00,WETH,31.0,55255.64,0xadc0a53095a0af87f3aa29fe0715b5c28016364e
2025-04-19 06:16:35+00:00,WETH,0.82041,1462.3316004,0xadc0a53095a0af87f3aa29fe0715b5c28016364e
2025-04-19 06:16:47+00:00,WETH,3.9,6951.516,0xadc0a53095a0af87f3aa29fe0715b5c28016364e
2025-04-19 06:19:11+00:00,WETH,0.050025,89.166561,0xadc0a53095a0af87f3aa29fe0715b5c28016364e
2025-04-19 06:25:47+00:00,WETH,96.15154640002407,171384.36236525892,0xb7f764e44fc01c0b79ea4dee48d1d7664aeeb502
2025-04-19 06:28:11+00:00,WETH,8.203723900590358,14622.645629368279,0x35bb522b102326ea3f1141661df4626c87000e3e
2025-04-19 06:39:23+00:00,WETH,511.2373384344619,911249.8815191223,0xaf92e072cb195e7549f18ed99e72800f9203c72d
2025-04-19 06:42:59+00:00,WETH,6.818060490508845,12152.783740702585,0xd01607c3c5ecaba394d8be377a08590149325722
2025-04-19 06:45:35+00:00,WETH,32.0,57038.08,0xadc0a53095a0af87f3aa29fe0715b5c28016364e
2025-04-19 06:48:23+00:00,WETH,55.27321298300002,98521.18574941857,0x1f2f10d1c40777ae1da742455c65828ff36df387
2025-04-19 06:56:59+00:00,WETH,565.9701429613901,1008807.8216201003,0x3bfe65f217df9ad7358698580aeb47f692241c48
2025-04-19 06:59:11+00:00,WETH,0.01290063525923616,22.9946083114729,0xab8b48d3f14e96a13735a52866c2bcc27725023d
2025-04-19 07:00:47+00:00,WETH,96.15897810662554,171397.60893637364,0xb7f764e44fc01c0b79ea4dee48d1d7664aeeb502
2025-04-19 07:25:47+00:00,WETH,0.08515916254702348,151.79109769031655,0xb7f764e44fc01c0b79ea4dee48d1d7664aeeb502
2025-04-19 07:26:59+00:00,WETH,0.005900258346047314,10.516856486328575,0xd01607c3c5ecaba394d8be377a08590149325722
2025-04-19 07:31:11+00:00,WETH,8000.0,14259520.0,0x731b25b19a606122cfdaa659774a4022511875c9
2025-04-19 07:31:11+00:00,WETH,510.3592696418195,909684.7765803648,0x731b25b19a606122cfdaa659774a4022511875c9
2025-04-19 07:31:11+00:00,WETH,8000.0,14259520.0,0x731b25b19a606122cfdaa659774a4022511875c9
2025-04-19 07:31:23+00:00,WETH,2.9867962582119167,5323.785122487249,0x3bfe65f217df9ad7358698580aeb47f692241c48
2025-04-19 07:55:23+00:00,WETH,0.5,891.22,0xd01607c3c5ecaba394d8be377a08590149325722
2025-04-19 07:55:35+00:00,WETH,0.020000000918419712,35.648801637028036,0xd01607c3c5ecaba394d8be377a08590149325722
2025-04-19 08:00:35+00:00,WETH,0.022000001178638515,39.21368210085244,0xd01607c3c5ecaba394d8be377a08590149325722
2025-04-19 08:03:47+00:00,WETH,21.467071578801733,38263.76706491936,0x3bfe65f217df9ad7358698580aeb47f692241c48
2025-04-19 08:10:47+00:00,WETH,0.020000001377629226,35.64880245554144,0xd01607c3c5ecaba394d8be377a08590149325722
2025-04-19 08:11:59+00:00,WETH,65.0,115858.6,0xd01607c3c5ecaba394d8be377a08590149325722
2025-04-19 08:20:59+00:00,WETH,2.54,4527.3976,0xd01607c3c5ecaba394d8be377a08590149325722
2025-04-19 08:23:47+00:00,WETH,42.81036062811805,76306.89919798274,0xd01607c3c5ecaba394d8be377a08590149325722
2025-04-19 08:33:11+00:00,WETH,0.70035,1248.331854,0xadc0a53095a0af87f3aa29fe0715b5c28016364e
2025-04-19 08:34:23+00:00,WETH,510.3722308288157,909707.8791185142,0x4bb41165a817628992ee40ea8e92f8800f143fbd
2025-04-19 08:36:23+00:00,WETH,0.250125,445.832805,0xadc0a53095a0af87f3aa29fe0715b5c28016364e
2025-04-19 08:38:59+00:00,WETH,3.0,5347.32,0xd01607c3c5ecaba394d8be377a08590149325722
2025-04-19 08:55:23+00:00,WETH,5.1516,9182.417904,0x82384d4916b952786dade44c9fa23342898f8f18
2025-04-19 09:01:35+00:00,WETH,0.01,17.8244,0xd01607c3c5ecaba394d8be377a08590149325722
2025-04-19 09:03:35+00:00,WETH,300.0,534732.0,0xd01607c3c5ecaba394d8be377a08590149325722
2025-04-19 09:08:23+00:00,WETH,0.006,10.69464,0xd01607c3c5ecaba394d8be377a08590149325722
2025-04-19 09:11:11+00:00,WETH,0.04002,71.3332488,0xadc0a53095a0af87f3aa29fe0715b5c28016364e
2025-04-19 09:22:59+00:00,WETH,156.30544730949956,278605.0815023444,0x1f2f10d1c40777ae1da742455c65828ff36df387
2025-04-19 09:37:47+00:00,WETH,1.5060664490700557,2684.47308148043,0xd01607c3c5ecaba394d8be377a08590149325722
2025-04-19 09:50:35+00:00,WETH,400.0,712976.0,0xd01607c3c5ecaba394d8be377a08590149325722
2025-04-19 09:57:59+00:00,WETH,0.002947749924294108,5.25418737505879,0xd01607c3c5ecaba394d8be377a08590149325722
2025-04-19 09:59:35+00:00,WETH,1.30065,2318.330586,0xadc0a53095a0af87f3aa29fe0715b5c28016364e
2025-04-19 10:01:47+00:00,WETH,1.450725,2585.830269,0xadc0a53095a0af87f3aa29fe0715b5c28016364e
2025-04-19 10:04:11+00:00,WETH,0.2001,356.666244,0xadc0a53095a0af87f3aa29fe0715b5c28016364e
2025-04-19 10:07:47+00:00,WETH,0.250125,445.832805,0xadc0a53095a0af87f3aa29fe0715b5c28016364e
2025-04-19 10:14:35+00:00,WETH,0.000300000263475408,0.5347324696291063,0xadc0a53095a0af87f3aa29fe0715b5c28016364e
2025-04-19 10:19:23+00:00,WETH,5.0,8912.2,0xd01607c3c5ecaba394d8be377a08590149325722
2025-04-19 10:21:47+00:00,WETH,9488.681648417518,16913005.71740532,0xaf92e072cb195e7549f18ed99e72800f9203c72d
2025-04-19 10:21:47+00:00,WETH,10000.0,17824400.0,0xaf92e072cb195e7549f18ed99e72800f9203c72d
2025-04-19 10:24:23+00:00,WETH,0.3,534.732,0xadc0a53095a0af87f3aa29fe0715b5c28016364e
2025-04-19 10:27:35+00:00,WETH,110.40774075038063,196795.17342310844,0x5141b82f5ffda4c6fe1e372978f1c5427640a190
2025-04-19 10:38:23+00:00,WETH,511.3518321746108,911453.9597413134,0xaf92e072cb195e7549f18ed99e72800f9203c72d
2025-04-19 10:43:47+00:00,WETH,318.1552975266898,567092.728523473,0xe67e43b831a541c5fa40de52ab0afbe311514e64
2025-04-19 10:55:35+00:00,WETH,1.0183613456983538,1815.1679970265739,0xd01607c3c5ecaba394d8be377a08590149325722
2025-04-19 11:13:47+00:00,WETH,1478.312814463014,2635003.893011455,0x7f9b6bb65c8f9105f46ec3b18cb31845c85b6e72
2025-04-19 11:13:47+00:00,WETH,1478.312814463014,2635003.893011455,0x7f9b6bb65c8f9105f46ec3b18cb31845c85b6e72
2025-04-19 11:23:11+00:00,WETH,0.001330000755276415,2.370646546234893,0xd01607c3c5ecaba394d8be377a08590149325722
2025-04-19 11:26:59+00:00,WETH,0.01,17.8244,0xd01607c3c5ecaba394d8be377a08590149325722
2025-04-19 11:41:59+00:00,WETH,0.525,935.7810000000001,0xd01607c3c5ecaba394d8be377a08590149325722
2025-04-19 11:45:11+00:00,WETH,6.673915710376299,11895.85431880313,0xd01607c3c5ecaba394d8be377a08590149325722
2025-04-19 11:45:59+00:00,WETH,0.375,668.415,0xd01607c3c5ecaba394d8be377a08590149325722
2025-04-19 11:55:59+00:00,WETH,0.01,17.8244,0xd01607c3c5ecaba394d8be377a08590149325722
2025-04-19 11:57:47+00:00,WETH,0.212,377.87728,0xd01607c3c5ecaba394d8be377a08590149325722
2025-04-19 12:09:23+00:00,WETH,1.72,3065.7968,0xd01607c3c5ecaba394d8be377a08590149325722
2025-04-19 12:12:11+00:00,WETH,271.3209879653527,483613.3817889633,0xd01607c3c5ecaba394d8be377a08590149325722
2025-04-19 12:19:59+00:00,WETH,0.7000002744332523,1247.7084891608063,0xd01607c3c5ecaba394d8be377a08590149325722
2025-04-19 12:21:11+00:00,WETH,3.0,5347.32,0xd01607c3c5ecaba394d8be377a08590149325722
2025-04-19 12:24:35+00:00,WETH,5.0,8912.2,0xd01607c3c5ecaba394d8be377a08590149325722
2025-04-19 12:27:47+00:00,WETH,5.0,8912.2,0xd01607c3c5ecaba394d8be377a08590149325722
2025-04-19 12:34:11+00:00,WETH,8000.0,14259520.0,0x731b25b19a606122cfdaa659774a4022511875c9
2025-04-19 12:34:11+00:00,WETH,510.3799076700523,909721.5626274081,0x731b25b19a606122cfdaa659774a4022511875c9
2025-04-19 12:34:11+00:00,WETH,8000.0,14259520.0,0x731b25b19a606122cfdaa659774a4022511875c9
2025-04-19 12:47:23+00:00,WETH,50.08444453856574,89272.51732332112,0xd01607c3c5ecaba394d8be377a08590149325722
2025-04-19 12:53:59+00:00,WETH,0.8620086341596668,1536.4786698715566,0xd01607c3c5ecaba394d8be377a08590149325722
2025-04-19 13:08:11+00:00,WETH,80.0,142595.2,0xd01607c3c5ecaba394d8be377a08590149325722
2025-04-19 13:10:59+00:00,WETH,0.08800000943789547,156.8547368224824,0xd01607c3c5ecaba394d8be377a08590149325722
2025-04-19 13:15:47+00:00,WETH,36.99098569007975,65934.21253342574,0xd01607c3c5ecaba394d8be377a08590149325722
2025-04-19 13:15:47+00:00,WETH,510.39297670083727,909744.8573906404,0x4bb41165a817628992ee40ea8e92f8800f143fbd
2025-04-19 13:18:59+00:00,WETH,1.5724906511682089,2802.8702362682625,0x3bfe65f217df9ad7358698580aeb47f692241c48
2025-04-19 13:26:35+00:00,WETH,511.42695986918204,911587.8703492249,0xaf92e072cb195e7549f18ed99e72800f9203c72d
2025-04-19 13:40:47+00:00,WETH,0.50047469,892.0661064436,0xd01607c3c5ecaba394d8be377a08590149325722
2025-04-19 13:46:47+00:00,WETH,0.030000006664673864,53.47321187938128,0xd01607c3c5ecaba394d8be377a08590149325722
2025-04-19 13:52:11+00:00,WETH,1275.1752231173214,2272923.3246932384,0x7f9b6bb65c8f9105f46ec3b18cb31845c85b6e72
2025-04-19 13:52:11+00:00,WETH,1275.1752231173214,2272923.3246932384,0x7f9b6bb65c8f9105f46ec3b18cb31845c85b6e72
2025-04-19 13:59:47+00:00,WETH,1.11,1978.5084000000002,0xd01607c3c5ecaba394d8be377a08590149325722
2025-04-19 14:03:47+00:00,WETH,1.210303,2157.29247932,0xd01607c3c5ecaba394d8be377a08590149325722
2025-04-19 14:11:23+00:00,WETH,0.010022301476768051,17.864151044250445,0x252231882fb38481497f3c767469106297c8d93b
2025-04-19 14:19:59+00:00,WETH,0.004687159415424423,8.35458042842911,0xd01607c3c5ecaba394d8be377a08590149325722
2025-04-19 14:27:23+00:00,WETH,4.2475264736164355,7570.96108763288,0x35bb522b102326ea3f1141661df4626c87000e3e
2025-04-19 14:30:23+00:00,WETH,1.8257686147239234,3254.32300962851,0xd01607c3c5ecaba394d8be377a08590149325722
2025-04-19 14:31:35+00:00,WETH,48.32187422128294,86130.84148698357,0x9008d19f58aabd9ed0d60971565aa8510560ab41
2025-04-19 14:35:35+00:00,WETH,1.0,1782.44,0xd01607c3c5ecaba394d8be377a08590149325722
2025-04-19 14:36:59+00:00,WETH,0.1,178.24400000000003,0xd01607c3c5ecaba394d8be377a08590149325722
2025-04-19 14:40:23+00:00,WETH,0.001349303609221524,2.405052725220813,0x5141b82f5ffda4c6fe1e372978f1c5427640a190
2025-04-19 14:41:59+00:00,WETH,1322.9034423909786,2357996.011855376,0x7f9b6bb65c8f9105f46ec3b18cb31845c85b6e72
2025-04-19 14:41:59+00:00,WETH,1322.9034423909786,2357996.011855376,0x7f9b6bb65c8f9105f46ec3b18cb31845c85b6e72
2025-04-19 14:48:47+00:00,WETH,96.34688855338321,171732.54803309237,0xb7f764e44fc01c0b79ea4dee48d1d7664aeeb502
2025-04-19 14:50:23+00:00,WETH,0.45,802.0980000000001,0xd01607c3c5ecaba394d8be377a08590149325722
2025-04-19 15:00:59+00:00,WETH,511.4659717594305,911657.4067028794,0xaf92e072cb195e7549f18ed99e72800f9203c72d
2025-04-19 15:08:23+00:00,WETH,0.00183649510499539,3.2734423349479833,0xd01607c3c5ecaba394d8be377a08590149325722
2025-04-19 15:15:59+00:00,WETH,20.234262635147292,36066.35909139194,0xb7f764e44fc01c0b79ea4dee48d1d7664aeeb502
2025-04-19 15:22:59+00:00,WETH,0.25,445.61,0xd01607c3c5ecaba394d8be377a08590149325722
2025-04-19 15:23:11+00:00,WETH,0.04512936639693872,80.44038784055945,0xd01607c3c5ecaba394d8be377a08590149325722
2025-04-19 15:25:59+00:00,WETH,0.03800000320151184,67.73272570650276,0xd01607c3c5ecaba394d8be377a08590149325722
2025-04-19 15:28:23+00:00,WETH,0.04756854087377216,84.78806999504644,0x3bfe65f217df9ad7358698580aeb47f692241c48
2025-04-19 15:28:35+00:00,WETH,96.35470397460743,171746.47855249926,0xb7f764e44fc01c0b79ea4dee48d1d7664aeeb502
2025-04-19 15:35:35+00:00,WETH,120.0,213892.80000000002,0xd01607c3c5ecaba394d8be377a08590149325722
2025-04-19 15:35:59+00:00,WETH,1091.9375438675052,1946313.155691196,0x7f9b6bb65c8f9105f46ec3b18cb31845c85b6e72
2025-04-19 15:35:59+00:00,WETH,1091.9375438675052,1946313.155691196,0x7f9b6bb65c8f9105f46ec3b18cb31845c85b6e72
2025-04-19 15:39:47+00:00,WETH,0.10005,178.333122,0xadc0a53095a0af87f3aa29fe0715b5c28016364e
2025-04-19 15:43:59+00:00,WETH,1.250625,2229.164025,0xadc0a53095a0af87f3aa29fe0715b5c28016364e
2025-04-19 15:45:47+00:00,WETH,96.35581060528591,171748.4510552858,0xb7f764e44fc01c0b79ea4dee48d1d7664aeeb502
2025-04-19 15:58:47+00:00,WETH,202.0231515943693,360094.14632786764,0x1f2f10d1c40777ae1da742455c65828ff36df387
2025-04-19 16:02:23+00:00,WETH,96.35655796459929,171749.78317842036,0xb7f764e44fc01c0b79ea4dee48d1d7664aeeb502
2025-04-19 16:04:35+00:00,WETH,20.01,35666.6244,0xadc0a53095a0af87f3aa29fe0715b5c28016364e
2025-04-19 16:05:11+00:00,WETH,3.77,6719.7988000000005,0xd01607c3c5ecaba394d8be377a08590149325722
2025-04-19 16:08:11+00:00,WETH,3.0,5347.32,0xd01607c3c5ecaba394d8be377a08590149325722
2025-04-19 16:12:59+00:00,WETH,0.00073190727811554,1.3045808088042632,0xd01607c3c5ecaba394d8be377a08590149325722
2025-04-19 16:22:11+00:00,WETH,0.44022,784.6657368,0xadc0a53095a0af87f3aa29fe0715b5c28016364e
2025-04-19 16:23:23+00:00,WETH,0.01,17.8244,0xd01607c3c5ecaba394d8be377a08590149325722
2025-04-19 16:26:47+00:00,WETH,0.15000000344374895,267.3660061382759,0xadc0a53095a0af87f3aa29fe0715b5c28016364e
2025-04-19 16:29:23+00:00,WETH,0.10700000655077352,190.72109167636074,0xd01607c3c5ecaba394d8be377a08590149325722
2025-04-19 16:33:59+00:00,WETH,0.350175,624.165927,0xadc0a53095a0af87f3aa29fe0715b5c28016364e
2025-04-19 16:41:23+00:00,WETH,0.27212532479478485,485.0470639272163,0xd01607c3c5ecaba394d8be377a08590149325722
2025-04-19 16:53:47+00:00,WETH,8000.0,14259520.0,0x731b25b19a606122cfdaa659774a4022511875c9
2025-04-19 16:53:47+00:00,WETH,510.43680987358374,909822.9873910706,0x731b25b19a606122cfdaa659774a4022511875c9
2025-04-19 16:53:47+00:00,WETH,8000.0,14259520.0,0x731b25b19a606122cfdaa659774a4022511875c9
2025-04-19 16:55:47+00:00,WETH,0.497,885.8726800000001,0xd01607c3c5ecaba394d8be377a08590149325722
2025-04-19 16:58:23+00:00,WETH,2.755805882244852,4912.058636748514,0xadc0a53095a0af87f3aa29fe0715b5c28016364e
2025-04-19 17:15:23+00:00,WETH,0.46362229484482276,826.3789232232059,0xadc0a53095a0af87f3aa29fe0715b5c28016364e
2025-04-19 17:28:23+00:00,WETH,1.0,1782.44,0xd01607c3c5ecaba394d8be377a08590149325722
2025-04-19 17:38:47+00:00,WETH,0.29232317367797994,521.0485176905786,0x22a956c4755d8c4294b358dc346e74250e175622
2025-04-19 17:38:59+00:00,WETH,10.005,17833.3122,0xadc0a53095a0af87f3aa29fe0715b5c28016364e
2025-04-19 17:38:59+00:00,WETH,20.01,35666.6244,0xadc0a53095a0af87f3aa29fe0715b5c28016364e
2025-04-19 17:39:59+00:00,WETH,2.6593,4740.042692,0xd01607c3c5ecaba394d8be377a08590149325722
2025-04-19 17:41:23+00:00,WETH,5.0025,8916.6561,0xadc0a53095a0af87f3aa29fe0715b5c28016364e
2025-04-19 17:43:47+00:00,WETH,0.25,445.61,0xd01607c3c5ecaba394d8be377a08590149325722
2025-04-19 17:46:23+00:00,WETH,0.17040395489616925,303.7348253651279,0x22a956c4755d8c4294b358dc346e74250e175622
2025-04-19 17:49:47+00:00,WETH,1384.0708609099854,2467023.2653203947,0x7f9b6bb65c8f9105f46ec3b18cb31845c85b6e72
2025-04-19 17:49:47+00:00,WETH,1384.0708609099854,2467023.2653203947,0x7f9b6bb65c8f9105f46ec3b18cb31845c85b6e72
2025-04-19 17:54:35+00:00,WETH,4.69,8359.643600000001,0xadc0a53095a0af87f3aa29fe0715b5c28016364e
2025-04-19 17:56:11+00:00,WETH,22.00036299368516,39214.32701446418,0xd01607c3c5ecaba394d8be377a08590149325722
2025-04-19 17:58:35+00:00,WETH,10.0,17824.4,0xadc0a53095a0af87f3aa29fe0715b5c28016364e
2025-04-19 18:00:11+00:00,WETH,10.0,17824.4,0xadc0a53095a0af87f3aa29fe0715b5c28016364e
2025-04-19 18:01:11+00:00,WETH,20.002710202469277,35653.63077328934,0xadc0a53095a0af87f3aa29fe0715b5c28016364e
2025-04-19 18:06:47+00:00,WETH,105.68762025489325,188381.84184713193,0x1f2f10d1c40777ae1da742455c65828ff36df387
2025-04-19 18:06:47+00:00,WETH,0.000563119698669207,1.0037270756959413,0xaa3fa60b42dccdd0e9c94423ac80f3116864ff98
2025-04-19 18:06:47+00:00,WETH,0.000102294287355674,0.18233342955424756,0xaa3fa60b42dccdd0e9c94423ac80f3116864ff98
2025-04-19 18:10:11+00:00,WETH,20.01,35666.6244,0xadc0a53095a0af87f3aa29fe0715b5c28016364e
2025-04-19 18:22:35+00:00,WETH,9.112595619757e-06,0.016242654936479667,0xaa3fa60b42dccdd0e9c94423ac80f3116864ff98
2025-04-19 18:22:35+00:00,WETH,9.1153655228537e-05,0.1624759212255535,0xaa3fa60b42dccdd0e9c94423ac80f3116864ff98
2025-04-19 18:23:23+00:00,WETH,1888.0018265096876,3365249.9756439277,0x7f9b6bb65c8f9105f46ec3b18cb31845c85b6e72
2025-04-19 18:23:23+00:00,WETH,1888.0018265096876,3365249.9756439277,0x7f9b6bb65c8f9105f46ec3b18cb31845c85b6e72
2025-04-19 18:23:35+00:00,WETH,62.98059997405918,112259.14061776205,0x5141b82f5ffda4c6fe1e372978f1c5427640a190
2025-04-19 18:25:11+00:00,WETH,31639.211616149234,56394996.35308904,0xaf92e072cb195e7549f18ed99e72800f9203c72d
2025-04-19 18:25:11+00:00,WETH,32662.24866638491,58218498.51291112,0xaf92e072cb195e7549f18ed99e72800f9203c72d
2025-04-19 18:30:23+00:00,WETH,597.4512035547568,1064920.9232641407,0x7f9b6bb65c8f9105f46ec3b18cb31845c85b6e72
2025-04-19 18:30:23+00:00,WETH,597.4512035547568,1064920.9232641407,0x7f9b6bb65c8f9105f46ec3b18cb31845c85b6e72
2025-04-19 18:36:11+00:00,WETH,20.01,35666.6244,0xadc0a53095a0af87f3aa29fe0715b5c28016364e
2025-04-19 18:40:59+00:00,WETH,1.0,1782.44,0xd01607c3c5ecaba394d8be377a08590149325722
2025-04-19 18:49:47+00:00,WETH,0.150075,267.499683,0xadc0a53095a0af87f3aa29fe0715b5c28016364e
2025-04-19 18:52:23+00:00,WETH,225.27245076768403,401534.62714635074,0x78dea3b66277b94b246b5f5898108a0476599158
2025-04-19 18:53:23+00:00,WETH,0.1,178.24400000000003,0xd01607c3c5ecaba394d8be377a08590149325722
2025-04-19 19:07:47+00:00,WETH,1896.0370309705295,3379572.2454831107,0x7f9b6bb65c8f9105f46ec3b18cb31845c85b6e72
2025-04-19 19:07:47+00:00,WETH,1896.0370309705295,3379572.2454831107,0x7f9b6bb65c8f9105f46ec3b18cb31845c85b6e72
2025-04-19 19:13:35+00:00,WETH,1844.6652698666326,3288005.1636210806,0x7f9b6bb65c8f9105f46ec3b18cb31845c85b6e72
2025-04-19 19:13:35+00:00,WETH,1844.6652698666326,3288005.1636210806,0x7f9b6bb65c8f9105f46ec3b18cb31845c85b6e72
2025-04-19 19:19:59+00:00,WETH,8000.0,14259520.0,0x731b25b19a606122cfdaa659774a4022511875c9
2025-04-19 19:19:59+00:00,WETH,510.445685894457,909838.8083657159,0x731b25b19a606122cfdaa659774a4022511875c9
2025-04-19 19:19:59+00:00,WETH,8000.0,14259520.0,0x731b25b19a606122cfdaa659774a4022511875c9
2025-04-19 19:20:23+00:00,WETH,0.01,17.8244,0xd01607c3c5ecaba394d8be377a08590149325722
2025-04-19 19:27:11+00:00,WETH,0.05,89.12200000000001,0xd01607c3c5ecaba394d8be377a08590149325722
2025-04-19 19:36:35+00:00,WETH,0.7000006115251638,1247.709090006913,0xd01607c3c5ecaba394d8be377a08590149325722
2025-04-19 19:48:23+00:00,WETH,0.02331835591542599,41.5635703178919,0xaa3fa60b42dccdd0e9c94423ac80f3116864ff98
2025-04-19 19:48:23+00:00,WETH,0.04972286597384131,88.62802522641371,0xaa3fa60b42dccdd0e9c94423ac80f3116864ff98
2025-04-19 19:48:23+00:00,WETH,0.10005,178.333122,0xadc0a53095a0af87f3aa29fe0715b5c28016364e
2025-04-19 19:48:35+00:00,WETH,0.015431243408771026,27.50526550152983,0xaa3fa60b42dccdd0e9c94423ac80f3116864ff98
2025-04-19 19:48:35+00:00,WETH,0.033370878761330436,59.48158913934582,0xaa3fa60b42dccdd0e9c94423ac80f3116864ff98
2025-04-19 19:48:35+00:00,WETH,0.0206348118605443,36.78031405270858,0xaa3fa60b42dccdd0e9c94423ac80f3116864ff98
2025-04-19 19:48:35+00:00,WETH,0.02797030969914296,49.85539882014038,0xaa3fa60b42dccdd0e9c94423ac80f3116864ff98
2025-04-19 19:48:35+00:00,WETH,0.005118996796471153,9.124304649902042,0xaa3fa60b42dccdd0e9c94423ac80f3116864ff98
2025-04-19 19:48:35+00:00,WETH,0.04423868004141151,78.85279285301353,0xaa3fa60b42dccdd0e9c94423ac80f3116864ff98
2025-04-19 19:48:35+00:00,WETH,0.0102147525703976,18.2071835715795,0xaa3fa60b42dccdd0e9c94423ac80f3116864ff98
2025-04-19 19:48:35+00:00,WETH,0.0387933367802306,69.14679521055423,0xaa3fa60b42dccdd0e9c94423ac80f3116864ff98
2025-04-19 19:48:47+00:00,WETH,0.02617632055268765,46.65772080593258,0xaa3fa60b42dccdd0e9c94423ac80f3116864ff98
2025-04-19 19:48:47+00:00,WETH,0.02255564686727171,40.20408720209979,0xaa3fa60b42dccdd0e9c94423ac80f3116864ff98
2025-04-19 19:48:47+00:00,WETH,0.031373290060748314,55.921007135880224,0xaa3fa60b42dccdd0e9c94423ac80f3116864ff98
2025-04-19 19:48:47+00:00,WETH,0.01716275317446971,30.59157776830179,0xaa3fa60b42dccdd0e9c94423ac80f3116864ff98
2025-04-19 19:48:59+00:00,WETH,0.03679627242002085,65.58714781234197,0xaa3fa60b42dccdd0e9c94423ac80f3116864ff98
2025-04-19 19:48:59+00:00,WETH,0.011766850733637972,20.973705421665667,0xaa3fa60b42dccdd0e9c94423ac80f3116864ff98
2025-04-19 19:48:59+00:00,WETH,0.04171211355166307,74.34933967902633,0xaa3fa60b42dccdd0e9c94423ac80f3116864ff98
2025-04-19 19:48:59+00:00,WETH,0.006418954305107869,11.44140091159647,0xaa3fa60b42dccdd0e9c94423ac80f3116864ff98
2025-04-19 19:50:11+00:00,WETH,1.690845,3013.8297618,0xadc0a53095a0af87f3aa29fe0715b5c28016364e
2025-04-19 20:04:11+00:00,WETH,512.1539941433771,912883.7653209211,0xaf92e072cb195e7549f18ed99e72800f9203c72d
2025-04-19 20:09:47+00:00,WETH,0.50025,891.66561,0xadc0a53095a0af87f3aa29fe0715b5c28016364e
2025-04-19 20:14:23+00:00,WETH,0.2001,356.666244,0xadc0a53095a0af87f3aa29fe0715b5c28016364e
2025-04-19 20:24:47+00:00,WETH,194.67958674865207,347004.6826042674,0x1f2f10d1c40777ae1da742455c65828ff36df387
2025-04-19 20:47:23+00:00,WETH,0.2001,356.666244,0xadc0a53095a0af87f3aa29fe0715b5c28016364e
2025-04-19 21:11:35+00:00,WETH,0.021707352924895246,38.692054147450285,0xaa3fa60b42dccdd0e9c94423ac80f3116864ff98
2025-04-19 21:11:35+00:00,WETH,0.003606341905428006,6.428088065911095,0xaa3fa60b42dccdd0e9c94423ac80f3116864ff98
2025-04-19 21:11:35+00:00,WETH,0.024246004889726263,43.21704895564368,0xaa3fa60b42dccdd0e9c94423ac80f3116864ff98
2025-04-19 21:11:35+00:00,WETH,0.000821107225912579,1.4635743637556173,0xaa3fa60b42dccdd0e9c94423ac80f3116864ff98
2025-04-19 21:20:11+00:00,WETH,124.89143324805956,222611.48627867128,0x997d1c9f17e685f28fff1deb758453945c42ed64
2025-04-19 21:21:11+00:00,WETH,100.0,178244.0,0x6a63bb66d9019edb31cc46aa205d0b1ccfacb1eb
2025-04-19 21:21:47+00:00,WETH,0.000515796030369933,0.9193754763725834,0xaa3fa60b42dccdd0e9c94423ac80f3116864ff98
2025-04-19 21:21:47+00:00,WETH,0.37794034918560404,673.6559960023881,0xd01607c3c5ecaba394d8be377a08590149325722
2025-04-19 21:23:11+00:00,WETH,0.12469551089901743,222.26226644684462,0xd01607c3c5ecaba394d8be377a08590149325722
2025-04-19 21:26:23+00:00,WETH,54.0,96251.76000000001,0xd01607c3c5ecaba394d8be377a08590149325722
2025-04-19 21:49:23+00:00,WETH,0.4244133281463588,756.4912926211958,0x3bfe65f217df9ad7358698580aeb47f692241c48
2025-04-19 22:04:11+00:00,WETH,391.17859588348506,697252.3764465591,0x1f2f10d1c40777ae1da742455c65828ff36df387
2025-04-19 22:14:11+00:00,WETH,0.008069382684428772,14.38319047203322,0xadc0a53095a0af87f3aa29fe0715b5c28016364e
2025-04-19 22:18:11+00:00,WETH,28.0,49908.32,0xd01607c3c5ecaba394d8be377a08590149325722
2025-04-19 22:38:47+00:00,WETH,0.0043,7.664492,0xd01607c3c5ecaba394d8be377a08590149325722
2025-04-19 22:39:23+00:00,WETH,0.005,8.9122,0xd01607c3c5ecaba394d8be377a08590149325722
2025-04-19 22:40:11+00:00,WETH,7.273264524712659,12964.157619428834,0x35bb522b102326ea3f1141661df4626c87000e3e
2025-04-19 22:49:59+00:00,WETH,0.032278160157036676,57.53388379030845,0xd01607c3c5ecaba394d8be377a08590149325722
2025-04-19 22:54:11+00:00,WETH,3.7918333923297682,6758.715511824273,0xd01607c3c5ecaba394d8be377a08590149325722
2025-04-19 22:54:47+00:00,WETH,0.23134009945345285,412.3498468698125,0xd01607c3c5ecaba394d8be377a08590149325722
2025-04-19 23:01:23+00:00,WETH,512.2697705129327,913090.1297530718,0xaf92e072cb195e7549f18ed99e72800f9203c72d
2025-04-19 23:06:23+00:00,WETH,0.010005,17.8333122,0xadc0a53095a0af87f3aa29fe0715b5c28016364e
2025-04-19 23:09:47+00:00,WETH,0.01,17.8244,0xd01607c3c5ecaba394d8be377a08590149325722
2025-04-19 23:28:23+00:00,WETH,0.250125,445.832805,0xadc0a53095a0af87f3aa29fe0715b5c28016364e
2025-04-19 23:53:47+00:00,WETH,512.2780159358939,913104.8267247748,0xaf92e072cb195e7549f18ed99e72800f9203c72d
2025-04-20 00:00:35+00:00,WETH,0.6313305176392024,1125.3087678608201,0x45c00508c14601fd1c1e296eb3c0e3eeedca45d0
2025-04-20 00:13:23+00:00,WETH,0.001834252873790131,3.269445692358481,0xd01607c3c5ecaba394d8be377a08590149325722
2025-04-20 00:21:35+00:00,WETH,0.6781832727770072,1208.8209927286487,0xadc0a53095a0af87f3aa29fe0715b5c28016364e
2025-04-20 00:24:11+00:00,WETH,1.2800426734385832,2281.5992628438685,0x5951ab7b9459eeab1e399938c735ff0076cf7bd2
2025-04-20 00:26:23+00:00,WETH,32.0,57038.08,0xd01607c3c5ecaba394d8be377a08590149325722
2025-04-20 00:31:47+00:00,WETH,0.070035,124.8331854,0xadc0a53095a0af87f3aa29fe0715b5c28016364e
2025-04-20 00:38:23+00:00,WETH,0.000916895299963609,1.6343108584671353,0xaa3fa60b42dccdd0e9c94423ac80f3116864ff98
2025-04-20 00:38:23+00:00,WETH,0.000882196726588618,1.5724627333406163,0xaa3fa60b42dccdd0e9c94423ac80f3116864ff98
2025-04-20 00:46:23+00:00,WETH,26.5,47234.66,0xd01607c3c5ecaba394d8be377a08590149325722
2025-04-20 00:58:11+00:00,WETH,512.3472870760118,913228.2983757664,0xaf92e072cb195e7549f18ed99e72800f9203c72d
2025-04-20 01:01:23+00:00,WETH,510.5021401448934,909939.4346798639,0x4bb41165a817628992ee40ea8e92f8800f143fbd
2025-04-20 01:08:35+00:00,WETH,510.50545617601796,909945.3453063815,0x4bb41165a817628992ee40ea8e92f8800f143fbd
2025-04-20 01:08:47+00:00,WETH,0.032,57.03808,0xd01607c3c5ecaba394d8be377a08590149325722
2025-04-20 01:13:11+00:00,WETH,0.030265582376382,53.946584650958336,0x8e3c1d44f983560113f0d6a5fce0501f2677b8ed
2025-04-20 01:23:35+00:00,WETH,4.00271383340026,7134.59724520596,0xd01607c3c5ecaba394d8be377a08590149325722
2025-04-20 01:31:47+00:00,WETH,31.0,55255.64,0x39d52da6beec991f075eebe577474fd105c5caec
2025-04-20 01:32:35+00:00,WETH,0.01,17.8244,0xfb960a2deb5ca509ae2f4402696375c0991830e7
2025-04-20 01:35:23+00:00,WETH,0.9139973671880083,1629.1454671705935,0x35bb522b102326ea3f1141661df4626c87000e3e
2025-04-20 01:52:11+00:00,WETH,0.9723996967086235,1733.2441154013188,0xd01607c3c5ecaba394d8be377a08590149325722
2025-04-20 02:04:35+00:00,WETH,510.5752124596098,910069.6816965069,0x4bb41165a817628992ee40ea8e92f8800f143fbd
2025-04-20 02:08:47+00:00,WETH,0.01,17.8244,0xd01607c3c5ecaba394d8be377a08590149325722
2025-04-20 02:10:59+00:00,WETH,1229.3975456353246,2191327.361242228,0x7f9b6bb65c8f9105f46ec3b18cb31845c85b6e72
2025-04-20 02:10:59+00:00,WETH,1229.3975456353246,2191327.361242228,0x7f9b6bb65c8f9105f46ec3b18cb31845c85b6e72
2025-04-20 02:21:11+00:00,WETH,512.3877316154832,913300.3883407018,0xaf92e072cb195e7549f18ed99e72800f9203c72d
2025-04-20 02:34:59+00:00,WETH,946.2676509705552,1686665.3117959565,0x1f2f10d1c40777ae1da742455c65828ff36df387
2025-04-20 02:36:59+00:00,WETH,8000.0,14259520.0,0x731b25b19a606122cfdaa659774a4022511875c9
2025-04-20 02:36:59+00:00,WETH,510.57840122834966,910075.3654854596,0x731b25b19a606122cfdaa659774a4022511875c9
2025-04-20 02:36:59+00:00,WETH,8000.0,14259520.0,0x731b25b19a606122cfdaa659774a4022511875c9
2025-04-20 02:46:35+00:00,WETH,201.8066145169535,359708.1819795986,0x1f2f10d1c40777ae1da742455c65828ff36df387
2025-04-20 02:51:11+00:00,WETH,254.46981037262518,453577.168800582,0x3bfe65f217df9ad7358698580aeb47f692241c48
2025-04-20 02:51:35+00:00,WETH,512.3913770505036,913306.8861098996,0xaf92e072cb195e7549f18ed99e72800f9203c72d
2025-04-20 02:57:47+00:00,WETH,0.001867822839747722,3.3292821424799297,0xaa3fa60b42dccdd0e9c94423ac80f3116864ff98
2025-04-20 02:57:47+00:00,WETH,0.00071022821444408,1.265939178553706,0xaa3fa60b42dccdd0e9c94423ac80f3116864ff98
2025-04-20 02:57:47+00:00,WETH,0.005378292217365123,9.58648317992029,0xd01607c3c5ecaba394d8be377a08590149325722
2025-04-20 02:58:11+00:00,WETH,0.000283974503319844,0.5061675136974227,0xaa3fa60b42dccdd0e9c94423ac80f3116864ff98
2025-04-20 02:58:11+00:00,WETH,0.000610807952482462,1.0887285268228397,0xaa3fa60b42dccdd0e9c94423ac80f3116864ff98
2025-04-20 02:58:23+00:00,WETH,100.05,178333.122,0xadc0a53095a0af87f3aa29fe0715b5c28016364e
2025-04-20 03:08:11+00:00,WETH,512.3988035243766,913320.1233539899,0xaf92e072cb195e7549f18ed99e72800f9203c72d
2025-04-20 03:12:23+00:00,WETH,0.04766904617440229,84.96721466310163,0xd01607c3c5ecaba394d8be377a08590149325722
2025-04-20 03:16:59+00:00,WETH,1435.5933083098562,2558858.9364638203,0x7f9b6bb65c8f9105f46ec3b18cb31845c85b6e72
2025-04-20 03:16:59+00:00,WETH,1435.5933083098562,2558858.9364638203,0x7f9b6bb65c8f9105f46ec3b18cb31845c85b6e72
2025-04-20 03:18:59+00:00,WETH,0.05991722374238738,106.79885628738096,0x5141b82f5ffda4c6fe1e372978f1c5427640a190
2025-04-20 03:30:23+00:00,WETH,0.12,213.8928,0xd01607c3c5ecaba394d8be377a08590149325722
2025-04-20 03:34:59+00:00,WETH,0.11793408076581627,210.21042292022156,0x35bb522b102326ea3f1141661df4626c87000e3e
2025-04-20 03:37:11+00:00,WETH,0.08802349568940711,156.89659965662682,0x35bb522b102326ea3f1141661df4626c87000e3e
2025-04-20 03:37:47+00:00,WETH,0.09345545595428104,166.5787429111487,0xd01607c3c5ecaba394d8be377a08590149325722
2025-04-20 03:42:23+00:00,WETH,0.3080041499189469,548.9989169815278,0xd01607c3c5ecaba394d8be377a08590149325722
2025-04-20 03:43:59+00:00,WETH,25.0,44561.0,0x4907e49d43f6f9ac93e89d3e06e89c260bc0a605
2025-04-20 04:02:59+00:00,WETH,0.0312,55.612128,0xd01607c3c5ecaba394d8be377a08590149325722
2025-04-20 04:04:35+00:00,WETH,54.23082936996687,96663.19950220374,0x95700316fd4ef196418bf918c1495cbc6053260f
2025-04-20 04:05:11+00:00,WETH,0.001766453290281399,3.148597002729177,0xd01607c3c5ecaba394d8be377a08590149325722
2025-04-20 04:05:47+00:00,WETH,0.06604029268562814,117.71285929457102,0xa70356582280bd372e386691da2c5ab11abaf00c
2025-04-20 04:07:11+00:00,WETH,0.000248286875262469,0.44255645794283527,0xaa3fa60b42dccdd0e9c94423ac80f3116864ff98
2025-04-20 04:07:11+00:00,WETH,5.7211445379082e-05,0.10197596870149092,0xaa3fa60b42dccdd0e9c94423ac80f3116864ff98
2025-04-20 04:22:11+00:00,WETH,0.7471898021166332,1331.8209908847718,0xd01607c3c5ecaba394d8be377a08590149325722
2025-04-20 04:28:11+00:00,WETH,512.477964313304,913461.2227106057,0xaf92e072cb195e7549f18ed99e72800f9203c72d
2025-04-20 04:29:35+00:00,WETH,229.71160390547803,409447.15126528026,0x1f2f10d1c40777ae1da742455c65828ff36df387
2025-04-20 04:34:11+00:00,WETH,0.000504621767002182,0.8994580223753692,0xaa3fa60b42dccdd0e9c94423ac80f3116864ff98
2025-04-20 04:35:47+00:00,WETH,0.06932918134609771,123.5751059985384,0x252231882fb38481497f3c767469106297c8d93b
2025-04-20 04:44:59+00:00,WETH,1097.251132345744,1955784.308338348,0x9f739b86d916bba4ed6323868ce0da252d9222a9
2025-04-20 04:44:59+00:00,WETH,1097.251132345744,1955784.308338348,0x9f739b86d916bba4ed6323868ce0da252d9222a9
2025-04-20 04:51:47+00:00,WETH,0.000134373509891973,0.23951271897184834,0xaa3fa60b42dccdd0e9c94423ac80f3116864ff98
2025-04-20 04:51:47+00:00,WETH,0.000764887872763992,1.3633667399294498,0xaa3fa60b42dccdd0e9c94423ac80f3116864ff98
2025-04-20 04:54:35+00:00,WETH,1530.0,2727133.2,0xd01607c3c5ecaba394d8be377a08590149325722
2025-04-20 04:56:23+00:00,WETH,0.000477434019148115,0.8509974930903661,0xaa3fa60b42dccdd0e9c94423ac80f3116864ff98
2025-04-20 04:56:23+00:00,WETH,0.000640655805098739,1.1419305332401966,0xaa3fa60b42dccdd0e9c94423ac80f3116864ff98
2025-04-20 04:57:35+00:00,WETH,0.1032,183.947808,0xd01607c3c5ecaba394d8be377a08590149325722
2025-04-20 05:01:35+00:00,WETH,0.2001,356.666244,0xadc0a53095a0af87f3aa29fe0715b5c28016364e
2025-04-20 05:04:35+00:00,WETH,0.02001,35.6666244,0xadc0a53095a0af87f3aa29fe0715b5c28016364e
2025-04-20 05:06:11+00:00,WETH,924.9042866850795,1648586.396758953,0x9f739b86d916bba4ed6323868ce0da252d9222a9
2025-04-20 05:06:11+00:00,WETH,924.9042866850795,1648586.396758953,0x9f739b86d916bba4ed6323868ce0da252d9222a9
2025-04-20 05:09:47+00:00,WETH,0.017000043708057647,30.301557906990272,0xd01607c3c5ecaba394d8be377a08590149325722
2025-04-20 05:14:35+00:00,WETH,0.13426552858254218,239.32024876666648,0xd01607c3c5ecaba394d8be377a08590149325722
2025-04-20 05:16:59+00:00,WETH,0.03,53.4732,0xd01607c3c5ecaba394d8be377a08590149325722
2025-04-20 05:24:11+00:00,WETH,497.85587211711544,887398.2206964312,0x50756105d6bcd7586a6fa09ab13362fac06624f3
2025-04-20 05:24:47+00:00,WETH,8000.0,14259520.0,0x731b25b19a606122cfdaa659774a4022511875c9
2025-04-20 05:24:47+00:00,WETH,510.60581020223754,910124.2203368763,0x731b25b19a606122cfdaa659774a4022511875c9
2025-04-20 05:24:47+00:00,WETH,8000.0,14259520.0,0x731b25b19a606122cfdaa659774a4022511875c9
2025-04-20 05:27:35+00:00,WETH,209.93963296405485,374204.7993804499,0x1f2f10d1c40777ae1da742455c65828ff36df387
2025-04-20 05:33:23+00:00,WETH,8000.0,14259520.0,0x731b25b19a606122cfdaa659774a4022511875c9
2025-04-20 05:33:23+00:00,WETH,510.6607267826692,910222.105846501,0x731b25b19a606122cfdaa659774a4022511875c9
2025-04-20 05:33:23+00:00,WETH,8000.0,14259520.0,0x731b25b19a606122cfdaa659774a4022511875c9
2025-04-20 05:38:59+00:00,WETH,0.26,463.43440000000004,0xd01607c3c5ecaba394d8be377a08590149325722
2025-04-20 05:39:35+00:00,WETH,0.08246813327455141,146.9944994738914,0x78f8bd884c3d738b74b420540659c82f392820e0
2025-04-20 05:41:59+00:00,WETH,8000.0,14259520.0,0x731b25b19a606122cfdaa659774a4022511875c9
2025-04-20 05:41:59+00:00,WETH,510.66770742019605,910234.5484140543,0x731b25b19a606122cfdaa659774a4022511875c9
2025-04-20 05:41:59+00:00,WETH,8000.0,14259520.0,0x731b25b19a606122cfdaa659774a4022511875c9
2025-04-20 05:46:11+00:00,WETH,8000.0,14259520.0,0x731b25b19a606122cfdaa659774a4022511875c9
2025-04-20 05:46:11+00:00,WETH,510.73274015026493,910350.4653534383,0x731b25b19a606122cfdaa659774a4022511875c9
2025-04-20 05:46:11+00:00,WETH,8000.0,14259520.0,0x731b25b19a606122cfdaa659774a4022511875c9
2025-04-20 05:59:35+00:00,WETH,8000.0,14259520.0,0x731b25b19a606122cfdaa659774a4022511875c9
2025-04-20 05:59:35+00:00,WETH,510.81705697273526,910500.7550304823,0x731b25b19a606122cfdaa659774a4022511875c9
2025-04-20 05:59:35+00:00,WETH,8000.0,14259520.0,0x731b25b19a606122cfdaa659774a4022511875c9
2025-04-20 06:01:11+00:00,WETH,0.04444000443942233,79.21164151300394,0xd01607c3c5ecaba394d8be377a08590149325722
2025-04-20 06:03:23+00:00,WETH,23.967318,42720.306295919996,0xa434d495249abe33e031fe71a969b81f3c07950d
2025-04-20 06:07:11+00:00,WETH,0.02000000092214496,35.648801643668065,0xd01607c3c5ecaba394d8be377a08590149325722
2025-04-20 06:13:11+00:00,WETH,0.02000000322674913,35.64880575148672,0xd01607c3c5ecaba394d8be377a08590149325722
2025-04-20 06:18:23+00:00,WETH,510.82917219515014,910522.3496875234,0x4bb41165a817628992ee40ea8e92f8800f143fbd
2025-04-20 06:20:23+00:00,WETH,0.02200000304244296,39.21368542297203,0xd01607c3c5ecaba394d8be377a08590149325722
2025-04-20 06:20:35+00:00,WETH,75.0375,133749.84149999998,0xadc0a53095a0af87f3aa29fe0715b5c28016364e
2025-04-20 06:21:47+00:00,WETH,90.045,160499.80980000002,0xadc0a53095a0af87f3aa29fe0715b5c28016364e
2025-04-20 06:27:35+00:00,WETH,0.000899255659057539,1.6028692569305198,0xaa3fa60b42dccdd0e9c94423ac80f3116864ff98
2025-04-20 06:44:59+00:00,WETH,32.97824193697824,58781.7375581475,0xadc0a53095a0af87f3aa29fe0715b5c28016364e
2025-04-20 06:46:23+00:00,WETH,50.0,89122.0,0xadc0a53095a0af87f3aa29fe0715b5c28016364e
2025-04-20 06:46:35+00:00,WETH,11.85900870761671,21137.971480804328,0x3bfe65f217df9ad7358698580aeb47f692241c48
2025-04-20 06:47:47+00:00,WETH,0.061250005664679655,109.1744600969516,0xd01607c3c5ecaba394d8be377a08590149325722
2025-04-20 06:48:35+00:00,WETH,0.022,39.21368,0xff841eab76109192182c5d125e67ac8a579461d7
2025-04-20 06:51:23+00:00,WETH,698.4538509409119,1244952.0820711192,0x9f739b86d916bba4ed6323868ce0da252d9222a9
2025-04-20 06:51:23+00:00,WETH,698.4538509409119,1244952.0820711192,0x9f739b86d916bba4ed6323868ce0da252d9222a9
2025-04-20 07:01:23+00:00,WETH,0.005,8.9122,0xd01607c3c5ecaba394d8be377a08590149325722
2025-04-20 07:08:35+00:00,WETH,0.8510079941736401,1516.8706891348631,0xd01607c3c5ecaba394d8be377a08590149325722
2025-04-20 07:17:11+00:00,WETH,14.05,25043.282000000003,0xd01607c3c5ecaba394d8be377a08590149325722
2025-04-20 07:24:35+00:00,WETH,10.0,17824.4,0xd01607c3c5ecaba394d8be377a08590149325722
2025-04-20 07:28:23+00:00,WETH,0.5,891.22,0xd01607c3c5ecaba394d8be377a08590149325722
2025-04-20 07:29:11+00:00,WETH,363.3631854944876,647673.0763527945,0x3bfe65f217df9ad7358698580aeb47f692241c48
2025-04-20 07:29:47+00:00,WETH,0.618528,1102.48904832,0xd01607c3c5ecaba394d8be377a08590149325722
2025-04-20 07:50:35+00:00,WETH,512.5954724339716,913670.6738852084,0xaf92e072cb195e7549f18ed99e72800f9203c72d
2025-04-20 07:52:11+00:00,WETH,36.30285920445117,64707.66836038194,0xd01607c3c5ecaba394d8be377a08590149325722
2025-04-20 08:00:47+00:00,WETH,3.3,5882.052,0xd01607c3c5ecaba394d8be377a08590149325722
2025-04-20 08:03:47+00:00,WETH,510.8931639511092,910636.4111530151,0x4bb41165a817628992ee40ea8e92f8800f143fbd
2025-04-20 08:03:59+00:00,WETH,0.17,303.01480000000004,0x65d37b0b8fc7e6d36119f3016f977f3bcf01b4b5
2025-04-20 08:06:11+00:00,WETH,1155.1834828341978,2059045.2471429876,0x7f9b6bb65c8f9105f46ec3b18cb31845c85b6e72
2025-04-20 08:06:11+00:00,WETH,1155.1834828341978,2059045.2471429876,0x7f9b6bb65c8f9105f46ec3b18cb31845c85b6e72
2025-04-20 08:16:59+00:00,WETH,1386.6690931919568,2471654.4584690714,0x7f9b6bb65c8f9105f46ec3b18cb31845c85b6e72
2025-04-20 08:16:59+00:00,WETH,1386.6690931919568,2471654.4584690714,0x7f9b6bb65c8f9105f46ec3b18cb31845c85b6e72
2025-04-20 08:18:23+00:00,WETH,104.00027246267683,185374.2456483737,0xd01607c3c5ecaba394d8be377a08590149325722
2025-04-20 08:31:35+00:00,WETH,0.000954960162921421,1.7021591927976576,0xaa3fa60b42dccdd0e9c94423ac80f3116864ff98
2025-04-20 08:31:35+00:00,WETH,0.002267875680078572,4.04235232719925,0xaa3fa60b42dccdd0e9c94423ac80f3116864ff98
2025-04-20 08:32:11+00:00,WETH,53.98944832372314,96232.95227013707,0x1f2f10d1c40777ae1da742455c65828ff36df387
2025-04-20 08:37:59+00:00,WETH,512.7054653623065,913866.7296803897,0xaf92e072cb195e7549f18ed99e72800f9203c72d
2025-04-20 08:41:35+00:00,WETH,0.004676129337119435,8.334919975655167,0xd01607c3c5ecaba394d8be377a08590149325722
2025-04-20 08:44:11+00:00,WETH,973.5468254816757,1735288.8036115582,0x7f9b6bb65c8f9105f46ec3b18cb31845c85b6e72
2025-04-20 08:44:11+00:00,WETH,973.5468254816757,1735288.8036115582,0x7f9b6bb65c8f9105f46ec3b18cb31845c85b6e72
2025-04-20 08:47:23+00:00,WETH,0.002230423815484716,3.9755966256725768,0xaa3fa60b42dccdd0e9c94423ac80f3116864ff98
2025-04-20 08:47:23+00:00,WETH,0.002268121611417025,4.042790685054163,0xaa3fa60b42dccdd0e9c94423ac80f3116864ff98
2025-04-20 08:53:47+00:00,WETH,512.7334285826006,913916.5724427706,0xaf92e072cb195e7549f18ed99e72800f9203c72d
2025-04-20 08:59:59+00:00,WETH,1.0000002003159933,1782.4403570512393,0xd01607c3c5ecaba394d8be377a08590149325722
2025-04-20 09:21:23+00:00,WETH,512.744261816668,913935.8820325017,0xaf92e072cb195e7549f18ed99e72800f9203c72d
2025-04-20 09:44:59+00:00,WETH,1878.3342020700381,3348018.015137719,0x7f9b6bb65c8f9105f46ec3b18cb31845c85b6e72
2025-04-20 09:44:59+00:00,WETH,1878.3342020700381,3348018.015137719,0x7f9b6bb65c8f9105f46ec3b18cb31845c85b6e72
2025-04-20 09:49:47+00:00,WETH,20.0,35648.8,0xc83894ac498289e54fbe523c0abfcbac8ceb1cab
2025-04-20 10:03:47+00:00,WETH,0.000783833840001243,1.3971367897718157,0xd01607c3c5ecaba394d8be377a08590149325722
2025-04-20 10:16:47+00:00,WETH,1010.7572501061692,1801614.1528792402,0x7f9b6bb65c8f9105f46ec3b18cb31845c85b6e72
2025-04-20 10:16:47+00:00,WETH,1010.7572501061692,1801614.1528792402,0x7f9b6bb65c8f9105f46ec3b18cb31845c85b6e72
2025-04-20 10:27:59+00:00,WETH,0.002417762610969587,4.309516788296631,0xaa3fa60b42dccdd0e9c94423ac80f3116864ff98
2025-04-20 10:37:47+00:00,WETH,0.003972871141033456,7.081404436623673,0x5141b82f5ffda4c6fe1e372978f1c5427640a190
2025-04-20 10:52:23+00:00,WETH,1.0,1782.44,0xed4d51f687915cbb87ce47affdd96728e4754bd8
2025-04-20 10:55:23+00:00,WETH,3.540821399654498,6311.301695600164,0xadc0a53095a0af87f3aa29fe0715b5c28016364e
2025-04-20 10:55:35+00:00,WETH,24.645158556642155,43928.51641770124,0x0bfc9d54fc184518a81162f8fb99c2eaca081202
2025-04-20 10:55:47+00:00,WETH,23.714749418124406,42270.11795284167,0xe6b1de575e7e610889ea21024834e120f92033a3
2025-04-20 10:57:59+00:00,WETH,32.0,57038.08,0xadc0a53095a0af87f3aa29fe0715b5c28016364e
2025-04-20 10:58:11+00:00,WETH,0.02868379070098793,51.12713589706893,0xd01607c3c5ecaba394d8be377a08590149325722
2025-04-20 11:19:59+00:00,WETH,0.0825,147.0513,0xd01607c3c5ecaba394d8be377a08590149325722
2025-04-20 11:29:35+00:00,WETH,0.112,199.63328,0xd01607c3c5ecaba394d8be377a08590149325722
2025-04-20 11:34:11+00:00,WETH,40.18534138712298,71627.95990206349,0x0bfc9d54fc184518a81162f8fb99c2eaca081202
2025-04-20 11:40:23+00:00,WETH,15.905149424855155,28349.974540838823,0x997d1c9f17e685f28fff1deb758453945c42ed64
2025-04-20 11:40:47+00:00,WETH,15.478197433313264,27588.958233034897,0x997d1c9f17e685f28fff1deb758453945c42ed64
2025-04-20 11:46:59+00:00,WETH,2.474952351206275,4411.454068884113,0xadc0a53095a0af87f3aa29fe0715b5c28016364e
2025-04-20 11:49:23+00:00,WETH,10.003114593311373,17829.951575701925,0xd01607c3c5ecaba394d8be377a08590149325722
2025-04-20 11:49:47+00:00,WETH,0.166,295.88504,0xd01607c3c5ecaba394d8be377a08590149325722
2025-04-20 11:59:47+00:00,WETH,512.8407464337391,914107.860073354,0xaf92e072cb195e7549f18ed99e72800f9203c72d
2025-04-20 12:03:35+00:00,WETH,0.023000032566722253,40.996178048228415,0xd01607c3c5ecaba394d8be377a08590149325722
2025-04-20 12:10:11+00:00,WETH,25.689562830165503,45790.1043710002,0xd01607c3c5ecaba394d8be377a08590149325722
2025-04-20 12:11:59+00:00,WETH,192.55782021016418,343222.7610554051,0x77a655c509530f43df16990ad0320af5d0485138
2025-04-20 12:13:59+00:00,WETH,30.0,53473.200000000004,0xd01607c3c5ecaba394d8be377a08590149325722
2025-04-20 12:14:59+00:00,WETH,512.8470773793229,914119.1446040003,0xaf92e072cb195e7549f18ed99e72800f9203c72d
2025-04-20 12:16:23+00:00,WETH,0.0030981378904805,5.522244901508063,0x5141b82f5ffda4c6fe1e372978f1c5427640a190
2025-04-20 12:18:59+00:00,WETH,56.244196470818274,100251.90555744532,0xd01607c3c5ecaba394d8be377a08590149325722
2025-04-20 12:21:11+00:00,WETH,96.52569288755265,172051.25603048934,0xd01607c3c5ecaba394d8be377a08590149325722
2025-04-20 12:24:35+00:00,WETH,512.8529420019157,914129.5979418947,0xaf92e072cb195e7549f18ed99e72800f9203c72d
2025-04-20 12:27:59+00:00,WETH,0.08017288005763609,142.90334832993287,0xd01607c3c5ecaba394d8be377a08590149325722
2025-04-20 12:44:11+00:00,WETH,512.932543991023,914271.483711359,0xaf92e072cb195e7549f18ed99e72800f9203c72d
2025-04-20 12:56:11+00:00,WETH,0.00400000080021501,7.129761426335242,0xd01607c3c5ecaba394d8be377a08590149325722
2025-04-20 12:59:11+00:00,WETH,16.451073237616637,29323.050981657398,0x39a17bddfb771fbe3852e5073c84eb4ab5812236
2025-04-20 13:01:11+00:00,WETH,2.0,3564.88,0xd01607c3c5ecaba394d8be377a08590149325722
2025-04-20 13:06:11+00:00,WETH,512.93697364991,914279.3793125456,0xaf92e072cb195e7549f18ed99e72800f9203c72d
2025-04-20 13:11:23+00:00,WETH,0.08550000855333081,152.39863524579897,0xd01607c3c5ecaba394d8be377a08590149325722
2025-04-20 13:21:35+00:00,WETH,1.9195854726673782,3421.545929901242,0x5141b82f5ffda4c6fe1e372978f1c5427640a190
2025-04-20 13:29:11+00:00,WETH,2.5528323163383275,4550.270433934089,0x35bb522b102326ea3f1141661df4626c87000e3e
2025-04-20 13:33:23+00:00,WETH,89.1356662182249,158878.9768940128,0xd01607c3c5ecaba394d8be377a08590149325722
2025-04-20 13:47:35+00:00,WETH,0.006000000369387274,10.694640658410654,0xd01607c3c5ecaba394d8be377a08590149325722
2025-04-20 13:48:47+00:00,WETH,2.3944635779786667,4267.987659932295,0xadc0a53095a0af87f3aa29fe0715b5c28016364e
2025-04-20 13:52:23+00:00,WETH,0.006000128832437761,10.694869636090363,0xd01607c3c5ecaba394d8be377a08590149325722
2025-04-20 14:01:59+00:00,WETH,10.304252768764611,18366.712305156794,0xadc0a53095a0af87f3aa29fe0715b5c28016364e
2025-04-20 14:25:35+00:00,WETH,512.989400856908,914372.827663387,0xaf92e072cb195e7549f18ed99e72800f9203c72d
2025-04-20 14:29:23+00:00,WETH,53.0,94469.32,0xd01607c3c5ecaba394d8be377a08590149325722
2025-04-20 14:33:23+00:00,WETH,8000.0,14259520.0,0x731b25b19a606122cfdaa659774a4022511875c9
2025-04-20 14:33:23+00:00,WETH,511.1518368559568,911097.4800855316,0x731b25b19a606122cfdaa659774a4022511875c9
2025-04-20 14:33:23+00:00,WETH,8000.0,14259520.0,0x731b25b19a606122cfdaa659774a4022511875c9
2025-04-20 14:35:23+00:00,WETH,6.362845683929532,11341.390660863355,0x1f2f10d1c40777ae1da742455c65828ff36df387
2025-04-20 14:35:23+00:00,WETH,330.46810492691066,589039.5689459227,0x1f2f10d1c40777ae1da742455c65828ff36df387
2025-04-20 14:40:35+00:00,WETH,513.019746649092,914426.9172172075,0xaf92e072cb195e7549f18ed99e72800f9203c72d
2025-04-20 14:45:35+00:00,WETH,0.010011004349505886,17.844014592733274,0x68c8673bd4045ab6ab41c3376d65651d2a814979
2025-04-20 14:53:23+00:00,WETH,231.32217643168664,412317.9001588955,0xb7f764e44fc01c0b79ea4dee48d1d7664aeeb502
2025-04-20 15:04:59+00:00,WETH,3.15,5614.686,0xac0ca96fc5edec204880a62ff2d48b832a3e4b79
2025-04-20 15:24:11+00:00,WETH,0.04822859662603092,85.96457977010256,0xd01607c3c5ecaba394d8be377a08590149325722
2025-04-20 15:35:11+00:00,WETH,1.001064483537946,1784.3373780373768,0xd01607c3c5ecaba394d8be377a08590149325722
2025-04-20 15:55:23+00:00,WETH,3.1967056777663565,5697.936068277864,0x35bb522b102326ea3f1141661df4626c87000e3e
2025-04-20 16:11:47+00:00,WETH,2.86,5097.7784,0xadc0a53095a0af87f3aa29fe0715b5c28016364e
2025-04-20 16:18:47+00:00,WETH,511.1665640221853,911123.730375704,0x731b25b19a606122cfdaa659774a4022511875c9
2025-04-20 16:20:11+00:00,WETH,0.04,71.2976,0xd01607c3c5ecaba394d8be377a08590149325722
2025-04-20 16:23:11+00:00,WETH,511.1725465729542,911134.3939134965,0x731b25b19a606122cfdaa659774a4022511875c9
2025-04-20 16:29:11+00:00,WETH,0.004213163324231731,7.509710835643606,0xd01607c3c5ecaba394d8be377a08590149325722
2025-04-20 16:35:11+00:00,WETH,0.015005647226820617,26.746665842974142,0xd01607c3c5ecaba394d8be377a08590149325722
2025-04-20 16:35:47+00:00,WETH,1.9990801472693607,3563.2404176987993,0xd01607c3c5ecaba394d8be377a08590149325722
2025-04-20 16:38:11+00:00,WETH,0.5005913670846539,892.2740763463705,0xadc0a53095a0af87f3aa29fe0715b5c28016364e
2025-04-20 16:40:23+00:00,WETH,11.568948425604653,20620.956431734758,0xadc0a53095a0af87f3aa29fe0715b5c28016364e
2025-04-20 16:41:47+00:00,WETH,3.8510725489186726,6864.305754094599,0xac0ca96fc5edec204880a62ff2d48b832a3e4b79
2025-04-20 16:44:11+00:00,WETH,1.0216906227239966,1821.1022335681605,0xadc0a53095a0af87f3aa29fe0715b5c28016364e
2025-04-20 16:51:11+00:00,WETH,513.1489839544805,914657.2749598243,0xaf92e072cb195e7549f18ed99e72800f9203c72d
2025-04-20 16:51:11+00:00,WETH,513.1489839544805,914657.2749598243,0xaf92e072cb195e7549f18ed99e72800f9203c72d
2025-04-20 16:51:35+00:00,WETH,177.27089171040268,315974.72822029016,0x1f2f10d1c40777ae1da742455c65828ff36df387
2025-04-20 16:53:59+00:00,WETH,513.1612446884058,914679.128982402,0xaf92e072cb195e7549f18ed99e72800f9203c72d
2025-04-20 16:57:59+00:00,WETH,20.01,35666.6244,0xadc0a53095a0af87f3aa29fe0715b5c28016364e
2025-04-20 17:04:47+00:00,WETH,6.006374998634705,10706.003052566444,0xd01607c3c5ecaba394d8be377a08590149325722
2025-04-20 17:09:59+00:00,WETH,0.02200092909199634,39.21533605073796,0x78f8bd884c3d738b74b420540659c82f392820e0
2025-04-20 17:19:47+00:00,WETH,0.8400121101605069,1497.271185634494,0xd01607c3c5ecaba394d8be377a08590149325722
2025-04-20 17:23:47+00:00,WETH,511.1804612806168,911148.5014050226,0x4bb41165a817628992ee40ea8e92f8800f143fbd
2025-04-20 17:26:35+00:00,WETH,0.039530146095028675,70.46011360562291,0xd01607c3c5ecaba394d8be377a08590149325722
2025-04-20 17:31:11+00:00,WETH,8000.0,14259520.0,0x731b25b19a606122cfdaa659774a4022511875c9
2025-04-20 17:31:11+00:00,WETH,8000.0,14259520.0,0x731b25b19a606122cfdaa659774a4022511875c9
2025-04-20 17:31:11+00:00,WETH,511.18840258967856,911162.6563119467,0x731b25b19a606122cfdaa659774a4022511875c9
2025-04-20 17:35:23+00:00,WETH,511.2891737342446,911342.2748308671,0x731b25b19a606122cfdaa659774a4022511875c9
2025-04-20 17:36:35+00:00,WETH,0.9519425973760183,1696.7805632669101,0x35bb522b102326ea3f1141661df4626c87000e3e
2025-04-20 17:36:47+00:00,WETH,513.1717004334868,914697.7657206642,0xaf92e072cb195e7549f18ed99e72800f9203c72d
2025-04-20 17:49:35+00:00,WETH,0.06296587765390382,112.23289896542434,0xd01607c3c5ecaba394d8be377a08590149325722
2025-04-20 17:55:35+00:00,WETH,17.582629956930766,31339.982940431677,0x997d1c9f17e685f28fff1deb758453945c42ed64
2025-04-20 17:59:35+00:00,WETH,0.0631,112.47196400000001,0xadc0a53095a0af87f3aa29fe0715b5c28016364e
2025-04-20 18:15:35+00:00,WETH,0.002061929522735876,3.6752656585053347,0x5141b82f5ffda4c6fe1e372978f1c5427640a190
2025-04-20 18:16:59+00:00,WETH,513.252680657131,914842.1081104967,0xaf92e072cb195e7549f18ed99e72800f9203c72d
2025-04-20 18:29:11+00:00,WETH,2.04,3636.1776,0xd01607c3c5ecaba394d8be377a08590149325722
2025-04-20 18:49:11+00:00,WETH,0.14817491792803517,264.112900711647,0xd01607c3c5ecaba394d8be377a08590149325722
2025-04-20 18:49:47+00:00,WETH,0.2632091660341861,469.15454590597466,0x6e621f66ea05e1685e5ec9e966be68b3452b32c1
2025-04-20 18:50:23+00:00,WETH,5.002335895480185,8916.363593539701,0xd01607c3c5ecaba394d8be377a08590149325722
2025-04-20 19:00:47+00:00,WETH,0.1672988742375553,298.20020539598806,0x35bb522b102326ea3f1141661df4626c87000e3e
2025-04-20 19:01:23+00:00,WETH,4.0,7129.76,0xd01607c3c5ecaba394d8be377a08590149325722
2025-04-20 19:01:59+00:00,WETH,16.813325779383824,29968.744402204906,0xd01607c3c5ecaba394d8be377a08590149325722
2025-04-20 19:09:35+00:00,WETH,1229.3111576846993,2191173.3799035153,0x7f9b6bb65c8f9105f46ec3b18cb31845c85b6e72
2025-04-20 19:09:35+00:00,WETH,1229.3111576846993,2191173.3799035153,0x7f9b6bb65c8f9105f46ec3b18cb31845c85b6e72
2025-04-20 19:37:47+00:00,WETH,0.050000079620871433,89.12214191942608,0xd01607c3c5ecaba394d8be377a08590149325722
2025-04-20 19:52:23+00:00,WETH,513.2846567823559,914899.1036351424,0xaf92e072cb195e7549f18ed99e72800f9203c72d
2025-04-20 19:52:35+00:00,WETH,0.11250151393663618,200.5271985012178,0xb7f764e44fc01c0b79ea4dee48d1d7664aeeb502
2025-04-20 19:52:47+00:00,WETH,0.501534498566308,893.9551516245301,0xd01607c3c5ecaba394d8be377a08590149325722
2025-04-20 20:14:47+00:00,WETH,0.03,53.4732,0xd01607c3c5ecaba394d8be377a08590149325722
2025-04-20 20:16:11+00:00,WETH,5.992614510901776,10681.475808811761,0xadc0a53095a0af87f3aa29fe0715b5c28016364e
2025-04-20 20:18:23+00:00,WETH,20.01,35666.6244,0xadc0a53095a0af87f3aa29fe0715b5c28016364e
2025-04-20 20:20:23+00:00,WETH,0.39066396308512813,696.3350743614558,0x22a956c4755d8c4294b358dc346e74250e175622
2025-04-20 20:20:35+00:00,WETH,94.81741287609529,169006.3494068673,0xb7f764e44fc01c0b79ea4dee48d1d7664aeeb502
2025-04-20 20:21:35+00:00,WETH,0.02439155441980292,43.47648226003352,0xaa3fa60b42dccdd0e9c94423ac80f3116864ff98
2025-04-20 20:21:35+00:00,WETH,0.000547126421563909,0.975220018852374,0xaa3fa60b42dccdd0e9c94423ac80f3116864ff98
2025-04-20 20:33:59+00:00,WETH,10.0,17824.4,0xadc0a53095a0af87f3aa29fe0715b5c28016364e
2025-04-20 20:34:47+00:00,WETH,0.002117055870568144,3.773525065935483,0xaa3fa60b42dccdd0e9c94423ac80f3116864ff98
2025-04-20 20:34:47+00:00,WETH,0.000576865348748808,1.0282278722238254,0xaa3fa60b42dccdd0e9c94423ac80f3116864ff98
2025-04-20 20:41:59+00:00,WETH,5.62185840576077,10020.625296764229,0xd01607c3c5ecaba394d8be377a08590149325722
2025-04-20 20:43:59+00:00,WETH,0.012055766443188865,21.48868033899756,0x35bb522b102326ea3f1141661df4626c87000e3e
2025-04-20 20:44:59+00:00,WETH,100.00590632100486,178254.52766281192,0xadc0a53095a0af87f3aa29fe0715b5c28016364e
2025-04-20 20:47:23+00:00,WETH,0.000486987573101753,0.8680261297994887,0xaa3fa60b42dccdd0e9c94423ac80f3116864ff98
2025-04-20 20:47:23+00:00,WETH,0.00058748030720387,1.0471483987724661,0xaa3fa60b42dccdd0e9c94423ac80f3116864ff98
2025-04-20 20:58:11+00:00,WETH,4.139751937820066,7378.859444047998,0x997d1c9f17e685f28fff1deb758453945c42ed64
2025-04-20 20:59:47+00:00,WETH,0.005351530331780035,9.538781724578007,0xd01607c3c5ecaba394d8be377a08590149325722
2025-04-20 21:06:23+00:00,WETH,4.971338394576258,8861.112408028506,0xadc0a53095a0af87f3aa29fe0715b5c28016364e
2025-04-20 21:07:11+00:00,WETH,2.0,3564.88,0xd01607c3c5ecaba394d8be377a08590149325722
2025-04-20 21:07:59+00:00,WETH,1122.9744957223606,2001634.6601553645,0x1f2f10d1c40777ae1da742455c65828ff36df387
2025-04-20 21:09:23+00:00,WETH,0.004000004796798848,7.129768550006139,0xd01607c3c5ecaba394d8be377a08590149325722
2025-04-20 21:15:35+00:00,WETH,140.1792312144634,249861.06888590817,0xb7f764e44fc01c0b79ea4dee48d1d7664aeeb502
2025-04-20 21:38:23+00:00,WETH,31336.16405443077,55854832.25717958,0xaf92e072cb195e7549f18ed99e72800f9203c72d
2025-04-20 21:38:23+00:00,WETH,32362.91263564507,57684949.9982792,0xaf92e072cb195e7549f18ed99e72800f9203c72d
2025-04-20 22:02:35+00:00,WETH,1.50075,2674.99683,0xadc0a53095a0af87f3aa29fe0715b5c28016364e
2025-04-20 22:30:11+00:00,WETH,0.007026473220445129,12.524266927050217,0x35bb522b102326ea3f1141661df4626c87000e3e
2025-04-20 22:32:23+00:00,WETH,0.003001941543395581,5.35078068461002,0xd01607c3c5ecaba394d8be377a08590149325722
2025-04-20 22:47:23+00:00,WETH,3.4466240353153377,6143.40054550747,0xadc0a53095a0af87f3aa29fe0715b5c28016364e
2025-04-20 22:51:35+00:00,WETH,63.3332181982519,112887.66144529212,0xb7f764e44fc01c0b79ea4dee48d1d7664aeeb502
2025-04-20 22:52:35+00:00,WETH,30.0,53473.200000000004,0xd01607c3c5ecaba394d8be377a08590149325722
2025-04-20 22:58:35+00:00,WETH,13.029996996440293,23225.187846335037,0xd01607c3c5ecaba394d8be377a08590149325722
2025-04-20 22:59:11+00:00,WETH,10.0,17824.4,0xd01607c3c5ecaba394d8be377a08590149325722
2025-04-20 22:59:59+00:00,WETH,0.001000273663859783,1.7829277894102316,0xd01607c3c5ecaba394d8be377a08590149325722
2025-04-20 23:08:47+00:00,WETH,9.960673e-12,1.775430198212e-08,0x98ccb155e86bb478d514a827d16f58c6912f9bdc
2025-04-20 23:25:47+00:00,WETH,2.8143319465581964,5016.377834823192,0xadc0a53095a0af87f3aa29fe0715b5c28016364e
2025-04-20 23:26:59+00:00,WETH,511.30980540102854,911379.0495390093,0x4bb41165a817628992ee40ea8e92f8800f143fbd
2025-04-20 23:31:59+00:00,WETH,0.029342890758022773,52.30194220273011,0xd01607c3c5ecaba394d8be377a08590149325722
2025-04-20 23:35:23+00:00,WETH,14.007411739568578,24967.370981076616,0xadc0a53095a0af87f3aa29fe0715b5c28016364e
2025-04-20 23:36:47+00:00,WETH,0.83,1479.4252,0xd01607c3c5ecaba394d8be377a08590149325722
2025-04-20 23:51:23+00:00,WETH,513.3982557120779,915101.5869114362,0xaf92e072cb195e7549f18ed99e72800f9203c72d
2025-04-20 23:53:59+00:00,WETH,26.46072430863313,47164.65343668003,0x35bb522b102326ea3f1141661df4626c87000e3e
2025-04-20 23:59:11+00:00,WETH,0.005376580760204783,9.583432610219415,0xd01607c3c5ecaba394d8be377a08590149325722
2025-04-21 00:00:35+00:00,WETH,7.06,12584.026399999999,0xadc0a53095a0af87f3aa29fe0715b5c28016364e
2025-04-21 00:02:47+00:00,WETH,0.010967,19.54801948,0x5141b82f5ffda4c6fe1e372978f1c5427640a190
2025-04-21 00:08:35+00:00,WETH,14.336667666158915,25554.2499148683,0x78f8bd884c3d738b74b420540659c82f392820e0
2025-04-21 00:08:35+00:00,WETH,511.3127947467121,911384.3778683295,0x731b25b19a606122cfdaa659774a4022511875c9
2025-04-21 00:14:11+00:00,WETH,0.013895162333279087,24.767293149329976,0xd01607c3c5ecaba394d8be377a08590149325722
2025-04-21 00:21:11+00:00,WETH,0.08982440449805337,160.10661155351025,0x78f8bd884c3d738b74b420540659c82f392820e0
2025-04-21 00:27:35+00:00,WETH,0.3001313337585617,534.9660945446108,0xc53fb852dcfb4f5056382eddfa2bd851e81dff70
2025-04-21 00:31:59+00:00,WETH,0.2205058480389562,393.0384437785571,0x22a956c4755d8c4294b358dc346e74250e175622
2025-04-21 00:34:35+00:00,WETH,0.3621348834348653,645.4837016296412,0x22a956c4755d8c4294b358dc346e74250e175622
2025-04-21 00:37:11+00:00,WETH,20.01,35666.6244,0xadc0a53095a0af87f3aa29fe0715b5c28016364e
2025-04-21 00:39:35+00:00,WETH,0.01237823669263816,22.063464210425963,0x58093c03b4e7804d0127a6d0a5d86dcbd5652113
2025-04-21 00:39:59+00:00,WETH,155.07750000000001,276416.33910000004,0xadc0a53095a0af87f3aa29fe0715b5c28016364e
2025-04-21 00:43:23+00:00,WETH,20.01,35666.6244,0xadc0a53095a0af87f3aa29fe0715b5c28016364e
2025-04-21 00:43:47+00:00,WETH,8000.0,14259520.0,0x731b25b19a606122cfdaa659774a4022511875c9
2025-04-21 00:43:47+00:00,WETH,511.3651433164485,911477.6860529705,0x731b25b19a606122cfdaa659774a4022511875c9
2025-04-21 00:43:47+00:00,WETH,8000.0,14259520.0,0x731b25b19a606122cfdaa659774a4022511875c9
2025-04-21 00:43:59+00:00,WETH,129.8200350584992,231396.42328967134,0x3bfe65f217df9ad7358698580aeb47f692241c48
2025-04-21 00:45:59+00:00,WETH,32.0,57038.08,0xadc0a53095a0af87f3aa29fe0715b5c28016364e
2025-04-21 00:47:59+00:00,WETH,15.0075,26749.9683,0xadc0a53095a0af87f3aa29fe0715b5c28016364e
2025-04-21 00:54:59+00:00,WETH,1.4007,2496.663708,0xadc0a53095a0af87f3aa29fe0715b5c28016364e
2025-04-21 00:57:11+00:00,WETH,472.9653680735489,843032.3906690165,0xb03feb49877a85925f15b42388f22512976ed54d
2025-04-21 00:57:11+00:00,WETH,123.34086448405667,219847.69049096198,0xb03feb49877a85925f15b42388f22512976ed54d
2025-04-21 01:00:47+00:00,WETH,17.538103335566667,31260.61690944745,0x5141b82f5ffda4c6fe1e372978f1c5427640a190
2025-04-21 01:06:59+00:00,WETH,6.5818861743624195,11731.817192630551,0xc053babaa07f935385f39fccacf598370f5f2b94
2025-04-21 01:10:23+00:00,WETH,96.64534353618355,172264.52613263502,0xb7f764e44fc01c0b79ea4dee48d1d7664aeeb502
2025-04-21 01:11:47+00:00,WETH,9.9996,17823.687024,0xd01607c3c5ecaba394d8be377a08590149325722
2025-04-21 01:12:47+00:00,WETH,6.0,10694.64,0x78f8bd884c3d738b74b420540659c82f392820e0
2025-04-21 01:13:35+00:00,WETH,0.19011938115343766,338.8763897431334,0xd01607c3c5ecaba394d8be377a08590149325722
2025-04-21 01:15:23+00:00,WETH,6.158726126928068,10977.559797681666,0xd01607c3c5ecaba394d8be377a08590149325722
2025-04-21 01:22:11+00:00,WETH,0.7489227786987736,1334.909917663842,0xb7f764e44fc01c0b79ea4dee48d1d7664aeeb502
2025-04-21 01:25:11+00:00,WETH,32.0,57038.08,0xadc0a53095a0af87f3aa29fe0715b5c28016364e
2025-04-21 01:25:23+00:00,WETH,96.65107007561745,172274.73334558358,0xb7f764e44fc01c0b79ea4dee48d1d7664aeeb502
2025-04-21 01:25:59+00:00,WETH,6.364492875336809,11344.326680715341,0xadc0a53095a0af87f3aa29fe0715b5c28016364e
2025-04-21 01:26:59+00:00,WETH,0.005106609026509188,9.102224193211038,0xd01607c3c5ecaba394d8be377a08590149325722
2025-04-21 01:28:47+00:00,WETH,0.08591489035754503,153.13813716890257,0xd01607c3c5ecaba394d8be377a08590149325722
2025-04-21 01:52:35+00:00,WETH,36.3562857807137,64802.89802697532,0xd01607c3c5ecaba394d8be377a08590149325722
2025-04-21 01:53:11+00:00,WETH,100.00005763180123,178244.10272522777,0xd01607c3c5ecaba394d8be377a08590149325722
2025-04-21 01:56:23+00:00,WETH,0.2983343089224823,531.7630055957894,0x22a956c4755d8c4294b358dc346e74250e175622
2025-04-21 01:57:35+00:00,WETH,8.0,14259.52,0xd01607c3c5ecaba394d8be377a08590149325722
2025-04-21 02:03:35+00:00,WETH,10.0,17824.4,0xadc0a53095a0af87f3aa29fe0715b5c28016364e
2025-04-21 02:05:59+00:00,WETH,0.16523443698607695,294.520469861463,0x22a956c4755d8c4294b358dc346e74250e175622
2025-04-21 02:06:59+00:00,WETH,9.0,16041.960000000001,0xadc0a53095a0af87f3aa29fe0715b5c28016364e
2025-04-21 02:08:11+00:00,WETH,8.853001990329822,15779.94486764349,0xb7f764e44fc01c0b79ea4dee48d1d7664aeeb502
2025-04-21 02:09:11+00:00,WETH,7.16,12762.270400000001,0xadc0a53095a0af87f3aa29fe0715b5c28016364e
2025-04-21 02:13:47+00:00,WETH,10.0,17824.4,0xadc0a53095a0af87f3aa29fe0715b5c28016364e
2025-04-21 02:17:23+00:00,WETH,0.6,1069.464,0xadc0a53095a0af87f3aa29fe0715b5c28016364e
2025-04-21 02:17:47+00:00,WETH,2.06,3671.8264000000004,0xd01607c3c5ecaba394d8be377a08590149325722
2025-04-21 02:18:23+00:00,WETH,1.25,2228.05,0xd01607c3c5ecaba394d8be377a08590149325722
2025-04-21 02:23:59+00:00,WETH,0.33174168013592825,591.3096403414839,0x22a956c4755d8c4294b358dc346e74250e175622
2025-04-21 02:25:59+00:00,WETH,511.54736242333706,911802.480677853,0x4bb41165a817628992ee40ea8e92f8800f143fbd
2025-04-21 02:26:47+00:00,WETH,33.23756706235543,59243.96903462482,0xadc0a53095a0af87f3aa29fe0715b5c28016364e
2025-04-21 02:26:47+00:00,WETH,0.06458020995653037,115.11034943491799,0x58093c03b4e7804d0127a6d0a5d86dcbd5652113
2025-04-21 02:28:11+00:00,WETH,0.01381899698702241,24.631532989548226,0x85898c292d3e0df5bb2407fa6cf60b6c55a9aab7
2025-04-21 02:28:35+00:00,WETH,100.0,178244.0,0xd01607c3c5ecaba394d8be377a08590149325722
2025-04-21 02:34:47+00:00,WETH,130.0,231717.2,0xd01607c3c5ecaba394d8be377a08590149325722
2025-04-21 02:36:59+00:00,WETH,513.6584155043795,915565.3061316262,0xaf92e072cb195e7549f18ed99e72800f9203c72d
2025-04-21 02:44:59+00:00,WETH,10.66201225006418,19004.397115004398,0x6aa7a8539543210563af6cf575cc5079b194d0c8
2025-04-21 02:46:35+00:00,WETH,16.568152087278637,29531.737006448933,0xb7f764e44fc01c0b79ea4dee48d1d7664aeeb502
2025-04-21 02:50:23+00:00,WETH,5.0,8912.2,0xd01607c3c5ecaba394d8be377a08590149325722
2025-04-21 02:57:35+00:00,WETH,0.001000000284318205,1.7824405067801414,0xd01607c3c5ecaba394d8be377a08590149325722
2025-04-21 02:58:11+00:00,WETH,137.12739949125188,244421.361949187,0xb7f764e44fc01c0b79ea4dee48d1d7664aeeb502
2025-04-21 02:58:47+00:00,WETH,5.0,8912.2,0xd01607c3c5ecaba394d8be377a08590149325722
2025-04-21 02:59:23+00:00,WETH,30.00167819550522,53476.191282796324,0xadc0a53095a0af87f3aa29fe0715b5c28016364e
2025-04-21 03:03:59+00:00,WETH,1.0507467,1872.892947948,0xd01607c3c5ecaba394d8be377a08590149325722
2025-04-21 03:05:23+00:00,WETH,0.2,356.48800000000006,0xd01607c3c5ecaba394d8be377a08590149325722
2025-04-21 03:06:35+00:00,WETH,5.102990611640443,9095.774585812393,0xd01607c3c5ecaba394d8be377a08590149325722
2025-04-21 03:15:47+00:00,WETH,300.0,534732.0,0xd01607c3c5ecaba394d8be377a08590149325722
2025-04-21 03:19:23+00:00,WETH,131.78699393717287,234902.4094733744,0xb7f764e44fc01c0b79ea4dee48d1d7664aeeb502
2025-04-21 03:21:11+00:00,WETH,0.03324543714771458,59.257996989572376,0xd01607c3c5ecaba394d8be377a08590149325722
2025-04-21 03:22:47+00:00,WETH,2.700429636367058,4813.353801046099,0xd01607c3c5ecaba394d8be377a08590149325722
2025-04-21 03:23:47+00:00,WETH,75.0,133683.0,0xd01607c3c5ecaba394d8be377a08590149325722
2025-04-21 03:25:47+00:00,WETH,0.0036,6.416784,0xd01607c3c5ecaba394d8be377a08590149325722
2025-04-21 03:27:11+00:00,WETH,22.00096390828761,39215.39810868817,0xd01607c3c5ecaba394d8be377a08590149325722
2025-04-21 03:35:47+00:00,WETH,200.0,356488.0,0xd01607c3c5ecaba394d8be377a08590149325722
2025-04-21 03:37:11+00:00,WETH,5.155879775911239,9190.04634777523,0xadc0a53095a0af87f3aa29fe0715b5c28016364e
2025-04-21 03:37:47+00:00,WETH,0.7600018457595685,1354.6576899556853,0xd01607c3c5ecaba394d8be377a08590149325722
2025-04-21 03:37:47+00:00,WETH,211.9035948904229,377705.44367648545,0xd01607c3c5ecaba394d8be377a08590149325722
2025-04-21 03:39:23+00:00,WETH,0.000100741235854093,0.17956520843576954,0xaa3fa60b42dccdd0e9c94423ac80f3116864ff98
2025-04-21 03:39:23+00:00,WETH,0.013213856138604915,23.552905735694946,0xaa3fa60b42dccdd0e9c94423ac80f3116864ff98
2025-04-21 03:44:59+00:00,WETH,602.6518484119172,1074190.7606833377,0x9f739b86d916bba4ed6323868ce0da252d9222a9
2025-04-21 03:44:59+00:00,WETH,602.6518484119172,1074190.7606833377,0x9f739b86d916bba4ed6323868ce0da252d9222a9
2025-04-21 03:48:35+00:00,WETH,341.01634860924366,607841.1804150603,0x3bfe65f217df9ad7358698580aeb47f692241c48
2025-04-21 03:49:23+00:00,WETH,0.02000000092255869,35.64880164440551,0xd01607c3c5ecaba394d8be377a08590149325722
2025-04-21 03:49:35+00:00,WETH,104.00014559220135,185374.01950936337,0xd01607c3c5ecaba394d8be377a08590149325722
2025-04-21 03:50:59+00:00,WETH,0.007955841110839664,14.18080942960505,0xd01607c3c5ecaba394d8be377a08590149325722
2025-04-21 03:50:59+00:00,WETH,0.008128968511817738,14.48939863420441,0xd01607c3c5ecaba394d8be377a08590149325722
2025-04-21 03:50:59+00:00,WETH,0.007115223641969603,12.682459228392299,0xd01607c3c5ecaba394d8be377a08590149325722
2025-04-21 03:50:59+00:00,WETH,0.00760742563660851,13.559779751716473,0xd01607c3c5ecaba394d8be377a08590149325722
2025-04-21 03:53:35+00:00,WETH,0.01322415276093474,23.571258847200518,0xd01607c3c5ecaba394d8be377a08590149325722
2025-04-21 03:55:59+00:00,WETH,0.021000004036551417,37.43124719491071,0xd01607c3c5ecaba394d8be377a08590149325722
2025-04-21 03:56:47+00:00,WETH,0.000254091232819303,0.4529023770264385,0xaa3fa60b42dccdd0e9c94423ac80f3116864ff98
2025-04-21 03:56:47+00:00,WETH,6.5258049632143e-05,0.11631855798631698,0xaa3fa60b42dccdd0e9c94423ac80f3116864ff98
2025-04-21 03:56:47+00:00,WETH,96.70254154307452,172366.47814803774,0xb7f764e44fc01c0b79ea4dee48d1d7664aeeb502
2025-04-21 04:02:11+00:00,WETH,0.020000002152827524,35.6488038372859,0xd01607c3c5ecaba394d8be377a08590149325722
2025-04-21 04:02:59+00:00,WETH,96.70387845273338,172368.8611092901,0xb7f764e44fc01c0b79ea4dee48d1d7664aeeb502
2025-04-21 04:07:59+00:00,WETH,0.02000000138391938,35.64880246675326,0xd01607c3c5ecaba394d8be377a08590149325722
2025-04-21 04:21:11+00:00,WETH,0.025,44.56100000000001,0x78f8bd884c3d738b74b420540659c82f392820e0
2025-04-21 04:29:47+00:00,WETH,1.4790095266290133,2636.2457406446188,0xadc0a53095a0af87f3aa29fe0715b5c28016364e
2025-04-21 04:29:47+00:00,WETH,8.481840459359923,15118.3717083815,0xadc0a53095a0af87f3aa29fe0715b5c28016364e
2025-04-21 04:30:11+00:00,WETH,513.677335694185,915599.0302347431,0xaf92e072cb195e7549f18ed99e72800f9203c72d
2025-04-21 04:43:47+00:00,WETH,0.18384619216990714,327.6948067713293,0x6df2fa6fa691445ad01c4da7a99d122ed3742fa5
2025-04-21 04:48:47+00:00,WETH,0.10202825467011445,181.8592422541988,0xd01607c3c5ecaba394d8be377a08590149325722
2025-04-21 05:13:11+00:00,WETH,6.0,10694.64,0x5141b82f5ffda4c6fe1e372978f1c5427640a190
2025-04-21 05:17:23+00:00,WETH,0.23023013801114778,410.37140719659027,0xd01607c3c5ecaba394d8be377a08590149325722
2025-04-21 05:18:47+00:00,WETH,8.496649014e-09,1.514476706851416e-05,0xd01607c3c5ecaba394d8be377a08590149325722
2025-04-21 05:19:35+00:00,WETH,20.0,35648.8,0xadc0a53095a0af87f3aa29fe0715b5c28016364e
2025-04-21 05:38:47+00:00,WETH,0.021000000807363074,37.43124143907624,0xd01607c3c5ecaba394d8be377a08590149325722
2025-04-21 05:50:11+00:00,WETH,24999.999999999996,44560999.99999999,0x731b25b19a606122cfdaa659774a4022511875c9
2025-04-21 05:50:11+00:00,WETH,511.5659446975322,911835.6024666693,0x731b25b19a606122cfdaa659774a4022511875c9
2025-04-21 05:50:11+00:00,WETH,24999.999999999996,44560999.99999999,0x731b25b19a606122cfdaa659774a4022511875c9
2025-04-21 05:50:47+00:00,WETH,16.042470486060726,28594.74109317408,0xe6b1de575e7e610889ea21024834e120f92033a3
2025-04-21 05:50:47+00:00,WETH,9.67239229757583,17240.45892689106,0xe6b1de575e7e610889ea21024834e120f92033a3
2025-04-21 05:50:47+00:00,WETH,10.879068387878869,19391.28665729081,0xe6b1de575e7e610889ea21024834e120f92033a3
2025-04-21 05:50:47+00:00,WETH,6.751262205454596,12033.719805490491,0xe6b1de575e7e610889ea21024834e120f92033a3
2025-04-21 05:50:47+00:00,WETH,141.78260749151622,252718.99089717818,0xe6b1de575e7e610889ea21024834e120f92033a3
2025-04-21 05:50:47+00:00,WETH,3.8159915860606346,6801.776042657918,0xe6b1de575e7e610889ea21024834e120f92033a3
2025-04-21 05:50:47+00:00,WETH,148.4461375418193,264596.3334000404,0xe6b1de575e7e610889ea21024834e120f92033a3
2025-04-21 05:50:47+00:00,WETH,46.08111169030337,82136.81672126435,0xe6b1de575e7e610889ea21024834e120f92033a3
2025-04-21 05:50:47+00:00,WETH,141.6548552975768,252491.28027661282,0xe6b1de575e7e610889ea21024834e120f92033a3
2025-04-21 05:50:47+00:00,WETH,141.29772286484956,251854.71314322247,0xa090fc409a9f25bf8e28257d42ef6904590c8984
2025-04-21 05:50:59+00:00,WETH,16.738474385454673,29835.32628360983,0xe6b1de575e7e610889ea21024834e120f92033a3
2025-04-21 05:50:59+00:00,WETH,32.10929974970994,57232.90024587299,0xd5b42153e5e876004d025dcd8578ca14eec99e63
2025-04-21 05:50:59+00:00,WETH,26.491174663286163,47218.92936682779,0x1f2f10d1c40777ae1da742455c65828ff36df387
2025-04-21 05:50:59+00:00,WETH,11.016886453371143,19636.93908994686,0x1f2f10d1c40777ae1da742455c65828ff36df387
2025-04-21 05:50:59+00:00,WETH,16.722559759394063,29806.959417534355,0xe6b1de575e7e610889ea21024834e120f92033a3
2025-04-21 05:50:59+00:00,WETH,8.312614735151577,14816.737008523578,0xe6b1de575e7e610889ea21024834e120f92033a3
2025-04-21 05:51:23+00:00,WETH,19.57423670484863,34889.90247219039,0xe6b1de575e7e610889ea21024834e120f92033a3
2025-04-21 05:51:23+00:00,WETH,9.090209336969766,16202.752730588389,0xe6b1de575e7e610889ea21024834e120f92033a3
2025-04-21 05:51:23+00:00,WETH,8.053038495757637,14354.057936378242,0xe6b1de575e7e610889ea21024834e120f92033a3
2025-04-21 05:51:23+00:00,WETH,4.168712441818212,7430.479804794455,0xe6b1de575e7e610889ea21024834e120f92033a3
2025-04-21 05:51:23+00:00,WETH,4.808043433939431,8570.048938390999,0xe6b1de575e7e610889ea21024834e120f92033a3
2025-04-21 05:51:23+00:00,WETH,81.20564117697032,144744.18305947896,0xe6b1de575e7e610889ea21024834e120f92033a3
2025-04-21 05:51:23+00:00,WETH,50.5954047042428,90183.27316103055,0xe6b1de575e7e610889ea21024834e120f92033a3
2025-04-21 05:51:23+00:00,WETH,19.50698652181833,34770.03305594987,0x22a956c4755d8c4294b358dc346e74250e175622
2025-04-21 05:51:23+00:00,WETH,19.505637549697113,34767.628594082125,0x22a956c4755d8c4294b358dc346e74250e175622
2025-04-21 05:51:23+00:00,WETH,81.23345498606122,144793.75950535497,0xe6b1de575e7e610889ea21024834e120f92033a3
2025-04-21 05:51:23+00:00,WETH,78.82196129878847,140495.41669741253,0xe6b1de575e7e610889ea21024834e120f92033a3
2025-04-21 05:51:23+00:00,WETH,50.91654147393977,90755.68018480921,0xa090fc409a9f25bf8e28257d42ef6904590c8984
2025-04-21 05:51:23+00:00,WETH,4.786579434545491,8531.790647311265,0x22a956c4755d8c4294b358dc346e74250e175622
2025-04-21 05:51:23+00:00,WETH,8.233277026666729,14675.322303411844,0xa090fc409a9f25bf8e28257d42ef6904590c8984
2025-04-21 05:51:23+00:00,WETH,81.23065919212182,144788.77617040562,0xe6b1de575e7e610889ea21024834e120f92033a3
2025-04-21 05:51:35+00:00,WETH,5.195641819393979,9260.919804560603,0x4ee9775db5c1e73ea170678c109ef079b2ad4811
2025-04-21 05:51:35+00:00,WETH,37.08016185454573,66093.16369601649,0xa090fc409a9f25bf8e28257d42ef6904590c8984
2025-04-21 05:51:35+00:00,WETH,37.293175947879064,66472.84853653757,0xe6b1de575e7e610889ea21024834e120f92033a3
2025-04-21 05:51:35+00:00,WETH,10.125115320606136,18047.410552061203,0xe6b1de575e7e610889ea21024834e120f92033a3
2025-04-21 05:51:35+00:00,WETH,1.8725604236363775,3337.7266015064247,0xe6b1de575e7e610889ea21024834e120f92033a3
2025-04-21 05:51:35+00:00,WETH,5.647390056969739,10066.133933145142,0xe6b1de575e7e610889ea21024834e120f92033a3
2025-04-21 05:51:35+00:00,WETH,35.9417732442427,64064.05430146796,0xe6b1de575e7e610889ea21024834e120f92033a3
2025-04-21 05:51:35+00:00,WETH,19.505637549697113,34767.628594082125,0x22a956c4755d8c4294b358dc346e74250e175622
2025-04-21 05:51:47+00:00,WETH,8.25623383818188,14716.24144252891,0xe6b1de575e7e610889ea21024834e120f92033a3
2025-04-21 05:51:47+00:00,WETH,15.019531180606172,26771.413157559666,0xe6b1de575e7e610889ea21024834e120f92033a3
2025-04-21 05:51:47+00:00,WETH,31.016875721212354,55285.71996051775,0xe6b1de575e7e610889ea21024834e120f92033a3
2025-04-21 05:51:47+00:00,WETH,4.159396360000032,7413.874447918457,0xe6b1de575e7e610889ea21024834e120f92033a3
2025-04-21 05:51:47+00:00,WETH,7.05965704727278,12583.415107340894,0xe6b1de575e7e610889ea21024834e120f92033a3
2025-04-21 05:51:47+00:00,WETH,2.572228147878807,4584.842339905101,0xe6b1de575e7e610889ea21024834e120f92033a3
2025-04-21 05:51:47+00:00,WETH,104.97946174606139,187119.59179464966,0xe6b1de575e7e610889ea21024834e120f92033a3
2025-04-21 05:51:47+00:00,WETH,13.500248170303133,24063.382348675117,0xe6b1de575e7e610889ea21024834e120f92033a3
2025-04-21 05:51:47+00:00,WETH,8.63142793454552,15385.002407651318,0xe6b1de575e7e610889ea21024834e120f92033a3
2025-04-21 05:51:47+00:00,WETH,105.60309991394018,188231.18941060355,0xa090fc409a9f25bf8e28257d42ef6904590c8984
2025-04-21 05:51:47+00:00,WETH,5.195641819393979,9260.919804560603,0x00000f91109c4d0007e90000d9facad5298a0cac
2025-04-21 05:51:47+00:00,WETH,15.063832203636476,26850.3770730498,0x81463b0f960f247f704377661ec81c1fd65b5128
2025-04-21 05:51:47+00:00,WETH,35.98895706666694,64148.15663390983,0x5e295af31b227ca93604ae896f2bf2cf91e27868
2025-04-21 05:51:59+00:00,WETH,6.465440930909139,11524.260532889686,0x2face00052744bb0d5663382ff8239eff803f891
2025-04-21 05:52:11+00:00,WETH,3000.1058127824467,5347508.604935944,0x00000000009e50a7ddb7a7b0e2ee6604fd120e49
2025-04-21 05:52:11+00:00,WETH,1.2112415872727362,2158.965454818416,0xe6b1de575e7e610889ea21024834e120f92033a3
2025-04-21 05:52:11+00:00,WETH,1.5638237054545572,2787.421925550421,0xe6b1de575e7e610889ea21024834e120f92033a3
2025-04-21 05:52:11+00:00,WETH,2.5792850612121407,4597.420864506968,0xe6b1de575e7e610889ea21024834e120f92033a3
2025-04-21 05:52:11+00:00,WETH,1.1461617836363722,2042.9646096248155,0xe6b1de575e7e610889ea21024834e120f92033a3
2025-04-21 05:52:11+00:00,WETH,636.2578235812168,1134091.395064104,0xe6b1de575e7e610889ea21024834e120f92033a3
2025-04-21 05:52:11+00:00,WETH,7.352848718181874,13106.011669236099,0xe6b1de575e7e610889ea21024834e120f92033a3
2025-04-21 05:52:23+00:00,WETH,9.812659083030377,17490.476055956668,0xe6b1de575e7e610889ea21024834e120f92033a3
2025-04-21 05:52:23+00:00,WETH,5.203896793333372,9275.633800309135,0xe6b1de575e7e610889ea21024834e120f92033a3
2025-04-21 05:52:23+00:00,WETH,5.098766304242463,9088.245011333935,0xe6b1de575e7e610889ea21024834e120f92033a3
2025-04-21 05:52:23+00:00,WETH,19.62013353030318,34971.7108097536,0xe6b1de575e7e610889ea21024834e120f92033a3
2025-04-21 05:52:23+00:00,WETH,2.6206793115151714,4671.203632017102,0xe6b1de575e7e610889ea21024834e120f92033a3
2025-04-21 05:52:23+00:00,WETH,1.6319210860606181,2908.8014206378884,0xe6b1de575e7e610889ea21024834e120f92033a3
2025-04-21 05:52:23+00:00,WETH,105.45079179030382,187959.70931870915,0xe6b1de575e7e610889ea21024834e120f92033a3
2025-04-21 05:52:23+00:00,WETH,4244.070724468517,7564801.4221216645,0xe6b1de575e7e610889ea21024834e120f92033a3
2025-04-21 05:52:23+00:00,WETH,23.9544007012123,42697.28198586885,0xe6b1de575e7e610889ea21024834e120f92033a3
2025-04-21 05:52:35+00:00,WETH,2.923853549090931,5211.59352004164,0x2face00052744bb0d5663382ff8239eff803f891
2025-04-21 05:52:35+00:00,WETH,5.877897309090954,10476.99927961608,0x81463b0f960f247f704377661ec81c1fd65b5128
2025-04-21 05:52:35+00:00,WETH,5.8867026156469615,10492.69421023377,0x828ae1566824a9835acb6f565e1e9ea22bfb883a
2025-04-21 05:52:35+00:00,WETH,23.239707673719998,41423.384545945475,0x828ae1566824a9835acb6f565e1e9ea22bfb883a
2025-04-21 05:52:47+00:00,WETH,2.0629422333333487,3677.0707543826943,0xe6b1de575e7e610889ea21024834e120f92033a3
2025-04-21 05:52:47+00:00,WETH,2.2114505600000167,3941.7779361664298,0x00000000009e50a7ddb7a7b0e2ee6604fd120e49
2025-04-21 05:56:47+00:00,WETH,1.7130371919296594,3053.3860123831023,0xd5b42153e5e876004d025dcd8578ca14eec99e63
2025-04-21 05:57:35+00:00,WETH,7.546967033309561,13452.015918852294,0xd5b42153e5e876004d025dcd8578ca14eec99e63
2025-04-21 05:59:59+00:00,WETH,513.7271013125505,915687.7344635426,0xaf92e072cb195e7549f18ed99e72800f9203c72d
2025-04-21 06:05:11+00:00,WETH,6.652021,11856.82831124,0xa434d495249abe33e031fe71a969b81f3c07950d
2025-04-21 06:05:23+00:00,WETH,0.28198190294415737,502.6158230837839,0xd01607c3c5ecaba394d8be377a08590149325722
2025-04-21 06:08:11+00:00,WETH,0.1,178.24400000000003,0xd01607c3c5ecaba394d8be377a08590149325722
2025-04-21 06:10:35+00:00,WETH,2557.2864367322723,4558209.636289071,0x1f2f10d1c40777ae1da742455c65828ff36df387
2025-04-21 06:11:35+00:00,WETH,0.022000001535353253,39.213682736675054,0xd01607c3c5ecaba394d8be377a08590149325722
2025-04-21 06:12:59+00:00,WETH,0.03,53.4732,0xd01607c3c5ecaba394d8be377a08590149325722
2025-04-21 06:15:59+00:00,WETH,2.1096464120513825,3760.3181506968663,0x1f2f10d1c40777ae1da742455c65828ff36df387
2025-04-21 06:15:59+00:00,WETH,2.493861254205014,4445.158053945185,0x1f2f10d1c40777ae1da742455c65828ff36df387
2025-04-21 06:15:59+00:00,WETH,2.453800583636382,4373.752312296833,0xe6b1de575e7e610889ea21024834e120f92033a3
2025-04-21 06:15:59+00:00,WETH,0.8400063570262944,1497.2609310179482,0xd01607c3c5ecaba394d8be377a08590149325722
2025-04-21 06:16:11+00:00,WETH,2.3910006545454725,4261.815206688032,0xe6b1de575e7e610889ea21024834e120f92033a3
2025-04-21 06:16:11+00:00,WETH,9.44186105090916,16829.550811582525,0xe6b1de575e7e610889ea21024834e120f92033a3
2025-04-21 06:16:11+00:00,WETH,2.3893475533333515,4258.868652963499,0xe6b1de575e7e610889ea21024834e120f92033a3
2025-04-21 06:16:11+00:00,WETH,9.440270511515221,16826.71577054519,0xe6b1de575e7e610889ea21024834e120f92033a3
2025-04-21 06:16:11+00:00,WETH,9.794836542424315,17458.708446678796,0x81463b0f960f247f704377661ec81c1fd65b5128
2025-04-21 06:16:11+00:00,WETH,2.3980722230303213,4274.419853218166,0x5e295af31b227ca93604ae896f2bf2cf91e27868
2025-04-21 06:16:11+00:00,WETH,2.8690505272727487,5113.910421832038,0x5e295af31b227ca93604ae896f2bf2cf91e27868
2025-04-21 06:16:23+00:00,WETH,9.348092855151585,16662.41462873639,0xe6b1de575e7e610889ea21024834e120f92033a3
2025-04-21 06:16:23+00:00,WETH,6.550595850303079,11676.044067414221,0xe6b1de575e7e610889ea21024834e120f92033a3
2025-04-21 06:16:23+00:00,WETH,19.511707153939543,34778.447299468,0xe6b1de575e7e610889ea21024834e120f92033a3
2025-04-21 06:16:23+00:00,WETH,8.309596250303093,14811.356740390245,0xe6b1de575e7e610889ea21024834e120f92033a3
2025-04-21 06:16:23+00:00,WETH,2.8690505272727487,5113.910421832038,0x00000f91109c4d0007e90000d9facad5298a0cac
2025-04-21 06:16:23+00:00,WETH,2.8690505272727487,5113.910421832038,0x00000f91109c4d0007e90000d9facad5298a0cac
2025-04-21 06:16:23+00:00,WETH,2.8690505272727487,5113.910421832038,0x00000f91109c4d0007e90000d9facad5298a0cac
2025-04-21 06:16:23+00:00,WETH,20.21756081878803,36036.58910584054,0x81463b0f960f247f704377661ec81c1fd65b5128
2025-04-21 06:16:47+00:00,WETH,120.73863408543124,215209.37093923608,0xd5b42153e5e876004d025dcd8578ca14eec99e63
2025-04-21 06:16:47+00:00,WETH,3.613932952121239,6441.618651178981,0xe6b1de575e7e610889ea21024834e120f92033a3
2025-04-21 06:16:47+00:00,WETH,17.84631737515165,31809.989942165306,0xe6b1de575e7e610889ea21024834e120f92033a3
2025-04-21 06:16:47+00:00,WETH,9.166378996363706,16338.520578278525,0xe6b1de575e7e610889ea21024834e120f92033a3
2025-04-21 06:16:47+00:00,WETH,5.771715135151559,10287.735925499544,0xe6b1de575e7e610889ea21024834e120f92033a3
2025-04-21 06:16:47+00:00,WETH,9.828252123636437,17518.26971525453,0xe6b1de575e7e610889ea21024834e120f92033a3
2025-04-21 06:16:47+00:00,WETH,4.202341052727304,7490.4207860232555,0xe6b1de575e7e610889ea21024834e120f92033a3
2025-04-21 06:16:47+00:00,WETH,2.546964983030322,4539.812264352568,0xe6b1de575e7e610889ea21024834e120f92033a3
2025-04-21 06:16:47+00:00,WETH,5.162265484848524,9201.428490813403,0xe6b1de575e7e610889ea21024834e120f92033a3
2025-04-21 06:16:47+00:00,WETH,0.7161585696969751,1276.5096809706763,0xe6b1de575e7e610889ea21024834e120f92033a3
2025-04-21 06:16:47+00:00,WETH,52.813680489091304,94137.21665097591,0xe6b1de575e7e610889ea21024834e120f92033a3
2025-04-21 06:16:47+00:00,WETH,38.550083729697256,68713.21124316158,0xe6b1de575e7e610889ea21024834e120f92033a3
2025-04-21 06:17:11+00:00,WETH,29.08465847030325,51841.65864380733,0xe6b1de575e7e610889ea21024834e120f92033a3
2025-04-21 06:17:11+00:00,WETH,6.987866824242477,12455.453342202762,0xe6b1de575e7e610889ea21024834e120f92033a3
2025-04-21 06:17:11+00:00,WETH,11.572910227272814,20628.018105500156,0xe6b1de575e7e610889ea21024834e120f92033a3
2025-04-21 06:17:11+00:00,WETH,11.541339908484936,20571.74590647989,0x22a956c4755d8c4294b358dc346e74250e175622
2025-04-21 06:17:11+00:00,WETH,29.078776460606278,51831.17431444306,0xe6b1de575e7e610889ea21024834e120f92033a3
2025-04-21 06:17:11+00:00,WETH,4.564386296969731,8135.744711170728,0xe6b1de575e7e610889ea21024834e120f92033a3
2025-04-21 06:17:11+00:00,WETH,2.4940264739394125,4445.452548208566,0xe6b1de575e7e610889ea21024834e120f92033a3
2025-04-21 06:17:11+00:00,WETH,1.532742323636375,2732.0212273424204,0xe6b1de575e7e610889ea21024834e120f92033a3
2025-04-21 06:17:11+00:00,WETH,29.070124586060825,51815.75286717826,0xe6b1de575e7e610889ea21024834e120f92033a3
2025-04-21 06:17:11+00:00,WETH,6.996920986060658,12471.59184239396,0xe6b1de575e7e610889ea21024834e120f92033a3
2025-04-21 06:17:11+00:00,WETH,11.57984781272736,20640.383935317757,0xe6b1de575e7e610889ea21024834e120f92033a3
2025-04-21 06:17:11+00:00,WETH,2.8690505272727487,5113.910421832038,0xe08d97e151473a848c3d9ca3f323cb720472d015
2025-04-21 06:17:11+00:00,WETH,2.8690505272727487,5113.910421832038,0xe08d97e151473a848c3d9ca3f323cb720472d015
2025-04-21 06:17:11+00:00,WETH,2.8690505272727487,5113.910421832038,0xe08d97e151473a848c3d9ca3f323cb720472d015
2025-04-21 06:17:11+00:00,WETH,29.618734327879007,52793.61681538466,0x81463b0f960f247f704377661ec81c1fd65b5128
2025-04-21 06:17:11+00:00,WETH,29.670808152727496,52886.435283747596,0xa090fc409a9f25bf8e28257d42ef6904590c8984
2025-04-21 06:17:23+00:00,WETH,42.23639644242456,75283.84247483523,0x00000000009e50a7ddb7a7b0e2ee6604fd120e49
2025-04-21 06:19:11+00:00,WETH,115.3416,205589.481504,0xd01607c3c5ecaba394d8be377a08590149325722
2025-04-21 06:19:35+00:00,WETH,276.2254678899129,492355.3229856964,0x35532bda3a27a5b78321d1276ac362488fbb9687
2025-04-21 06:20:59+00:00,WETH,31.360077935254655,55897.45731491531,0xd01607c3c5ecaba394d8be377a08590149325722
2025-04-21 06:23:35+00:00,WETH,0.005101075,9.092360123,0x5141b82f5ffda4c6fe1e372978f1c5427640a190
2025-04-21 06:30:59+00:00,WETH,511.58799240413543,911874.9011808272,0x731b25b19a606122cfdaa659774a4022511875c9
2025-04-21 06:34:35+00:00,WETH,3.3382,5950.141208,0xd01607c3c5ecaba394d8be377a08590149325722
2025-04-21 06:34:59+00:00,WETH,4.2259,7532.413196,0xd01607c3c5ecaba394d8be377a08590149325722
2025-04-21 06:35:47+00:00,WETH,13.54785600542043,24148.240458301592,0x2b438c95849bcf4c002271fb8db7adf81dccd89b
2025-04-21 06:47:59+00:00,WETH,10.0,17824.4,0xd01607c3c5ecaba394d8be377a08590149325722
2025-04-21 06:49:59+00:00,WETH,0.1199999946808361,213.8927905189095,0xd5b42153e5e876004d025dcd8578ca14eec99e63
2025-04-21 06:50:35+00:00,WETH,0.487926028697032,869.6988705907378,0xd01607c3c5ecaba394d8be377a08590149325722
2025-04-21 06:50:59+00:00,WETH,0.123309,219.79089396,0x6aa7a8539543210563af6cf575cc5079b194d0c8
2025-04-21 06:51:47+00:00,WETH,0.1,178.24400000000003,0x6aa7a8539543210563af6cf575cc5079b194d0c8
2025-04-21 06:57:23+00:00,WETH,8.44855968540079,15059.050725645784,0x997d1c9f17e685f28fff1deb758453945c42ed64
2025-04-21 07:18:23+00:00,WETH,513.7887910529329,915797.6927243897,0xaf92e072cb195e7549f18ed99e72800f9203c72d
2025-04-21 07:21:11+00:00,WETH,0.01,17.8244,0xd01607c3c5ecaba394d8be377a08590149325722
2025-04-21 07:24:23+00:00,WETH,1084.4303762433003,1932932.0798311082,0x1f2f10d1c40777ae1da742455c65828ff36df387
2025-04-21 07:30:47+00:00,WETH,511.5934205273912,911884.5764848432,0x731b25b19a606122cfdaa659774a4022511875c9
2025-04-21 07:31:11+00:00,WETH,0.02840002864059084,50.621347050134744,0xd01607c3c5ecaba394d8be377a08590149325722
2025-04-21 07:32:11+00:00,WETH,511.5962578919437,911889.6339169162,0x731b25b19a606122cfdaa659774a4022511875c9
2025-04-21 07:33:23+00:00,WETH,9.7,17289.667999999998,0xd01607c3c5ecaba394d8be377a08590149325722
2025-04-21 07:34:23+00:00,WETH,511.6000496029251,911896.3924142378,0x731b25b19a606122cfdaa659774a4022511875c9
2025-04-21 07:36:11+00:00,WETH,0.5,891.22,0xd01607c3c5ecaba394d8be377a08590149325722
2025-04-21 07:38:23+00:00,WETH,0.007576928915200673,13.505421175610289,0x5141b82f5ffda4c6fe1e372978f1c5427640a190
2025-04-21 07:47:23+00:00,WETH,327.83831359046275,584352.1236761844,0x1f2f10d1c40777ae1da742455c65828ff36df387
2025-04-21 07:52:11+00:00,WETH,8000.0,14259520.0,0x731b25b19a606122cfdaa659774a4022511875c9
2025-04-21 07:52:11+00:00,WETH,511.60561524543846,911906.3128380794,0x731b25b19a606122cfdaa659774a4022511875c9
2025-04-21 07:52:11+00:00,WETH,8000.0,14259520.0,0x731b25b19a606122cfdaa659774a4022511875c9
2025-04-21 07:56:35+00:00,WETH,0.124644149223884,222.1707173426198,0xb7f764e44fc01c0b79ea4dee48d1d7664aeeb502
2025-04-21 07:57:11+00:00,WETH,8000.0,14259520.0,0x731b25b19a606122cfdaa659774a4022511875c9
2025-04-21 07:57:11+00:00,WETH,511.6754482557626,912030.7859890015,0x731b25b19a606122cfdaa659774a4022511875c9
2025-04-21 07:57:11+00:00,WETH,8000.0,14259520.0,0x731b25b19a606122cfdaa659774a4022511875c9
2025-04-21 07:57:47+00:00,WETH,8000.0,14259520.0,0x731b25b19a606122cfdaa659774a4022511875c9
2025-04-21 07:57:47+00:00,WETH,8000.0,14259520.0,0x731b25b19a606122cfdaa659774a4022511875c9
2025-04-21 07:57:47+00:00,WETH,511.8697903192101,912377.1890565729,0x731b25b19a606122cfdaa659774a4022511875c9
2025-04-21 08:08:11+00:00,WETH,3.2151387083269554,5730.791839270299,0xd01607c3c5ecaba394d8be377a08590149325722
2025-04-21 08:13:35+00:00,WETH,8000.0,14259520.0,0x731b25b19a606122cfdaa659774a4022511875c9
2025-04-21 08:13:35+00:00,WETH,8000.0,14259520.0,0x731b25b19a606122cfdaa659774a4022511875c9
2025-04-21 08:13:35+00:00,WETH,511.89420605342195,912420.7086378614,0x731b25b19a606122cfdaa659774a4022511875c9
2025-04-21 08:33:23+00:00,WETH,513.8702550678568,915942.8974431506,0xaf92e072cb195e7549f18ed99e72800f9203c72d
2025-04-21 08:35:35+00:00,WETH,0.08,142.5952,0xd01607c3c5ecaba394d8be377a08590149325722
2025-04-21 08:36:11+00:00,WETH,18.25,32529.530000000002,0xd01607c3c5ecaba394d8be377a08590149325722
2025-04-21 08:47:11+00:00,WETH,7.000598123443124,12478.146119149962,0xadc0a53095a0af87f3aa29fe0715b5c28016364e
2025-04-21 08:49:47+00:00,WETH,14.910417195232045,26576.924025469405,0xb7f764e44fc01c0b79ea4dee48d1d7664aeeb502
2025-04-21 08:50:35+00:00,WETH,3.0,5347.32,0x6588c1bee70855dc68da6a7ab27d03a775ebf0e9
2025-04-21 08:50:59+00:00,WETH,514.0267289617399,916221.8027705636,0xaf92e072cb195e7549f18ed99e72800f9203c72d
2025-04-21 08:55:11+00:00,WETH,0.03200946796410697,57.054956077942826,0xd01607c3c5ecaba394d8be377a08590149325722
2025-04-21 08:55:35+00:00,WETH,96.92338314601885,172760.11505478984,0xb7f764e44fc01c0b79ea4dee48d1d7664aeeb502
2025-04-21 09:01:59+00:00,WETH,1.6000136119113877,2851.928262415334,0xd01607c3c5ecaba394d8be377a08590149325722
2025-04-21 09:04:11+00:00,WETH,514.042969662449,916250.7508451355,0xaf92e072cb195e7549f18ed99e72800f9203c72d
2025-04-21 09:04:23+00:00,WETH,1211.0050209250937,2158543.7894977243,0x7f9b6bb65c8f9105f46ec3b18cb31845c85b6e72
2025-04-21 09:04:23+00:00,WETH,1211.0050209250937,2158543.7894977243,0x7f9b6bb65c8f9105f46ec3b18cb31845c85b6e72
2025-04-21 09:05:11+00:00,WETH,1.0025757879461126,1787.031187466669,0x78f8bd884c3d738b74b420540659c82f392820e0
2025-04-21 09:10:35+00:00,WETH,0.05,89.12200000000001,0xd01607c3c5ecaba394d8be377a08590149325722
2025-04-21 09:13:11+00:00,WETH,68.1853659354959,121536.3236580653,0xb7f764e44fc01c0b79ea4dee48d1d7664aeeb502
2025-04-21 09:15:35+00:00,WETH,5.365754287441e-05,0.09564135072106336,0xd01607c3c5ecaba394d8be377a08590149325722
2025-04-21 09:18:59+00:00,WETH,262.0094798855241,467016.1773271536,0xd01607c3c5ecaba394d8be377a08590149325722
2025-04-21 09:19:47+00:00,WETH,514.0473840103888,916258.6191554774,0xaf92e072cb195e7549f18ed99e72800f9203c72d
2025-04-21 09:21:11+00:00,WETH,2.4,4277.856,0xd01607c3c5ecaba394d8be377a08590149325722
2025-04-21 09:25:47+00:00,WETH,0.05071765311333231,90.40117361532805,0xd01607c3c5ecaba394d8be377a08590149325722
2025-04-21 09:26:35+00:00,WETH,316.4887775158763,564122.2565953985,0x3bfe65f217df9ad7358698580aeb47f692241c48
2025-04-21 09:33:23+00:00,WETH,0.6891869747639976,1228.4344312983399,0xadc0a53095a0af87f3aa29fe0715b5c28016364e
2025-04-21 09:37:23+00:00,WETH,117.1689173548083,208846.56504990452,0xfd81b27d9796a1ba7d7171ea70010c9befb2a62a
2025-04-21 09:50:11+00:00,WETH,8.214371661637973,14641.624624569988,0xd01607c3c5ecaba394d8be377a08590149325722
2025-04-21 09:52:11+00:00,WETH,1172.2002612002418,2089376.633573759,0x7f9b6bb65c8f9105f46ec3b18cb31845c85b6e72
2025-04-21 09:52:11+00:00,WETH,1172.2002612002418,2089376.633573759,0x7f9b6bb65c8f9105f46ec3b18cb31845c85b6e72
2025-04-21 10:03:35+00:00,WETH,0.007777511072958286,13.862946836883768,0xceb0f0771e082118681116a9f4449cea997ee5bc
2025-04-21 10:05:11+00:00,WETH,511.0852582667081,910978.8077449112,0xaf92e072cb195e7549f18ed99e72800f9203c72d
2025-04-21 10:15:47+00:00,WETH,511.0896304758878,910986.6009454415,0xaf92e072cb195e7549f18ed99e72800f9203c72d
2025-04-21 10:21:47+00:00,WETH,133.78583454803146,238465.2229317932,0xadc0a53095a0af87f3aa29fe0715b5c28016364e
2025-04-21 10:24:47+00:00,WETH,96.93454602218225,172780.01221177852,0xb7f764e44fc01c0b79ea4dee48d1d7664aeeb502
2025-04-21 10:27:59+00:00,WETH,0.2,356.48800000000006,0x5141b82f5ffda4c6fe1e372978f1c5427640a190
2025-04-21 10:29:47+00:00,WETH,96.93508650823583,172780.97559573987,0xb7f764e44fc01c0b79ea4dee48d1d7664aeeb502
2025-04-21 10:29:59+00:00,WETH,92.046,164066.47224,0xadc0a53095a0af87f3aa29fe0715b5c28016364e
2025-04-21 10:32:59+00:00,WETH,15.0,26736.600000000002,0xd01607c3c5ecaba394d8be377a08590149325722
2025-04-21 10:34:23+00:00,WETH,2082.7068344166905,3712299.969937686,0x7f9b6bb65c8f9105f46ec3b18cb31845c85b6e72
2025-04-21 10:34:23+00:00,WETH,2082.7068344166905,3712299.969937686,0x7f9b6bb65c8f9105f46ec3b18cb31845c85b6e72
2025-04-21 10:35:11+00:00,WETH,511.9084044391053,912446.0164084389,0x731b25b19a606122cfdaa659774a4022511875c9
2025-04-21 10:38:11+00:00,WETH,92.046,164066.47224,0xadc0a53095a0af87f3aa29fe0715b5c28016364e
2025-04-21 10:40:11+00:00,WETH,55.0275,98083.21710000001,0xadc0a53095a0af87f3aa29fe0715b5c28016364e
2025-04-21 10:40:11+00:00,WETH,0.004868857291140168,8.678445990019881,0xaa3fa60b42dccdd0e9c94423ac80f3116864ff98
2025-04-21 10:40:11+00:00,WETH,7.6748944628608e-05,0.13680038886381607,0xaa3fa60b42dccdd0e9c94423ac80f3116864ff98
2025-04-21 10:40:59+00:00,WETH,0.050127903079827583,89.34997956560788,0xd01607c3c5ecaba394d8be377a08590149325722
2025-04-21 10:43:11+00:00,WETH,96.94302799884184,172795.13082625566,0xb7f764e44fc01c0b79ea4dee48d1d7664aeeb502
2025-04-21 10:45:47+00:00,WETH,0.2001025264786699,356.6707472966404,0xd01607c3c5ecaba394d8be377a08590149325722
2025-04-21 10:45:47+00:00,WETH,20.0,35648.8,0xd01607c3c5ecaba394d8be377a08590149325722
2025-04-21 10:49:23+00:00,WETH,1274.054962255113,2270926.526922004,0x97e07a5501e0c915c942d5d6d6a17ac4735caf48
2025-04-21 10:49:23+00:00,WETH,1274.054962255113,2270926.526922004,0x97e07a5501e0c915c942d5d6d6a17ac4735caf48
2025-04-21 10:49:35+00:00,WETH,0.7145799747264991,1273.6959301515012,0x35bb522b102326ea3f1141661df4626c87000e3e
2025-04-21 10:51:23+00:00,WETH,0.32447733704614495,578.3613846445306,0xadc0a53095a0af87f3aa29fe0715b5c28016364e
2025-04-21 10:52:23+00:00,WETH,25.0,44561.0,0xd01607c3c5ecaba394d8be377a08590149325722
2025-04-21 10:52:35+00:00,WETH,31128.21219176719,55484170.53909351,0xaf92e072cb195e7549f18ed99e72800f9203c72d
2025-04-21 10:52:35+00:00,WETH,1008.1587726955024,1796982.5228033713,0xaf92e072cb195e7549f18ed99e72800f9203c72d
2025-04-21 10:52:35+00:00,WETH,32150.602828385483,57306520.50542742,0xaf92e072cb195e7549f18ed99e72800f9203c72d
2025-04-21 10:58:35+00:00,WETH,40.0,71297.6,0xd01607c3c5ecaba394d8be377a08590149325722
2025-04-21 11:03:35+00:00,WETH,30.0,53473.200000000004,0xd01607c3c5ecaba394d8be377a08590149325722
2025-04-21 11:04:47+00:00,WETH,0.25608265570361,456.45196883234263,0xd01607c3c5ecaba394d8be377a08590149325722
2025-04-21 11:06:23+00:00,WETH,84.01,149742.7844,0x9008d19f58aabd9ed0d60971565aa8510560ab41
2025-04-21 11:07:35+00:00,WETH,83.96,149653.6624,0x5141b82f5ffda4c6fe1e372978f1c5427640a190
2025-04-21 11:08:47+00:00,WETH,54.95,97945.07800000001,0x9008d19f58aabd9ed0d60971565aa8510560ab41
2025-04-21 11:10:23+00:00,WETH,66.35,118264.894,0x5141b82f5ffda4c6fe1e372978f1c5427640a190
2025-04-21 11:11:59+00:00,WETH,1.2241765313418533,2182.021216524973,0xadc0a53095a0af87f3aa29fe0715b5c28016364e
2025-04-21 11:12:23+00:00,WETH,0.00685,12.209714,0xd01607c3c5ecaba394d8be377a08590149325722
2025-04-21 11:18:59+00:00,WETH,0.022200071063958857,39.57029466724283,0xd01607c3c5ecaba394d8be377a08590149325722
2025-04-21 11:22:47+00:00,WETH,100.0,178244.0,0xd01607c3c5ecaba394d8be377a08590149325722
2025-04-21 11:33:47+00:00,WETH,1.6016808184721019,2854.8999580774134,0xd01607c3c5ecaba394d8be377a08590149325722
2025-04-21 11:40:47+00:00,WETH,0.1,178.24400000000003,0xd01607c3c5ecaba394d8be377a08590149325722
2025-04-21 11:41:11+00:00,WETH,0.03600000137945581,64.16784245879721,0xd01607c3c5ecaba394d8be377a08590149325722
2025-04-21 11:46:35+00:00,WETH,511.9697115362858,912555.2926307373,0x731b25b19a606122cfdaa659774a4022511875c9
2025-04-21 11:53:59+00:00,WETH,511.9801020648554,912573.8131244809,0x731b25b19a606122cfdaa659774a4022511875c9
2025-04-21 11:54:23+00:00,WETH,0.24552371425124653,437.63128922999186,0xadc0a53095a0af87f3aa29fe0715b5c28016364e
2025-04-21 11:54:59+00:00,WETH,1233.6992107936433,2198994.8212870215,0x97e07a5501e0c915c942d5d6d6a17ac4735caf48
2025-04-21 11:54:59+00:00,WETH,1233.6992107936433,2198994.8212870215,0x97e07a5501e0c915c942d5d6d6a17ac4735caf48
2025-04-21 12:02:11+00:00,WETH,2174.094583699902,3875193.1497700536,0x7f9b6bb65c8f9105f46ec3b18cb31845c85b6e72
2025-04-21 12:02:11+00:00,WETH,2174.094583699902,3875193.1497700536,0x7f9b6bb65c8f9105f46ec3b18cb31845c85b6e72
2025-04-21 12:27:11+00:00,WETH,0.0617787739598196,110.11695785694086,0x35bb522b102326ea3f1141661df4626c87000e3e
2025-04-21 12:27:59+00:00,WETH,0.002646779031342062,4.717724816625345,0x35bb522b102326ea3f1141661df4626c87000e3e
2025-04-21 12:29:47+00:00,WETH,0.03894238941532192,69.4124725894464,0xd01607c3c5ecaba394d8be377a08590149325722
2025-04-21 12:37:35+00:00,WETH,10.005,17833.3122,0xadc0a53095a0af87f3aa29fe0715b5c28016364e
2025-04-21 12:56:47+00:00,WETH,0.011539676043837764,20.568780167578183,0xd01607c3c5ecaba394d8be377a08590149325722
2025-04-21 12:56:59+00:00,WETH,8000.0,14259520.0,0x731b25b19a606122cfdaa659774a4022511875c9
2025-04-21 12:56:59+00:00,WETH,511.99969519210526,912608.7366982162,0x731b25b19a606122cfdaa659774a4022511875c9
2025-04-21 12:56:59+00:00,WETH,8000.0,14259520.0,0x731b25b19a606122cfdaa659774a4022511875c9
2025-04-21 12:59:35+00:00,WETH,3.116572818971236,5555.10405544709,0x78f8bd884c3d738b74b420540659c82f392820e0
2025-04-21 13:00:11+00:00,WETH,8000.0,14259520.0,0x4bb41165a817628992ee40ea8e92f8800f143fbd
2025-04-21 13:00:11+00:00,WETH,8000.0,14259520.0,0x4bb41165a817628992ee40ea8e92f8800f143fbd
2025-04-21 13:00:11+00:00,WETH,512.1782505683229,912927.0009430016,0x4bb41165a817628992ee40ea8e92f8800f143fbd
2025-04-21 13:03:59+00:00,WETH,0.08587593642942583,153.06870412926577,0xd01607c3c5ecaba394d8be377a08590149325722
2025-04-21 13:05:59+00:00,WETH,0.01100000059001536,19.60684105166698,0xd01607c3c5ecaba394d8be377a08590149325722
2025-04-21 13:05:59+00:00,WETH,0.06433057380819801,114.66538797868446,0xa70356582280bd372e386691da2c5ab11abaf00c
2025-04-21 13:09:47+00:00,WETH,8.9547124273544e-05,0.15961237619013577,0xa70356582280bd372e386691da2c5ab11abaf00c
2025-04-21 13:13:59+00:00,WETH,3.0998944629118688,5525.3758864726315,0xd01607c3c5ecaba394d8be377a08590149325722
2025-04-21 13:14:47+00:00,WETH,726.6317340863177,1295177.468104816,0x3bfe65f217df9ad7358698580aeb47f692241c48
2025-04-21 13:19:59+00:00,WETH,512.2657309424554,913082.9294610703,0x4bb41165a817628992ee40ea8e92f8800f143fbd
2025-04-21 13:41:35+00:00,WETH,1.0,1782.44,0xd01607c3c5ecaba394d8be377a08590149325722
2025-04-21 13:43:11+00:00,WETH,0.7165725018047787,1277.2474901169098,0xd01607c3c5ecaba394d8be377a08590149325722
2025-04-21 13:43:23+00:00,WETH,8000.0,14259520.0,0x731b25b19a606122cfdaa659774a4022511875c9
2025-04-21 13:43:23+00:00,WETH,8000.0,14259520.0,0x731b25b19a606122cfdaa659774a4022511875c9
2025-04-21 13:43:23+00:00,WETH,512.2804398138695,913109.1471418337,0x731b25b19a606122cfdaa659774a4022511875c9
2025-04-21 13:46:35+00:00,WETH,32.0,57038.08,0xadc0a53095a0af87f3aa29fe0715b5c28016364e
2025-04-21 13:47:35+00:00,WETH,0.09899305775456133,176.4491858640403,0xd01607c3c5ecaba394d8be377a08590149325722
2025-04-21 13:52:11+00:00,WETH,0.09,160.4196,0xd01607c3c5ecaba394d8be377a08590149325722
2025-04-21 13:53:47+00:00,WETH,4.0,7129.76,0x78f8bd884c3d738b74b420540659c82f392820e0
2025-04-21 14:00:11+00:00,WETH,1.0,1782.44,0xd01607c3c5ecaba394d8be377a08590149325722
2025-04-21 14:02:59+00:00,WETH,0.0453,80.744532,0xd01607c3c5ecaba394d8be377a08590149325722
2025-04-21 14:04:47+00:00,WETH,44.99000137872587,80191.97805749615,0xadc0a53095a0af87f3aa29fe0715b5c28016364e
2025-04-21 14:06:47+00:00,WETH,2.003137513982894,3570.47243042367,0xadc0a53095a0af87f3aa29fe0715b5c28016364e
2025-04-21 14:07:11+00:00,WETH,20.00000062143859,35648.801107677005,0xadc0a53095a0af87f3aa29fe0715b5c28016364e
2025-04-21 14:07:35+00:00,WETH,200.0,356488.0,0xd01607c3c5ecaba394d8be377a08590149325722
2025-04-21 14:07:35+00:00,WETH,7.8136187087161115,13927.306531163946,0xd01607c3c5ecaba394d8be377a08590149325722
2025-04-21 14:08:59+00:00,WETH,0.02,35.6488,0xd01607c3c5ecaba394d8be377a08590149325722
2025-04-21 14:12:11+00:00,WETH,54.829873919879496,97730.96046975002,0xadc0a53095a0af87f3aa29fe0715b5c28016364e
2025-04-21 14:13:11+00:00,WETH,32.008885156248795,57053.917257904104,0xd01607c3c5ecaba394d8be377a08590149325722
2025-04-21 14:13:11+00:00,WETH,23.97260353393976,42729.72744303559,0xadc0a53095a0af87f3aa29fe0715b5c28016364e
2025-04-21 14:13:47+00:00,WETH,10.0,17824.4,0xd01607c3c5ecaba394d8be377a08590149325722
2025-04-21 14:23:59+00:00,WETH,30.466872231044906,54305.37173950369,0xb7f764e44fc01c0b79ea4dee48d1d7664aeeb502
2025-04-21 14:31:35+00:00,WETH,29.31185764066694,52246.62753303038,0xd01607c3c5ecaba394d8be377a08590149325722
2025-04-21 14:32:47+00:00,WETH,0.14,249.54160000000005,0xd01607c3c5ecaba394d8be377a08590149325722
2025-04-21 14:34:11+00:00,WETH,17.363250255881045,30948.95178609261,0x997d1c9f17e685f28fff1deb758453945c42ed64
2025-04-21 14:39:47+00:00,WETH,4.0,7129.76,0xd01607c3c5ecaba394d8be377a08590149325722
2025-04-21 14:50:59+00:00,WETH,0.35,623.8539999999999,0xadc0a53095a0af87f3aa29fe0715b5c28016364e
2025-04-21 14:52:23+00:00,WETH,320.3293477848278,570967.8426655885,0xd01607c3c5ecaba394d8be377a08590149325722
2025-04-21 14:52:47+00:00,WETH,0.29874782942936795,532.5000810880827,0xd01607c3c5ecaba394d8be377a08590149325722
2025-04-21 14:53:59+00:00,WETH,2.0,3564.88,0xd01607c3c5ecaba394d8be377a08590149325722
2025-04-21 14:58:23+00:00,WETH,1.3503436840149732,2406.9065961356487,0x252231882fb38481497f3c767469106297c8d93b
2025-04-21 14:58:47+00:00,WETH,0.25,445.61,0xadc0a53095a0af87f3aa29fe0715b5c28016364e
2025-04-21 15:00:35+00:00,WETH,1.0,1782.44,0xd01607c3c5ecaba394d8be377a08590149325722
2025-04-21 15:01:47+00:00,WETH,0.5,891.22,0xadc0a53095a0af87f3aa29fe0715b5c28016364e
2025-04-21 15:05:47+00:00,WETH,3.0,5347.32,0x1aab2dbcfa3a34a61928c3e1b639926944941227
2025-04-21 15:12:59+00:00,WETH,180.07566496601595,320974.0682620255,0xd01607c3c5ecaba394d8be377a08590149325722
2025-04-21 15:22:11+00:00,WETH,36.83801047593484,65661.54339272529,0xadc0a53095a0af87f3aa29fe0715b5c28016364e
2025-04-21 15:22:59+00:00,WETH,10.0,17824.4,0xd01607c3c5ecaba394d8be377a08590149325722
2025-04-21 15:25:35+00:00,WETH,6.500802180704895,11587.289838975634,0x0bfc9d54fc184518a81162f8fb99c2eaca081202
2025-04-21 15:29:23+00:00,WETH,0.37014998341419836,659.7701364368038,0xd01607c3c5ecaba394d8be377a08590149325722
2025-04-21 15:31:59+00:00,WETH,1.329747e-12,2.37019424268e-09,0xa434d495249abe33e031fe71a969b81f3c07950d
2025-04-21 15:33:11+00:00,WETH,10.0,17824.4,0x1a75c25faa6f5eb78b7871c7a54720baef4fd2c5
2025-04-21 15:34:47+00:00,WETH,512.3701166267848,913268.9906802464,0x731b25b19a606122cfdaa659774a4022511875c9
2025-04-21 15:37:11+00:00,WETH,3.0896561670235303,5507.126738349421,0x35bb522b102326ea3f1141661df4626c87000e3e
2025-04-21 15:38:23+00:00,WETH,5.0,8912.2,0xd01607c3c5ecaba394d8be377a08590149325722
2025-04-21 15:39:11+00:00,WETH,0.1,178.24400000000003,0xd01607c3c5ecaba394d8be377a08590149325722
2025-04-21 15:42:59+00:00,WETH,12.0,21389.28,0x1a75c25faa6f5eb78b7871c7a54720baef4fd2c5
2025-04-21 15:53:59+00:00,WETH,17.0,30301.48,0x1a75c25faa6f5eb78b7871c7a54720baef4fd2c5
2025-04-21 16:00:23+00:00,WETH,8.787396921454086,15663.007768676622,0x1a75c25faa6f5eb78b7871c7a54720baef4fd2c5
2025-04-21 16:00:35+00:00,WETH,0.18703995928292244,333.3875050242523,0xd01607c3c5ecaba394d8be377a08590149325722
2025-04-21 16:02:35+00:00,WETH,0.4006925385880917,714.2104084809581,0xd01607c3c5ecaba394d8be377a08590149325722
2025-04-21 16:05:59+00:00,WETH,141.90186921922762,252931.56777112008,0x997d1c9f17e685f28fff1deb758453945c42ed64
2025-04-21 16:08:47+00:00,WETH,0.03099803272873286,55.2521334570026,0x35bb522b102326ea3f1141661df4626c87000e3e
2025-04-21 16:13:11+00:00,WETH,0.1910836528149589,340.59514612349534,0x35bb522b102326ea3f1141661df4626c87000e3e
2025-04-21 16:17:35+00:00,WETH,50.025,89166.561,0xadc0a53095a0af87f3aa29fe0715b5c28016364e
2025-04-21 16:20:35+00:00,WETH,512.3773928420347,913281.9600973565,0x731b25b19a606122cfdaa659774a4022511875c9
2025-04-21 16:21:35+00:00,WETH,1596.5701310597672,2845790.4644061713,0x97e07a5501e0c915c942d5d6d6a17ac4735caf48
2025-04-21 16:21:35+00:00,WETH,1596.5701310597672,2845790.4644061713,0x97e07a5501e0c915c942d5d6d6a17ac4735caf48
2025-04-21 16:23:11+00:00,WETH,1.0,1782.44,0xd01607c3c5ecaba394d8be377a08590149325722
2025-04-21 16:24:11+00:00,WETH,0.03102671024923124,55.30324941663973,0x35bb522b102326ea3f1141661df4626c87000e3e
2025-04-21 16:26:59+00:00,WETH,1.693681879297835,3018.886328935633,0x35bb522b102326ea3f1141661df4626c87000e3e
2025-04-21 16:29:35+00:00,WETH,1618.0021821199548,2883991.8094978924,0x97e07a5501e0c915c942d5d6d6a17ac4735caf48
2025-04-21 16:29:35+00:00,WETH,1618.0021821199548,2883991.8094978924,0x97e07a5501e0c915c942d5d6d6a17ac4735caf48
2025-04-21 16:29:47+00:00,WETH,80.0,142595.2,0xd01607c3c5ecaba394d8be377a08590149325722
2025-04-21 16:32:47+00:00,WETH,5.143196570723811,9167.43929552095,0x0bfc9d54fc184518a81162f8fb99c2eaca081202
2025-04-21 16:35:35+00:00,WETH,1.152372341322419,2054.0345560667324,0xd01607c3c5ecaba394d8be377a08590149325722
2025-04-21 16:46:11+00:00,WETH,16.0,28519.04,0xadc0a53095a0af87f3aa29fe0715b5c28016364e
2025-04-21 16:47:23+00:00,WETH,65.42176535993765,116610.37144816727,0xadc0a53095a0af87f3aa29fe0715b5c28016364e
2025-04-21 16:53:23+00:00,WETH,27.3200352477068,48696.323626922516,0x0bfc9d54fc184518a81162f8fb99c2eaca081202
2025-04-21 16:54:35+00:00,WETH,8.818492318642752,15718.433448441589,0xadc0a53095a0af87f3aa29fe0715b5c28016364e
2025-04-21 17:01:47+00:00,WETH,5.0,8912.2,0xd01607c3c5ecaba394d8be377a08590149325722
2025-04-21 17:04:11+00:00,WETH,511.754799716596,912172.2252068494,0xaf92e072cb195e7549f18ed99e72800f9203c72d
2025-04-21 17:04:59+00:00,WETH,2.6680489241368925,4755.637124338563,0x35bb522b102326ea3f1141661df4626c87000e3e
2025-04-21 17:06:35+00:00,WETH,1.1232357846182153,2002.1003919348916,0xd01607c3c5ecaba394d8be377a08590149325722
2025-04-21 17:17:11+00:00,WETH,8000.0,14259520.0,0x731b25b19a606122cfdaa659774a4022511875c9
2025-04-21 17:17:11+00:00,WETH,513.0021217526748,914395.5018968377,0x731b25b19a606122cfdaa659774a4022511875c9
2025-04-21 17:17:11+00:00,WETH,8000.0,14259520.0,0x731b25b19a606122cfdaa659774a4022511875c9
2025-04-21 17:17:47+00:00,WETH,217.1085,386982.87474,0xadc0a53095a0af87f3aa29fe0715b5c28016364e
2025-04-21 17:17:59+00:00,WETH,0.002500007107321109,4.456112668373438,0xd01607c3c5ecaba394d8be377a08590149325722
2025-04-21 17:19:35+00:00,WETH,10.0,17824.4,0xd01607c3c5ecaba394d8be377a08590149325722
2025-04-21 17:20:11+00:00,WETH,511.76814455374506,912196.0115783773,0xaf92e072cb195e7549f18ed99e72800f9203c72d
2025-04-21 17:23:11+00:00,WETH,8000.0,14259520.0,0x731b25b19a606122cfdaa659774a4022511875c9
2025-04-21 17:23:11+00:00,WETH,513.2982907591534,914923.4053807453,0x731b25b19a606122cfdaa659774a4022511875c9
2025-04-21 17:23:11+00:00,WETH,8000.0,14259520.0,0x731b25b19a606122cfdaa659774a4022511875c9
2025-04-21 17:24:23+00:00,WETH,3.8136458618659734,6797.594930024386,0x35bb522b102326ea3f1141661df4626c87000e3e
2025-04-21 17:29:11+00:00,WETH,6.337614785523331,11296.418098308206,0x35bb522b102326ea3f1141661df4626c87000e3e
2025-04-21 17:34:11+00:00,WETH,4.887505478627415,8711.68526532465,0xadc0a53095a0af87f3aa29fe0715b5c28016364e
2025-04-21 17:41:11+00:00,WETH,200.0,356488.0,0xd01607c3c5ecaba394d8be377a08590149325722
2025-04-21 17:50:23+00:00,WETH,0.7419886815739825,1322.5503055847294,0xd01607c3c5ecaba394d8be377a08590149325722
2025-04-21 17:50:47+00:00,WETH,84.82268315132325,151191.34335624462,0xd01607c3c5ecaba394d8be377a08590149325722
2025-04-21 17:55:11+00:00,WETH,511.9652603550805,912547.3586673097,0xaf92e072cb195e7549f18ed99e72800f9203c72d
2025-04-21 18:01:11+00:00,WETH,0.042442392033461486,75.6510172561231,0xd01607c3c5ecaba394d8be377a08590149325722
2025-04-21 18:02:11+00:00,WETH,5.0025,8916.6561,0xadc0a53095a0af87f3aa29fe0715b5c28016364e
2025-04-21 18:04:23+00:00,WETH,5.10605094026888,9101.229437972863,0x78f8bd884c3d738b74b420540659c82f392820e0
2025-04-21 18:06:11+00:00,WETH,6.0,10694.64,0xd01607c3c5ecaba394d8be377a08590149325722
2025-04-21 18:09:23+00:00,WETH,9.0,16041.960000000001,0xd01607c3c5ecaba394d8be377a08590149325722
2025-04-21 18:12:47+00:00,WETH,0.7338202544491894,1307.990574340413,0x35bb522b102326ea3f1141661df4626c87000e3e
2025-04-21 18:12:59+00:00,WETH,9.0,16041.960000000001,0xd01607c3c5ecaba394d8be377a08590149325722
2025-04-21 18:13:23+00:00,WETH,1.4713479183142506,2622.5893835200527,0xd01607c3c5ecaba394d8be377a08590149325722
2025-04-21 18:15:59+00:00,WETH,10.0,17824.4,0xd01607c3c5ecaba394d8be377a08590149325722
2025-04-21 18:19:11+00:00,WETH,10.0,17824.4,0xd01607c3c5ecaba394d8be377a08590149325722
2025-04-21 18:19:47+00:00,WETH,35.40077321956077,63099.7542174739,0xadc0a53095a0af87f3aa29fe0715b5c28016364e
2025-04-21 18:21:47+00:00,WETH,10.0,17824.4,0xd01607c3c5ecaba394d8be377a08590149325722
2025-04-21 18:24:47+00:00,WETH,11.0,19606.84,0xd01607c3c5ecaba394d8be377a08590149325722
2025-04-21 18:26:23+00:00,WETH,4.053282198404756,7224.732321724574,0xd01607c3c5ecaba394d8be377a08590149325722
2025-04-21 18:29:23+00:00,WETH,5.1349246969864435,9152.695176896517,0xd01607c3c5ecaba394d8be377a08590149325722
2025-04-21 18:30:35+00:00,WETH,0.6807407457783236,1213.3795349051152,0xd01607c3c5ecaba394d8be377a08590149325722
2025-04-21 18:31:11+00:00,WETH,0.5,891.22,0xd01607c3c5ecaba394d8be377a08590149325722
2025-04-21 18:31:59+00:00,WETH,4.213727002011058,7510.715557464591,0xd01607c3c5ecaba394d8be377a08590149325722
2025-04-21 18:34:11+00:00,WETH,0.15423826482959022,274.9204527628548,0xd01607c3c5ecaba394d8be377a08590149325722
2025-04-21 18:38:11+00:00,WETH,10.82,19286.0008,0xd01607c3c5ecaba394d8be377a08590149325722
2025-04-21 18:49:47+00:00,WETH,0.5,891.22,0xd01607c3c5ecaba394d8be377a08590149325722
2025-04-21 18:54:59+00:00,WETH,1024.064065879041,1825332.7535854378,0xaf92e072cb195e7549f18ed99e72800f9203c72d
2025-04-21 18:59:47+00:00,WETH,919.0174156027111,1638093.4022668966,0xaf92e072cb195e7549f18ed99e72800f9203c72d
2025-04-21 19:00:11+00:00,WETH,19.013180354683882,33889.85319140274,0x98ccb155e86bb478d514a827d16f58c6912f9bdc
2025-04-21 19:00:35+00:00,WETH,1.795798651112558,3200.903347689068,0xb7f764e44fc01c0b79ea4dee48d1d7664aeeb502
2025-04-21 19:02:47+00:00,WETH,0.0100014849558208,17.82704684465323,0xadc0a53095a0af87f3aa29fe0715b5c28016364e
2025-04-21 19:05:11+00:00,WETH,0.05000069977886182,89.12324731383445,0xd01607c3c5ecaba394d8be377a08590149325722
2025-04-21 19:06:35+00:00,WETH,0.684505198280796,1220.0894456236222,0x35bb522b102326ea3f1141661df4626c87000e3e
2025-04-21 19:06:59+00:00,WETH,0.11792238521645099,210.1895763052109,0xd01607c3c5ecaba394d8be377a08590149325722
2025-04-21 19:07:59+00:00,WETH,9.2800478512545e-05,0.1654112849199007,0x35bb522b102326ea3f1141661df4626c87000e3e
2025-04-21 19:08:35+00:00,WETH,3.50175,6241.65927,0xadc0a53095a0af87f3aa29fe0715b5c28016364e
2025-04-21 19:09:47+00:00,WETH,0.150075,267.499683,0xadc0a53095a0af87f3aa29fe0715b5c28016364e
2025-04-21 19:10:23+00:00,WETH,8000.0,14259520.0,0x731b25b19a606122cfdaa659774a4022511875c9
2025-04-21 19:10:23+00:00,WETH,513.4758189931048,915239.8388060697,0x731b25b19a606122cfdaa659774a4022511875c9
2025-04-21 19:10:23+00:00,WETH,8000.0,14259520.0,0x731b25b19a606122cfdaa659774a4022511875c9
2025-04-21 19:12:23+00:00,WETH,42.66781744918692,76052.82453412874,0x997d1c9f17e685f28fff1deb758453945c42ed64
2025-04-21 19:16:23+00:00,WETH,40.0,71297.6,0xd01607c3c5ecaba394d8be377a08590149325722
2025-04-21 19:19:11+00:00,WETH,0.03600053624942912,64.16879583243245,0xd01607c3c5ecaba394d8be377a08590149325722
2025-04-21 19:26:23+00:00,WETH,8000.0,14259520.0,0x731b25b19a606122cfdaa659774a4022511875c9
2025-04-21 19:26:23+00:00,WETH,514.0904336362536,916335.3525306039,0x731b25b19a606122cfdaa659774a4022511875c9
2025-04-21 19:26:23+00:00,WETH,8000.0,14259520.0,0x731b25b19a606122cfdaa659774a4022511875c9
2025-04-21 19:34:11+00:00,WETH,512.3517594204293,913236.27006135,0xaf92e072cb195e7549f18ed99e72800f9203c72d
2025-04-21 19:35:11+00:00,WETH,15.290000579507073,27253.508632936588,0xadc0a53095a0af87f3aa29fe0715b5c28016364e
2025-04-21 19:37:23+00:00,WETH,512.450418926409,913412.1247111886,0xaf92e072cb195e7549f18ed99e72800f9203c72d
2025-04-21 19:50:11+00:00,WETH,1.1000112977662007,1960.7041375903868,0xd01607c3c5ecaba394d8be377a08590149325722
2025-04-21 19:52:47+00:00,WETH,0.006646520278464308,11.847023605145923,0xd01607c3c5ecaba394d8be377a08590149325722
2025-04-21 20:01:23+00:00,WETH,25.0,44561.0,0xd01607c3c5ecaba394d8be377a08590149325722
2025-04-21 20:02:23+00:00,WETH,1364.4432656998263,2432038.2545139985,0x97e07a5501e0c915c942d5d6d6a17ac4735caf48
2025-04-21 20:02:23+00:00,WETH,1364.4432656998263,2432038.2545139985,0x97e07a5501e0c915c942d5d6d6a17ac4735caf48
2025-04-21 20:04:35+00:00,WETH,514.5455260932623,917146.5275296745,0x4bb41165a817628992ee40ea8e92f8800f143fbd
2025-04-21 20:17:11+00:00,WETH,90.4680948420332,161253.95097023365,0xb7f764e44fc01c0b79ea4dee48d1d7664aeeb502
2025-04-21 20:20:35+00:00,WETH,0.01594286668243905,28.41720328944666,0x35bb522b102326ea3f1141661df4626c87000e3e
2025-04-21 20:26:11+00:00,WETH,8000.0,14259520.0,0x731b25b19a606122cfdaa659774a4022511875c9
2025-04-21 20:26:11+00:00,WETH,8000.0,14259520.0,0x731b25b19a606122cfdaa659774a4022511875c9
2025-04-21 20:26:11+00:00,WETH,514.5519646633128,917158.0038944753,0x731b25b19a606122cfdaa659774a4022511875c9
2025-04-21 20:27:23+00:00,WETH,0.040405781666031294,72.02088147280082,0xd01607c3c5ecaba394d8be377a08590149325722
2025-04-21 20:37:59+00:00,WETH,0.11217582737444294,199.94668174530207,0x35bb522b102326ea3f1141661df4626c87000e3e
2025-04-21 20:42:23+00:00,WETH,1.0,1782.44,0xd01607c3c5ecaba394d8be377a08590149325722
2025-04-21 20:52:23+00:00,WETH,0.25,445.61,0xd01607c3c5ecaba394d8be377a08590149325722
2025-04-21 20:55:47+00:00,WETH,60.0,106946.40000000001,0xd01607c3c5ecaba394d8be377a08590149325722
2025-04-21 21:18:23+00:00,WETH,3.70592561737047,6605.59005742582,0xadc0a53095a0af87f3aa29fe0715b5c28016364e
2025-04-21 21:26:47+00:00,WETH,48.518445610781434,86481.21819448126,0xf9fdaf9bae1a24238ebd68955f5e2df1a18c7cdb
2025-04-21 21:26:47+00:00,WETH,2.206825073586e-06,0.0039335332841626295,0xf9fdaf9bae1a24238ebd68955f5e2df1a18c7cdb
2025-04-21 21:34:47+00:00,WETH,0.01,17.8244,0xd01607c3c5ecaba394d8be377a08590149325722
2025-04-21 21:36:47+00:00,WETH,2.2039593487224014,3928.425301536757,0x997d1c9f17e685f28fff1deb758453945c42ed64
2025-04-21 21:41:47+00:00,WETH,1.9537163154374722,3482.382109288368,0xd01607c3c5ecaba394d8be377a08590149325722
2025-04-21 21:46:35+00:00,WETH,226.23033634076583,403242.00070723466,0xb7f764e44fc01c0b79ea4dee48d1d7664aeeb502
2025-04-21 21:55:59+00:00,WETH,104.00014111662117,185374.01153191025,0xd01607c3c5ecaba394d8be377a08590149325722
2025-04-21 22:04:23+00:00,WETH,5.887698749774508,10494.469759548074,0xadc0a53095a0af87f3aa29fe0715b5c28016364e
2025-04-21 22:15:11+00:00,WETH,1.02,1818.0888,0xd01607c3c5ecaba394d8be377a08590149325722
2025-04-21 22:17:23+00:00,WETH,104.00007185656833,185373.88808002166,0xd01607c3c5ecaba394d8be377a08590149325722
2025-04-21 22:18:35+00:00,WETH,0.250125,445.832805,0xadc0a53095a0af87f3aa29fe0715b5c28016364e
2025-04-21 22:25:11+00:00,WETH,259.3665029517735,462305.22952135914,0x1f2f10d1c40777ae1da742455c65828ff36df387
2025-04-21 22:43:11+00:00,WETH,4.025266712440237,7174.796398921976,0xadc0a53095a0af87f3aa29fe0715b5c28016364e
2025-04-21 22:44:35+00:00,WETH,0.000760702090376458,1.3559058339706138,0xaa3fa60b42dccdd0e9c94423ac80f3116864ff98
2025-04-21 22:44:35+00:00,WETH,0.000472012225444222,0.841333471120799,0xaa3fa60b42dccdd0e9c94423ac80f3116864ff98
2025-04-21 22:53:23+00:00,WETH,0.30015,534.999366,0xadc0a53095a0af87f3aa29fe0715b5c28016364e
2025-04-21 23:01:23+00:00,WETH,11.761490270473084,20964.150717702043,0xd01607c3c5ecaba394d8be377a08590149325722
2025-04-21 23:03:11+00:00,WETH,6.0,10694.64,0x1aab2dbcfa3a34a61928c3e1b639926944941227
2025-04-21 23:07:47+00:00,WETH,31.700004091815302,56503.35529341527,0xd01607c3c5ecaba394d8be377a08590149325722
2025-04-21 23:12:59+00:00,WETH,8.540007153597797,15222.050350858857,0xadc0a53095a0af87f3aa29fe0715b5c28016364e
2025-04-21 23:14:47+00:00,WETH,512.622622988564,913719.068119736,0xaf92e072cb195e7549f18ed99e72800f9203c72d
2025-04-21 23:17:23+00:00,WETH,0.01,17.8244,0xd01607c3c5ecaba394d8be377a08590149325722
2025-04-21 23:17:23+00:00,WETH,0.01,17.8244,0xd01607c3c5ecaba394d8be377a08590149325722
2025-04-21 23:17:35+00:00,WETH,1280.4305999906705,2282290.718647371,0x7f9b6bb65c8f9105f46ec3b18cb31845c85b6e72
2025-04-21 23:17:35+00:00,WETH,1280.4305999906705,2282290.718647371,0x7f9b6bb65c8f9105f46ec3b18cb31845c85b6e72
2025-04-21 23:17:47+00:00,WETH,0.015872233775121848,28.291304370128188,0xd01607c3c5ecaba394d8be377a08590149325722
2025-04-21 23:22:23+00:00,WETH,2000.0384182819728,3564948.4782825196,0xd01607c3c5ecaba394d8be377a08590149325722
2025-04-21 23:30:59+00:00,WETH,5.020024141613403,8947.891830977394,0xadc0a53095a0af87f3aa29fe0715b5c28016364e
2025-04-21 23:35:59+00:00,WETH,0.43,766.4492,0x65d37b0b8fc7e6d36119f3016f977f3bcf01b4b5
2025-04-21 23:39:47+00:00,WETH,512.6816120820081,913824.2126394545,0xaf92e072cb195e7549f18ed99e72800f9203c72d
2025-04-21 23:45:59+00:00,WETH,512.7286205932179,913908.0024901753,0xaf92e072cb195e7549f18ed99e72800f9203c72d
2025-04-21 23:46:47+00:00,WETH,0.10005,178.333122,0xadc0a53095a0af87f3aa29fe0715b5c28016364e
2025-04-21 23:49:11+00:00,WETH,0.10005,178.333122,0xadc0a53095a0af87f3aa29fe0715b5c28016364e
2025-04-21 23:49:47+00:00,WETH,0.050025,89.166561,0xadc0a53095a0af87f3aa29fe0715b5c28016364e
2025-04-21 23:55:59+00:00,WETH,512.7379606500199,913924.6505810214,0xaf92e072cb195e7549f18ed99e72800f9203c72d
2025-04-21 23:57:59+00:00,WETH,18.131226430745308,32317.82323921767,0xd01607c3c5ecaba394d8be377a08590149325722
2025-04-21 23:58:47+00:00,WETH,40.0,71297.6,0xb8270b5ba91cb365d51855a968a9a8f829a0e855
2025-04-17 00:07:11+00:00,USDC,13.876099,13.87516333464443,0x337a6c233bb57231bf71ecdaf2cf4642cb8dc223
2025-04-17 00:11:11+00:00,USDC,131.299318,131.29046448698728,0x337a6c233bb57231bf71ecdaf2cf4642cb8dc223
2025-04-17 00:12:47+00:00,USDC,42139.576357,42136.73488536625,0x9f739b86d916bba4ed6323868ce0da252d9222a9
2025-04-17 00:15:23+00:00,USDC,1.1e-05,1.099925827e-05,0xa70356582280bd372e386691da2c5ab11abaf00c
2025-04-17 00:15:23+00:00,USDC,92087.631789,92081.42231998847,0xaf074592bb02214a38a81b0439b1c304223851af
2025-04-17 00:19:11+00:00,USDC,2927.049097,2926.851726079389,0xd20c024560cca40288c05bab650ac087ae9b0f6e
2025-04-17 00:21:11+00:00,USDC,54422.145241,54418.4755557464,0x5f6a807ef4b9bed2de0988c1b6d2fe9deeec197d
2025-04-17 00:27:47+00:00,USDC,1984.482631,1984.3488173361918,0x72949d08fcd41f16d390392fa84cd58c8d7537a2
2025-04-17 00:41:59+00:00,USDC,30000.0,29997.9771,0x57cc51ce8f46193a6f9434f02695f391b7491e9f
2025-04-17 00:45:23+00:00,USDC,4200.0,4199.716794,0xadc0a53095a0af87f3aa29fe0715b5c28016364e
2025-04-17 01:06:35+00:00,USDC,130704.684863,130695.8714460997,0x95d30549f608c59a745c3d838fc54a23d7ce3ae7
2025-04-17 01:57:23+00:00,USDC,16879.352457,16878.214282263827,0x0adc69041a2b086f8772acce2a754f410f211bed
2025-04-17 02:07:35+00:00,USDC,99994.961732,99988.2190717304,0xd4fa2d31b7968e448877f69a96de69f5de8cd23e
2025-04-17 02:08:23+00:00,USDC,2.0,1.99986514,0x5a39a2de715b5e7b838018a95edb7d833a09356d
2025-04-17 02:10:59+00:00,USDC,420.0,419.9716794,0xadc0a53095a0af87f3aa29fe0715b5c28016364e
2025-04-17 02:18:59+00:00,USDC,16524.114272,16523.00005097464,0xcdd75f6478801856fe7449b87876e16ba1fad1bf
2025-04-17 02:19:47+00:00,USDC,49352.067805,49348.73999506791,0xd4fa2d31b7968e448877f69a96de69f5de8cd23e
2025-04-17 02:29:47+00:00,USDC,33445.25855,33443.003336215974,0xd4fa2d31b7968e448877f69a96de69f5de8cd23e
2025-04-17 02:35:23+00:00,USDC,1883658.752234,1883531.7371243369,0x7f9b6bb65c8f9105f46ec3b18cb31845c85b6e72
2025-04-17 02:35:23+00:00,USDC,540126.413454,540089.9927299408,0x7f9b6bb65c8f9105f46ec3b18cb31845c85b6e72
2025-04-17 02:36:59+00:00,USDC,10000.0,9999.3257,0x4544e2fae244ea4ca20d075bb760561ce5990dc3
2025-04-17 02:38:35+00:00,USDC,535148.398577,535112.313520484,0x9ebafeab2d69e7e6803a23e1d14c6a64328a24f4
2025-04-17 02:43:23+00:00,USDC,1000.0,999.93257,0x35b4052b9a7bef8584331dc35db6c2070f6f92c9
2025-04-17 03:23:35+00:00,USDC,26737.869181,26736.066246481125,0xd4fa2d31b7968e448877f69a96de69f5de8cd23e
2025-04-17 03:23:59+00:00,USDC,4.84542,4.8450932733294,0xe77febce0b9332fb8f35e682ebd2374e55472241
2025-04-17 03:30:23+00:00,USDC,803.954359,803.9001483575726,0x35bb522b102326ea3f1141661df4626c87000e3e
2025-04-17 03:41:11+00:00,USDC,2074352.773084,2074212.899476511,0x731b25b19a606122cfdaa659774a4022511875c9
2025-04-17 04:02:47+00:00,USDC,2224363.185112,2224213.196302428,0x731b25b19a606122cfdaa659774a4022511875c9
2025-04-17 04:07:23+00:00,USDC,2313622.436733,2313466.429172091,0x7f9b6bb65c8f9105f46ec3b18cb31845c85b6e72
2025-04-17 04:07:23+00:00,USDC,754786.389983,754735.4947367235,0x7f9b6bb65c8f9105f46ec3b18cb31845c85b6e72
2025-04-17 04:12:47+00:00,USDC,100000.029905,99993.28690298351,0xd4fa2d31b7968e448877f69a96de69f5de8cd23e
2025-04-17 04:13:35+00:00,USDC,13000.0,12999.12341,0x3961c3d120ec51fee26a821278256ea89d31acbe
2025-04-17 04:24:23+00:00,USDC,1000.0,999.93257,0x28b0185709c849ac0b34b9a0cdb8f3be3c92e2ef
2025-04-17 04:25:11+00:00,USDC,30000.016301,29997.993399900824,0xd0f501ed793100b4c250cf2f88787bc2e3cb0e32
2025-04-17 04:28:11+00:00,USDC,9.649626,9.648975325718819,0x73eddfa87c71addc275c2b9890f5c3a8480bc9e6
2025-04-17 04:33:11+00:00,USDC,1023202.828327,1023133.833760286,0x7f9b6bb65c8f9105f46ec3b18cb31845c85b6e72
2025-04-17 04:33:11+00:00,USDC,321072.725616,321051.0756821117,0x7f9b6bb65c8f9105f46ec3b18cb31845c85b6e72
2025-04-17 04:35:11+00:00,USDC,99987.749712,99981.00753803692,0xd4fa2d31b7968e448877f69a96de69f5de8cd23e
2025-04-17 04:36:59+00:00,USDC,4000.0,3999.73028,0x28b0185709c849ac0b34b9a0cdb8f3be3c92e2ef
2025-04-17 04:48:47+00:00,USDC,2000.0,1999.86514,0xadc0a53095a0af87f3aa29fe0715b5c28016364e
2025-04-17 04:54:23+00:00,USDC,3400.0,3399.770738,0xc2a12d5a385629e368d66cefc7e90d8bc1bf0578
2025-04-17 04:57:35+00:00,USDC,835510.71,835454.3715128247,0xe418ee2df21ef818d20194113281d3f4300aead3
2025-04-17 05:20:11+00:00,USDC,96907.103734,96900.56928799523,0xd4fa2d31b7968e448877f69a96de69f5de8cd23e
2025-04-17 05:46:35+00:00,USDC,3600.0,3599.757252,0x8d55eff552fe561bf88c15bfbdadfe059b865798
2025-04-17 05:49:11+00:00,USDC,40670.328857,40667.58645672517,0xd4fa2d31b7968e448877f69a96de69f5de8cd23e
2025-04-17 05:54:35+00:00,USDC,30152.057,30150.023846796492,0x35bb522b102326ea3f1141661df4626c87000e3e
2025-04-17 05:56:47+00:00,USDC,11000.0,10999.25827,0xd45b45701be8e0054c1753f190e05ed686f9681f
2025-04-17 05:56:47+00:00,USDC,185118.48366,185106.0011206468,0xbed03239b3180534e374729c889aee3b0d08c2ca
2025-04-17 06:04:47+00:00,USDC,5.990215,5.98981107980255,0x0bdcba95cf2a6975ba0a94b59c4907bd7e0cdded
2025-04-17 06:05:11+00:00,USDC,2000.306295,2000.1714143465283,0xadc0a53095a0af87f3aa29fe0715b5c28016364e
2025-04-17 06:06:23+00:00,USDC,40769.241309,40766.492239058534,0x630157c1b88033ce51acd6d24f44768a018ca0e4
2025-04-17 06:08:47+00:00,USDC,2000.0,1999.86514,0xd45b45701be8e0054c1753f190e05ed686f9681f
2025-04-17 06:11:23+00:00,USDC,1000.0,999.93257,0x35b4052b9a7bef8584331dc35db6c2070f6f92c9
2025-04-17 06:16:47+00:00,USDC,5529.357105,5528.98426045041,0xadc0a53095a0af87f3aa29fe0715b5c28016364e
2025-04-17 06:30:11+00:00,USDC,5.004362,5.00402455587034,0x49fe33d85a45e10860937a737468bd1fc69744c8
2025-04-17 06:32:47+00:00,USDC,12170.486827,12169.666171073257,0x3a17765aa04a8b03b9b590ddd62b3d4aa39d6cf9
2025-04-17 06:42:35+00:00,USDC,155354.871751,155344.39617199783,0xd4fa2d31b7968e448877f69a96de69f5de8cd23e
2025-04-17 06:43:47+00:00,USDC,1650134.263226,1650022.9946726307,0x731b25b19a606122cfdaa659774a4022511875c9
2025-04-17 06:47:11+00:00,USDC,8.567225,8.566647312018251,0x183d5fa6e6db43fc0a883db14babedc279fd722c
2025-04-17 06:48:47+00:00,USDC,1395.8,1395.705881206,0x5141b82f5ffda4c6fe1e372978f1c5427640a190
2025-04-17 06:48:47+00:00,USDC,2093.7,2093.5588218089997,0x5141b82f5ffda4c6fe1e372978f1c5427640a190
2025-04-17 06:55:11+00:00,USDC,30593.636774,30591.57384507233,0xadc0a53095a0af87f3aa29fe0715b5c28016364e
2025-04-17 06:57:35+00:00,USDC,0.0001,9.9993257e-05,0xff43e33c40276feeff426c5448cf3ad9df6b5741
2025-04-17 07:00:23+00:00,USDC,189910.756274,189897.95059170446,0xd4fa2d31b7968e448877f69a96de69f5de8cd23e
2025-04-17 07:02:35+00:00,USDC,2.805912,2.80572279735384,0x55877bd7f2ee37bde55ca4b271a3631f3a7ef121
2025-04-17 07:06:59+00:00,USDC,10000.0,9999.3257,0x4e2bed14da74e0be679066f3542617d152e114a7
2025-04-17 07:26:23+00:00,USDC,307215.336191,307194.62066088064,0x8be46b25d59616e594f0a9e20147fb14c1b989d9
2025-04-17 07:32:47+00:00,USDC,1.23,1.2299170611,0x14285b30f587fdb5f671712af71d15610752acf6
2025-04-17 07:37:23+00:00,USDC,1002772.90804,1002705.2910628109,0x85101bbcbbf09cd50d299f662448c3ae509592ee
2025-04-17 07:39:47+00:00,USDC,1000000.0,999932.5700000001,0x798991c85b448447cb69b609ae0141d003294bf9
2025-04-17 07:40:23+00:00,USDC,118.518117,118.5101253233707,0x6b9ec2a7606190a91c628eed2fee1513e7861ecf
2025-04-17 08:07:35+00:00,USDC,40000.0,39997.3028,0x9deff269b22849889cae9a965769f576a1e72d27
2025-04-17 08:10:23+00:00,USDC,1000.0,999.93257,0x736f9ac114316b4eb193d757cbbac6abea65d9fe
2025-04-17 08:12:35+00:00,USDC,7923.451868,7922.917589640541,0xadc0a53095a0af87f3aa29fe0715b5c28016364e
2025-04-17 08:12:59+00:00,USDC,5271.999999,5271.644508040067,0xfaeb60f5ab719da12b9ebed42b144d8f24f69aa3
2025-04-17 08:19:59+00:00,USDC,119989.705892,119981.61498613171,0xd4fa2d31b7968e448877f69a96de69f5de8cd23e
2025-04-17 08:22:11+00:00,USDC,3000.0,2999.7977100000003,0x93242bb2b8f429a21c8d194ad88e7c4745e395a1
2025-04-17 08:32:35+00:00,USDC,1999.966291,1999.8314332729979,0xc30d77b243561e0db303a942dd6404dcaafa0f9d
2025-04-17 08:38:59+00:00,USDC,3143.150236,3142.9382933795864,0xfaeb60f5ab719da12b9ebed42b144d8f24f69aa3
2025-04-17 08:47:11+00:00,USDC,3112.401419,3112.1915497723166,0x2db0b0fa84c3c8b342183fd0b777c521ec054325
2025-04-17 08:52:11+00:00,USDC,2001000.0,2000865.07257,0xadc0a53095a0af87f3aa29fe0715b5c28016364e
2025-04-17 08:53:59+00:00,USDC,1831038.07176,1830914.6048628213,0xadc0a53095a0af87f3aa29fe0715b5c28016364e
2025-04-17 08:59:47+00:00,USDC,500.0,499.966285,0xdcd10efb78892c38cbcacc4aa71895f667757e2d
2025-04-17 09:02:59+00:00,USDC,81211.047167,81205.57110608953,0xd4fa2d31b7968e448877f69a96de69f5de8cd23e
2025-04-17 09:02:59+00:00,USDC,105564.204543,105557.08634868766,0xd4fa2d31b7968e448877f69a96de69f5de8cd23e
2025-04-17 09:02:59+00:00,USDC,97446.870271,97440.29942853763,0xd4fa2d31b7968e448877f69a96de69f5de8cd23e
2025-04-17 09:03:59+00:00,USDC,5024.970113,5024.631279265281,0x73eddfa87c71addc275c2b9890f5c3a8480bc9e6
2025-04-17 09:04:11+00:00,USDC,220257.70829,220242.85631273003,0xd4fa2d31b7968e448877f69a96de69f5de8cd23e
2025-04-17 09:04:35+00:00,USDC,25269.824427,25268.120482738886,0xd4fa2d31b7968e448877f69a96de69f5de8cd23e
2025-04-17 09:04:59+00:00,USDC,49210.013742,49206.69551077338,0xd4fa2d31b7968e448877f69a96de69f5de8cd23e
2025-04-17 09:05:59+00:00,USDC,95909.285769,95902.8186058606,0xd4fa2d31b7968e448877f69a96de69f5de8cd23e
2025-04-17 09:05:59+00:00,USDC,197531.248449,197517.9289169171,0xd4fa2d31b7968e448877f69a96de69f5de8cd23e
2025-04-17 09:06:11+00:00,USDC,303775.147323,303754.663764816,0xadc0a53095a0af87f3aa29fe0715b5c28016364e
2025-04-17 09:07:35+00:00,USDC,1000060.529671,999993.0955894843,0x937766e2e17def1e6f7a4a87a6299ffc607a23ed
2025-04-17 09:08:23+00:00,USDC,1000060.628881,999993.1947927945,0x11d25d8524767b9c0688cf7f3b28f15838232212
2025-04-17 09:18:11+00:00,USDC,15.243624,15.242596122433682,0xd4fa2d31b7968e448877f69a96de69f5de8cd23e
2025-04-17 09:19:11+00:00,USDC,286.0,285.98071502,0x7b34f827a48fcbd793c99df542252686f8a6b92a
2025-04-17 09:20:35+00:00,USDC,41000.0,40997.23537,0xc2a12d5a385629e368d66cefc7e90d8bc1bf0578
2025-04-17 09:21:11+00:00,USDC,1000061.361614,999993.9274763864,0x8d8a6e1971a2d2f2a2462f45cb535e8d37af2212
2025-04-17 09:22:47+00:00,USDC,5.001078,5.00074077731046,0xd2b412aa4f12c74c02e546d9ce0b97410e0119ef
2025-04-17 09:23:47+00:00,USDC,20000.0,19998.6514,0x38e86e1dc073af1e027fc7f69f7faa33ccb70479
2025-04-17 09:26:23+00:00,USDC,51144.774763,51141.326070837735,0xd4fa2d31b7968e448877f69a96de69f5de8cd23e
2025-04-17 09:26:59+00:00,USDC,5.692248,5.69186417171736,0x73eddfa87c71addc275c2b9890f5c3a8480bc9e6
2025-04-17 09:29:47+00:00,USDC,30002.083495,30000.06045450993,0xb7c43fc6b7c401bc3dfcea8fac935618a3fefb2b
2025-04-17 09:30:11+00:00,USDC,100789.903415,100783.10715181273,0xd4fa2d31b7968e448877f69a96de69f5de8cd23e
2025-04-17 09:33:11+00:00,USDC,95055.300502,95048.89092308715,0xd4fa2d31b7968e448877f69a96de69f5de8cd23e
2025-04-17 09:43:23+00:00,USDC,10000.0,9999.3257,0x4e328d608dfc264a86bacd4ab96137ed39a24f69
2025-04-17 09:53:11+00:00,USDC,4.993971,4.99363425653547,0xdee3eb745e8e2aed86ae37215e768719912ba5e3
2025-04-17 09:57:11+00:00,USDC,137547.583069,137538.30823547364,0xd4fa2d31b7968e448877f69a96de69f5de8cd23e
2025-04-17 10:03:23+00:00,USDC,28802.535063,28800.592908060702,0x0adc69041a2b086f8772acce2a754f410f211bed
2025-04-17 10:05:11+00:00,USDC,28810.841775,28808.899059939115,0x0adc69041a2b086f8772acce2a754f410f211bed
2025-04-17 10:06:35+00:00,USDC,28816.187601,28814.244525470065,0x0adc69041a2b086f8772acce2a754f410f211bed
2025-04-17 10:07:59+00:00,USDC,28818.80799,28816.864737777236,0x0adc69041a2b086f8772acce2a754f410f211bed
2025-04-17 10:13:47+00:00,USDC,54608.744445,54605.06217736207,0xd4fa2d31b7968e448877f69a96de69f5de8cd23e
2025-04-17 10:15:23+00:00,USDC,4.993764,4.99342727049348,0xad9dadb2f184d207e95ff166d97b93ce0025c8e0
2025-04-17 10:19:47+00:00,USDC,20000.0,19998.6514,0x4e328d608dfc264a86bacd4ab96137ed39a24f69
2025-04-17 10:21:23+00:00,USDC,335008.514142,334985.9245178914,0xd4fa2d31b7968e448877f69a96de69f5de8cd23e
2025-04-17 10:30:23+00:00,USDC,100.0,99.993257,0xd4fa2d31b7968e448877f69a96de69f5de8cd23e
2025-04-17 10:31:23+00:00,USDC,30119.0,30116.969075830002,0x8b87e0a82f009e61fc8b63c007d31b073b5bf826
2025-04-17 10:34:35+00:00,USDC,4000.0,3999.73028,0xfa2aaf98bf7919cbcb4674e0fdf9e24e7d945baf
2025-04-17 10:35:11+00:00,USDC,38886.401,38883.77888998057,0xd4fa2d31b7968e448877f69a96de69f5de8cd23e
2025-04-17 10:38:23+00:00,USDC,60068.34,60064.289591833796,0xb3f09f6d5d1d22579383e56123b7c360f343e255
2025-04-17 10:41:23+00:00,USDC,100.000026,99.99328299824683,0x21fa5d9bd71b54e8efb840d58cb4936a8ce33abc
2025-04-17 10:43:23+00:00,USDC,4.994316,4.99397923327212,0x5cc37b68a401367b2652880b2ae0c924d9b938a9
2025-04-17 10:48:59+00:00,USDC,0.0003,0.000299979771,0xff43e33c40276feeff426c5448cf3ad9df6b5741
2025-04-17 10:52:23+00:00,USDC,160446.286855,160435.46796187738,0xd4fa2d31b7968e448877f69a96de69f5de8cd23e
2025-04-17 10:55:11+00:00,USDC,0.0001,9.9993257e-05,0xff43e33c40276feeff426c5448cf3ad9df6b5741
2025-04-17 11:06:59+00:00,USDC,8000.0,7999.46056,0x8083a1e622da1fcc8cf8b1ac667bc480e7d0c81c
2025-04-17 11:13:35+00:00,USDC,40000.0,39997.3028,0xc772bb00e4329e329c8522769e366a8077871e50
2025-04-17 11:20:23+00:00,USDC,255.370871,255.35365134216846,0x73eddfa87c71addc275c2b9890f5c3a8480bc9e6
2025-04-17 11:22:35+00:00,USDC,699866.365254,699819.1732649909,0x7f9b6bb65c8f9105f46ec3b18cb31845c85b6e72
2025-04-17 11:24:35+00:00,USDC,1000.0,999.93257,0xadc0a53095a0af87f3aa29fe0715b5c28016364e
2025-04-17 11:27:35+00:00,USDC,2001.899101,2001.7641129436197,0x73eddfa87c71addc275c2b9890f5c3a8480bc9e6
2025-04-17 11:30:35+00:00,USDC,22297.1417,22295.63820373517,0x9f739b86d916bba4ed6323868ce0da252d9222a9
2025-04-17 11:43:47+00:00,USDC,4.992797,4.992460335698291,0xd444a6eb9932a80834006926d7bf5727a5ef939d
2025-04-17 11:48:59+00:00,USDC,6954.285539,6953.816611526106,0x68d532549491f3f352e92de527e6bf2b17655d84
2025-04-17 11:48:59+00:00,USDC,1.0,0.99993257,0xd2011d314acaa68e5401e7f5aec3be6d2c574dcf
2025-04-17 11:57:23+00:00,USDC,9.979585,9.97891207658345,0xec994950deed8ce471a2ef3e0d63cbee163ec499
2025-04-17 11:57:59+00:00,USDC,499.956152,499.92243995667064,0x35404604658f1d0f23e3b794b1cdb73b03a67e19
2025-04-17 11:58:47+00:00,USDC,1017.291297,1017.2227010478433,0x87c8191f1b1a2cb89f0997fdab43d4dd708fe2a5
2025-04-17 12:01:11+00:00,USDC,98979.245074,98972.57090350467,0xd4fa2d31b7968e448877f69a96de69f5de8cd23e
2025-04-17 12:04:11+00:00,USDC,109976.804649,109969.38891306252,0xd4fa2d31b7968e448877f69a96de69f5de8cd23e
2025-04-17 12:04:23+00:00,USDC,31610.178951,31608.047476633335,0x8083a1e622da1fcc8cf8b1ac667bc480e7d0c81c
2025-04-17 12:06:59+00:00,USDC,159003.56914,158992.8475293329,0xd4fa2d31b7968e448877f69a96de69f5de8cd23e
2025-04-17 12:08:47+00:00,USDC,110536.545373,110529.0918937455,0x5a11a6e3c2bf3d3d8201576f683ea95b60fa51aa
2025-04-17 12:21:47+00:00,USDC,18.839293,18.838022666473012,0x73eddfa87c71addc275c2b9890f5c3a8480bc9e6
2025-04-17 12:41:23+00:00,USDC,0.0001,9.9993257e-05,0xff43e33c40276feeff426c5448cf3ad9df6b5741
2025-04-17 12:50:11+00:00,USDC,1002.0,1001.93243514,0xcf339235b44198c990bc0d674cc6c7f3bffe1d1a
2025-04-17 13:04:35+00:00,USDC,1.113892,1.1138168902624401,0x5141b82f5ffda4c6fe1e372978f1c5427640a190
2025-04-17 13:19:23+00:00,USDC,5000.0,4999.66285,0xbd829c5ca3208673036bb913853de03e20b10750
2025-04-17 13:24:11+00:00,USDC,69553.417897,69548.72791003122,0xd4fa2d31b7968e448877f69a96de69f5de8cd23e
2025-04-17 13:26:11+00:00,USDC,15456.959936,15455.917673191516,0x9da5636cb2eb1144d033042543a89851a56711ef
2025-04-17 13:32:59+00:00,USDC,20000.0,19998.6514,0x68115dc3e23b4afd406c7a56b677c8e6fe138b19
2025-04-17 14:19:11+00:00,USDC,60281.090395,60277.025641074666,0xd4fa2d31b7968e448877f69a96de69f5de8cd23e
2025-04-17 14:23:23+00:00,USDC,150721.56351,150711.40035497252,0xd4fa2d31b7968e448877f69a96de69f5de8cd23e
2025-04-17 14:27:59+00:00,USDC,11715.68542,11714.89543133213,0xd4fa2d31b7968e448877f69a96de69f5de8cd23e
2025-04-17 14:31:59+00:00,USDC,5089575.441094,5089232.251022007,0xd4fa2d31b7968e448877f69a96de69f5de8cd23e
2025-04-17 14:31:59+00:00,USDC,198368.728543,198355.35253963436,0xd4fa2d31b7968e448877f69a96de69f5de8cd23e
2025-04-17 14:34:47+00:00,USDC,5615633.551155,5615254.888984646,0xd4fa2d31b7968e448877f69a96de69f5de8cd23e
2025-04-17 14:34:47+00:00,USDC,211075.238065,211061.00526169728,0xd4fa2d31b7968e448877f69a96de69f5de8cd23e
2025-04-17 14:35:23+00:00,USDC,49.272143,49.26882057939751,0x3dd7d7db118028783f7018a25bb90f6a6449df13
2025-04-17 14:35:47+00:00,USDC,82483.835511,82478.27362597149,0x2a8080d9abf0249e0079c82b468a6de7e73857cc
2025-04-17 14:37:35+00:00,USDC,5465536.756093,5465168.214949537,0xd4fa2d31b7968e448877f69a96de69f5de8cd23e
2025-04-17 14:37:35+00:00,USDC,131888.595527,131879.70227900363,0xd4fa2d31b7968e448877f69a96de69f5de8cd23e
2025-04-17 14:41:23+00:00,USDC,88.255225,88.24927395017825,0xadc0a53095a0af87f3aa29fe0715b5c28016364e
2025-04-17 14:41:59+00:00,USDC,53184.690371,53181.10412732828,0x4e1571134c76919c5a9bce7ec200264d58ef2cfc
2025-04-17 14:42:47+00:00,USDC,218426.72863,218412.00011568848,0xee5f1c4c00760ffabd3a33244cfbae0144cfc42c
2025-04-17 14:45:35+00:00,USDC,10072.392498,10071.71331657386,0x5270c3c0fe2b700d5530cecfe4300d30567dd6e0
2025-04-17 14:49:47+00:00,USDC,27564.628229,27562.76954611852,0xa4aad96bdf6396ddbe55ad3b376bb6f27e431203
2025-04-17 14:52:23+00:00,USDC,3000.0,2999.7977100000003,0x51bf3c5f0f2e773d02c3adc63ae4b90e579e4496
2025-04-17 14:59:23+00:00,USDC,15790.947255,15789.882471426596,0x35bb522b102326ea3f1141661df4626c87000e3e
2025-04-17 14:59:59+00:00,USDC,10000.0,9999.3257,0x955c68d88b623a26e14898eb798dee46004d9700
2025-04-17 15:03:11+00:00,USDC,699.856697,699.8095056629213,0x35bb522b102326ea3f1141661df4626c87000e3e
2025-04-17 15:03:35+00:00,USDC,7319.268361,7318.774822734418,0x35bb522b102326ea3f1141661df4626c87000e3e
2025-04-17 15:03:59+00:00,USDC,421.277625,421.24921824974626,0x28cb78f08b44ee13abf29c582603dd4e4c22501a
2025-04-17 15:06:23+00:00,USDC,9124.66597,9124.050693773643,0x1d58d26795b16e233e1f1ae660687e335905b78c
2025-04-17 15:08:35+00:00,USDC,33539.51154,33537.249970736855,0x955c68d88b623a26e14898eb798dee46004d9700
2025-04-17 15:09:47+00:00,USDC,5000000.0,4999662.850000001,0x71f8f067348d47cced223ea24d2d77235bea722b
2025-04-17 15:09:47+00:00,USDC,10000.0,9999.3257,0xadc0a53095a0af87f3aa29fe0715b5c28016364e
2025-04-17 15:13:11+00:00,USDC,50006.62882,50003.25687301867,0xadc0a53095a0af87f3aa29fe0715b5c28016364e
2025-04-17 15:14:59+00:00,USDC,5.302317,5.301959464764691,0xd2011d314acaa68e5401e7f5aec3be6d2c574dcf
2025-04-17 15:16:35+00:00,USDC,173867.47699,173855.75310602656,0xd4fa2d31b7968e448877f69a96de69f5de8cd23e
2025-04-17 15:29:23+00:00,USDC,1000.0,999.93257,0xe4109d946598bf1ff2012cd5de8b9e280042cc84
2025-04-17 15:31:11+00:00,USDC,215000.0,214985.50255,0x73eddfa87c71addc275c2b9890f5c3a8480bc9e6
2025-04-17 15:44:23+00:00,USDC,408.046932,408.0194173953753,0x73eddfa87c71addc275c2b9890f5c3a8480bc9e6
2025-04-17 15:47:35+00:00,USDC,200402.852107,200389.33894268243,0xfc70fae1197e5bedbc01b354d2a69c9916f83c8a
2025-04-17 15:49:11+00:00,USDC,2137839.747591,2137695.59305682,0x731b25b19a606122cfdaa659774a4022511875c9
2025-04-17 15:51:11+00:00,USDC,0.0001,9.9993257e-05,0xff43e33c40276feeff426c5448cf3ad9df6b5741
2025-04-17 15:59:11+00:00,USDC,2000.0,1999.86514,0xed4d51f687915cbb87ce47affdd96728e4754bd8
2025-04-17 16:03:11+00:00,USDC,193.350625,193.33758736735626,0x73eddfa87c71addc275c2b9890f5c3a8480bc9e6
2025-04-17 16:07:23+00:00,USDC,30000.004112,29997.981211722727,0xd4fa2d31b7968e448877f69a96de69f5de8cd23e
2025-04-17 16:07:35+00:00,USDC,52243.350064,52239.82729490518,0xfb960a2deb5ca509ae2f4402696375c0991830e7
2025-04-17 16:07:47+00:00,USDC,10177319.579664,10176633.323004743,0xb7f1ea585d7bf0f04941a29a03465cb74844c0cb
2025-04-17 16:08:59+00:00,USDC,0.414373,0.41434505882861,0x630488ed575f3bb86e7993bbb5ab9152e7e35834
2025-04-17 16:08:59+00:00,USDC,0.036514,0.03651153786098,0x630488ed575f3bb86e7993bbb5ab9152e7e35834
2025-04-17 16:11:59+00:00,USDC,276734.297557,276715.63736331573,0x1f2f10d1c40777ae1da742455c65828ff36df387
2025-04-17 16:20:11+00:00,USDC,2107.978864,2107.8367229852006,0xf1b17174c015e7ed2be9459e9a9ddd4fafb234bc
2025-04-17 16:20:35+00:00,USDC,5461.643414,5461.275135384594,0x26cdc0fac8d97a6c924e4c973b6faa1c44de7b81
2025-04-17 16:29:47+00:00,USDC,100050.0,100043.2536285,0xadc0a53095a0af87f3aa29fe0715b5c28016364e
2025-04-17 16:29:59+00:00,USDC,50025.0,50021.62681425,0xadc0a53095a0af87f3aa29fe0715b5c28016364e
2025-04-17 16:31:11+00:00,USDC,50025.0,50021.62681425,0xadc0a53095a0af87f3aa29fe0715b5c28016364e
2025-04-17 16:31:11+00:00,USDC,44022.0,44019.03159654,0xadc0a53095a0af87f3aa29fe0715b5c28016364e
2025-04-17 16:32:59+00:00,USDC,54.6656,54.661913898592,0xadc0a53095a0af87f3aa29fe0715b5c28016364e
2025-04-17 16:34:59+00:00,USDC,50025.0,50021.62681425,0xadc0a53095a0af87f3aa29fe0715b5c28016364e
2025-04-17 16:36:35+00:00,USDC,4585.0,4584.69083345,0xadc0a53095a0af87f3aa29fe0715b5c28016364e
2025-04-17 16:36:59+00:00,USDC,4004.834145,4004.5640990336024,0x3977f9b1f4912a783b44aba813da388ac73a1428
2025-04-17 16:39:11+00:00,USDC,80000.0,79994.6056,0x0f33f6981cbd46acdc7352139aaa018c4591a3cd
2025-04-17 16:42:11+00:00,USDC,682974.684918,682928.631934996,0xa33b6f2080580e1e99764b4bd2f1043674bfbd1c
2025-04-17 16:44:47+00:00,USDC,7.202903,7.20241730825071,0x5141b82f5ffda4c6fe1e372978f1c5427640a190
2025-04-17 16:51:35+00:00,USDC,25249.614466,25247.911884496556,0x35bb522b102326ea3f1141661df4626c87000e3e
2025-04-17 16:51:47+00:00,USDC,25249.614466,25247.911884496556,0x35bb522b102326ea3f1141661df4626c87000e3e
2025-04-17 16:52:11+00:00,USDC,38.851062,38.848442272889336,0x35bb522b102326ea3f1141661df4626c87000e3e
2025-04-17 17:01:23+00:00,USDC,4504421.288795,4504117.555667496,0x44d5dac217261f2a18bc4df57431456c4864f0ae
2025-04-17 17:10:23+00:00,USDC,5051.824908,5051.484263446453,0x915f93a3b01380ada0925954ecc2962ff1d1352c
2025-04-17 17:12:35+00:00,USDC,2944150.122715,2943951.5986722256,0x731b25b19a606122cfdaa659774a4022511875c9
2025-04-17 17:14:11+00:00,USDC,30000.0,29997.9771,0x955c68d88b623a26e14898eb798dee46004d9700
2025-04-17 17:16:59+00:00,USDC,20000.0,19998.6514,0x955c68d88b623a26e14898eb798dee46004d9700
2025-04-17 17:30:23+00:00,USDC,11.095101,11.09435285733957,0x73eddfa87c71addc275c2b9890f5c3a8480bc9e6
2025-04-17 17:30:23+00:00,USDC,1835.313711,1835.1899557964673,0x35bb522b102326ea3f1141661df4626c87000e3e
2025-04-17 17:32:11+00:00,USDC,5024.43013,5024.091332676334,0x35bb522b102326ea3f1141661df4626c87000e3e
2025-04-17 17:33:23+00:00,USDC,2500.0,2499.831425,0xd219cbe8eb561efffd4be28dd2f933b59d65cb72
2025-04-17 17:39:23+00:00,USDC,2.333485,2.33332765310645,0x73eddfa87c71addc275c2b9890f5c3a8480bc9e6
2025-04-17 17:41:35+00:00,USDC,1000.000084,999.932653994336,0xd6f51ae2f59f79318aa41554b90be3211cea0f00
2025-04-17 18:03:35+00:00,USDC,300.186252,300.16601044102765,0x308c613bc86efe4c7c1ef840a34c5bb207ce6baf
2025-04-17 18:06:23+00:00,USDC,13.983325,13.982382104395251,0x337a6c233bb57231bf71ecdaf2cf4642cb8dc223
2025-04-17 18:09:23+00:00,USDC,129.158826,129.15011682036283,0x337a6c233bb57231bf71ecdaf2cf4642cb8dc223
2025-04-17 18:10:59+00:00,USDC,2001.24044,2001.105496357131,0x78df1bc130faa60220a78b9d01bdbc0718638100
2025-04-17 18:13:35+00:00,USDC,11325.438632,11324.674957673044,0xec5d3fac0d84cb44cf77aac4be4a461754ca8b85
2025-04-17 18:14:47+00:00,USDC,2113153.384951,2113010.895018253,0x731b25b19a606122cfdaa659774a4022511875c9
2025-04-17 18:20:23+00:00,USDC,7489.048951,7488.543964429234,0xadc0a53095a0af87f3aa29fe0715b5c28016364e
2025-04-17 18:25:23+00:00,USDC,129625.132752,129616.39212929855,0xd4fa2d31b7968e448877f69a96de69f5de8cd23e
2025-04-17 18:34:11+00:00,USDC,25683.374111,25681.642281083696,0xd4fa2d31b7968e448877f69a96de69f5de8cd23e
2025-04-17 18:45:35+00:00,USDC,100.0,99.993257,0xe343f0112ea657bdd7a4c648e511fcaf04347769
2025-04-17 18:52:47+00:00,USDC,4038922.690629,4038650.3460719706,0xe343f0112ea657bdd7a4c648e511fcaf04347769
2025-04-17 18:52:47+00:00,USDC,1000.0,999.93257,0x85f386bb8d0999d848fd88cf2d9233254b169d73
2025-04-17 18:53:35+00:00,USDC,5000.0,4999.66285,0x40e652fe0ec7329dc80282a6db8f03253046efde
2025-04-17 18:59:59+00:00,USDC,700.0,699.952799,0x46c213b1af01e049a3bbb581c54949a55d05c924
2025-04-17 19:01:23+00:00,USDC,2891107.426785,2890912.4794112123,0x731b25b19a606122cfdaa659774a4022511875c9
2025-04-17 19:01:59+00:00,USDC,6460.0,6459.564402200001,0xec07a79e1350f9e8715cba93add9684f9753f68a
2025-04-17 19:03:59+00:00,USDC,15000.0,14998.98855,0x3f3b17da678a495ebec8a061657cb6cfa4901531
2025-04-17 19:06:23+00:00,USDC,15000.0,14998.98855,0x3f3b17da678a495ebec8a061657cb6cfa4901531
2025-04-17 19:09:59+00:00,USDC,15440.0,15438.9588808,0x3f3b17da678a495ebec8a061657cb6cfa4901531
2025-04-17 19:12:59+00:00,USDC,0.008812,0.00881140580684,0x35bb522b102326ea3f1141661df4626c87000e3e
2025-04-17 19:22:11+00:00,USDC,16069.228347,16068.144798932562,0xadc0a53095a0af87f3aa29fe0715b5c28016364e
2025-04-17 19:22:47+00:00,USDC,32270.127,32267.95102533639,0xadc0a53095a0af87f3aa29fe0715b5c28016364e
2025-04-17 19:24:23+00:00,USDC,100.148552,100.14179898313864,0xdb267e716710d1ce8007baca58e99b8b14756996
2025-04-17 19:38:35+00:00,USDC,37.450131,37.44760573766667,0xadc0a53095a0af87f3aa29fe0715b5c28016364e
2025-04-17 19:41:47+00:00,USDC,49032.595943,49029.28967505557,0xfaeb60f5ab719da12b9ebed42b144d8f24f69aa3
2025-04-17 19:56:23+00:00,USDC,23742.0,23740.39907694,0xadc0a53095a0af87f3aa29fe0715b5c28016364e
2025-04-17 20:05:47+00:00,USDC,3000.0,2999.7977100000003,0x29aa2ed8712072e918632259780e587698ef58df
2025-04-17 20:07:59+00:00,USDC,2.20512,2.2049713087584,0xc2b9333683b5e95eb0ae880341d8722756ee815d
2025-04-17 20:22:23+00:00,USDC,1744.891416,1744.7737579718191,0x7f9b6bb65c8f9105f46ec3b18cb31845c85b6e72
2025-04-17 20:31:11+00:00,USDC,10.0,9.9993257,0x9e9f1ba28c6ae2e0188b66dac343f2a36ef65a90
2025-04-17 21:03:11+00:00,USDC,450.000127,449.96978349143643,0x9cfb64d91ce4eb821ff8edc1c2fda2e89e256707
2025-04-17 21:05:59+00:00,USDC,1000.0,999.93257,0x84b452112cf3bad852e877453b934cef3946f687
2025-04-17 21:12:59+00:00,USDC,40.134535,40.13182872830495,0x73eddfa87c71addc275c2b9890f5c3a8480bc9e6
2025-04-17 21:26:11+00:00,USDC,10000.0,9999.3257,0x96e299bb7ed730d7954029570770ecfb34af4af4
2025-04-17 21:29:47+00:00,USDC,36.07062,36.0681877580934,0x6220ffe95d55197b1e313a96efa6590fc3cbf51b
2025-04-17 21:48:11+00:00,USDC,70615.034175,70610.27260324557,0x9df5680d8dc866ad154dc07a7dc1c418dc60c96c
2025-04-17 21:56:35+00:00,USDC,111597.676831,111590.1517996513,0xb7f764e44fc01c0b79ea4dee48d1d7664aeeb502
2025-04-17 22:26:35+00:00,USDC,100018.991851,100012.24757037949,0x7ac236492a6a88cfa13c66df3cb2d86320981460
2025-04-17 22:41:59+00:00,USDC,3894.448265,3894.185662353491,0x85b87d8779bc67dfdc2c8545c752217a08d010ea
2025-04-17 22:44:47+00:00,USDC,5000000.0,4999662.850000001,0xf7fdd5dfe43d56bed705d71bec0ab6998de4febc
2025-04-17 23:04:11+00:00,USDC,54941.831184,54938.12645632327,0xd4fa2d31b7968e448877f69a96de69f5de8cd23e
2025-04-17 23:09:35+00:00,USDC,299945.943651,299925.7182960196,0x65f5ac686dce9bb3d1caccaadffdf7b9f0013bd3
2025-04-17 23:16:11+00:00,USDC,2000.0,1999.86514,0xadc0a53095a0af87f3aa29fe0715b5c28016364e
2025-04-17 23:39:59+00:00,USDC,36239.21537,36236.7717597076,0xd4fa2d31b7968e448877f69a96de69f5de8cd23e
2025-04-17 23:40:59+00:00,USDC,48384.86439,48381.60179859419,0xd4fa2d31b7968e448877f69a96de69f5de8cd23e
2025-04-17 23:48:23+00:00,USDC,80012.563199,80007.16795186349,0x607234e843e11428ca0d61d2dc8a729f0a601f36
2025-04-17 23:52:47+00:00,USDC,200335.379391,200321.87077636766,0x5bd42f95866a02d62c07b696a56f7e315b64caf3
2025-04-17 23:55:59+00:00,USDC,290060.680886,290041.1220942878,0x0f8991e6ab88696b4e3759e4f1af4b076a4c9b66
2025-04-17 23:57:59+00:00,USDC,350050.717183,350027.1132631404,0x64d2926ef61c34cb5f58cdd8ce39905304047a6f
2025-04-17 23:58:59+00:00,USDC,98.500082,98.49344013947075,0xb257804acdb1c50988f6d807408346a74ad3e749
2025-04-18 00:06:11+00:00,USDC,178342.886537,178330.86087616082,0x5a04ffe606208a3d35b2406908ec44ee5697c4bd
2025-04-18 00:06:11+00:00,USDC,150394.517603,150384.37650067802,0x35fe806476268478d855fd4a126395d0be15be0d
2025-04-18 00:06:11+00:00,USDC,171700.701169,171689.1233907202,0xc473dc090172d2302ec4b6ba09a82fc884885449
2025-04-18 00:16:47+00:00,USDC,4300.0,4299.710051,0xadc0a53095a0af87f3aa29fe0715b5c28016364e
2025-04-18 00:19:59+00:00,USDC,519131.518726,519096.5136876923,0xf86fe90f44bf040e303d2aabc84d617063811607
2025-04-18 00:26:35+00:00,USDC,1800391.276374,1800269.875990234,0xa5c091b8da7930f4e62001c816b39144b4a292a4
2025-04-18 00:42:23+00:00,USDC,500000.0,499966.28500000003,0x4a726b10f3c1cf68484a403fc8067b85e21ec718
2025-04-18 01:08:11+00:00,USDC,10000.0,9999.3257,0xee6cbb235ef197ca821743c8b5decd8eb14b91b7
2025-04-18 01:08:35+00:00,USDC,1000211.22489,1000143.7806471057,0x9f9d06529dfc85e85b4800ff559199f1a1fffdc9
2025-04-18 01:23:59+00:00,USDC,130.767645,130.75882733769765,0x5141b82f5ffda4c6fe1e372978f1c5427640a190
2025-04-18 01:24:23+00:00,USDC,135976.158568,135966.98969562777,0x75596288f8bcd8ad94b75576c9900cf49e529f7d
2025-04-18 01:33:23+00:00,USDC,39607.908831,39605.23806970753,0xd4fa2d31b7968e448877f69a96de69f5de8cd23e
2025-04-18 01:38:47+00:00,USDC,10000.0,9999.3257,0xe238d92562f2e96e6d5bebcfa415f129f05fd990
2025-04-18 01:40:47+00:00,USDC,1000000.0,999932.5700000001,0x18ed0f81334d32027da587f92eab8c53a87eacbd
2025-04-18 01:41:47+00:00,USDC,1177.400617,1177.3212248763957,0x73eddfa87c71addc275c2b9890f5c3a8480bc9e6
2025-04-18 01:42:11+00:00,USDC,1000.0,999.93257,0x15b88e4c79b1f2e8d737ac1af8efb9dd0921680d
2025-04-18 01:43:23+00:00,USDC,206102.796113,206088.8986014581,0xd4fa2d31b7968e448877f69a96de69f5de8cd23e
2025-04-18 01:46:35+00:00,USDC,10.758835,10.75810953175595,0x49f2b4154c4f0e4eafeacd5e2fa7674deffc1580
2025-04-18 02:10:23+00:00,USDC,191824.490901,191811.55617557856,0xd4fa2d31b7968e448877f69a96de69f5de8cd23e
2025-04-18 02:10:59+00:00,USDC,880341.2124,880281.8509920478,0x6a63bb66d9019edb31cc46aa205d0b1ccfacb1eb
2025-04-18 02:27:47+00:00,USDC,1000.0,999.93257,0x28b0185709c849ac0b34b9a0cdb8f3be3c92e2ef
2025-04-18 02:29:11+00:00,USDC,77335.4107,77330.19597325649,0xd4fa2d31b7968e448877f69a96de69f5de8cd23e
2025-04-18 02:33:23+00:00,USDC,189202.40146,189189.64354206956,0xd4fa2d31b7968e448877f69a96de69f5de8cd23e
2025-04-18 02:34:47+00:00,USDC,189970.828768,189958.0190350162,0xd4fa2d31b7968e448877f69a96de69f5de8cd23e
2025-04-18 02:36:11+00:00,USDC,1538.120498,1538.0167825348199,0x680a6114dd343556dbd3fa564f790e2d14b45d5f
2025-04-18 02:43:59+00:00,USDC,142029.0,142019.42298453,0xc7fd563f4162dbbc5417e631ae6068c79096aabb
2025-04-18 02:57:47+00:00,USDC,5000.0,4999.66285,0xf1520a9316a111a64d4944dbb229c924fff8cd20
2025-04-18 03:03:11+00:00,USDC,502.403587,502.3697099261286,0x73eddfa87c71addc275c2b9890f5c3a8480bc9e6
2025-04-18 03:25:59+00:00,USDC,60000.0,59995.9542,0x27bc5aecfc7adb820c37cb1ef4fc0833c9faac5d
2025-04-18 03:38:47+00:00,USDC,1615.0,1614.8911005500001,0xadc0a53095a0af87f3aa29fe0715b5c28016364e
2025-04-18 03:51:11+00:00,USDC,4000.0,3999.73028,0x28b0185709c849ac0b34b9a0cdb8f3be3c92e2ef
2025-04-18 03:58:47+00:00,USDC,59973.36,59969.3159963352,0x27bc5aecfc7adb820c37cb1ef4fc0833c9faac5d
2025-04-18 04:04:47+00:00,USDC,121.0,120.99184097,0xd8f99930426bfd583cb7a594ebe10d07ff8ff527
2025-04-18 04:36:47+00:00,USDC,2799.999998,2799.8111940001345,0xd5b42153e5e876004d025dcd8578ca14eec99e63
2025-04-18 05:06:23+00:00,USDC,1352016.800815,1351925.634322121,0x731b25b19a606122cfdaa659774a4022511875c9
2025-04-18 05:09:47+00:00,USDC,3970.789909,3970.5221586364364,0x773f0d42e418df4165a0a5bb754dc447b652538c
2025-04-18 05:30:11+00:00,USDC,39985.015759,39982.31956938737,0xc20ea944df44d2137a77fc724d64742dc815c12b
2025-04-18 05:37:11+00:00,USDC,2002.0,2001.86500514,0xe408d65d495c567ab246e7c90f11d15d96c1738d
2025-04-18 05:39:11+00:00,USDC,450198.013903,450167.6570509225,0x4f6872a24ff019550048668094da427dcd49723a
2025-04-18 05:39:35+00:00,USDC,205000.0,204986.17685000002,0x51cace940057da7e40fb014c6c4f91458ad0c59f
2025-04-18 05:50:47+00:00,USDC,4061.166889,4060.8930445166748,0x936d0f7f4297d8b0a66e9f395f1093ef3e6c15d9
2025-04-18 05:58:11+00:00,USDC,5000.0,4999.66285,0x28b0185709c849ac0b34b9a0cdb8f3be3c92e2ef
2025-04-18 06:17:35+00:00,USDC,34000.0,33997.70738,0xe4109d946598bf1ff2012cd5de8b9e280042cc84
2025-04-18 06:18:59+00:00,USDC,62000.0,61995.81934,0x27bc5aecfc7adb820c37cb1ef4fc0833c9faac5d
2025-04-18 06:25:47+00:00,USDC,1286894.427416,1286807.6521247595,0x1f2f10d1c40777ae1da742455c65828ff36df387
2025-04-18 06:26:59+00:00,USDC,179188.54742,179176.46473624746,0xb7f764e44fc01c0b79ea4dee48d1d7664aeeb502
2025-04-18 06:26:59+00:00,USDC,355566.515254,355542.53940387646,0xd4fa2d31b7968e448877f69a96de69f5de8cd23e
2025-04-18 06:43:59+00:00,USDC,78507.668852,78502.37507988932,0xaf074592bb02214a38a81b0439b1c304223851af
2025-04-18 06:46:11+00:00,USDC,26059.205807,26057.448634752433,0xc743a141470d2c89012251621e56d963d3210f94
2025-04-18 06:48:35+00:00,USDC,1027.0,1026.93074939,0xfb960a2deb5ca509ae2f4402696375c0991830e7
2025-04-18 06:50:59+00:00,USDC,840000.759706,839944.118454773,0xe418ee2df21ef818d20194113281d3f4300aead3
2025-04-18 06:59:23+00:00,USDC,5820.809195,5820.416697835981,0x60e4ad29c634009941c0a3db7a416a9ff3e3349f
2025-04-18 07:16:47+00:00,USDC,52249.31286,52245.78968883385,0xadc0a53095a0af87f3aa29fe0715b5c28016364e
2025-04-18 07:17:35+00:00,USDC,36898.448896,36895.96083359094,0x9deff269b22849889cae9a965769f576a1e72d27
2025-04-18 07:22:23+00:00,USDC,1001.0,1000.93250257,0xe408d65d495c567ab246e7c90f11d15d96c1738d
2025-04-18 07:26:59+00:00,USDC,100000.0,99993.257,0x74ddb1247f83b67c694236aca6e79c6c55f1f2e0
2025-04-18 07:27:23+00:00,USDC,34385.980253,34383.66160635154,0xd4fa2d31b7968e448877f69a96de69f5de8cd23e
2025-04-18 07:29:35+00:00,USDC,3.457649,3.45741585072793,0xd4fa2d31b7968e448877f69a96de69f5de8cd23e
2025-04-18 07:29:47+00:00,USDC,995549.617926,995482.4880152633,0x731b25b19a606122cfdaa659774a4022511875c9
2025-04-18 07:38:47+00:00,USDC,8160.0,8159.4497712,0xadc0a53095a0af87f3aa29fe0715b5c28016364e
2025-04-18 07:43:23+00:00,USDC,737.109755,737.0600516892204,0x0adc69041a2b086f8772acce2a754f410f211bed
2025-04-18 07:48:59+00:00,USDC,355740.342196,355716.3546247257,0x7f9b6bb65c8f9105f46ec3b18cb31845c85b6e72
2025-04-18 07:48:59+00:00,USDC,1157492.293484,1157414.2437786504,0x7f9b6bb65c8f9105f46ec3b18cb31845c85b6e72
2025-04-18 07:51:11+00:00,USDC,347827.933026,347804.47898847604,0x9f739b86d916bba4ed6323868ce0da252d9222a9
2025-04-18 07:51:11+00:00,USDC,1137591.506094,1137514.7982987443,0x9f739b86d916bba4ed6323868ce0da252d9222a9
2025-04-18 08:08:59+00:00,USDC,68039.373326,68034.78543105663,0x27bc5aecfc7adb820c37cb1ef4fc0833c9faac5d
2025-04-18 08:18:35+00:00,USDC,17000.727621,16999.581261936517,0x1f2f10d1c40777ae1da742455c65828ff36df387
2025-04-18 08:24:59+00:00,USDC,880341.381727,880282.0203076302,0x6a63bb66d9019edb31cc46aa205d0b1ccfacb1eb
2025-04-18 08:31:35+00:00,USDC,62000.0,61995.81934,0xb93a55150ac2c94fd66715b034301c0bea320053
2025-04-18 08:40:11+00:00,USDC,598.789536,598.7491596215875,0x0fdf89995864622f1a60f812af9c504e96f99ff2
2025-04-18 08:44:59+00:00,USDC,100000.004996,99993.26199566312,0x2ab7c8c121bba1b6b744664237ae00ded55ec2f8
2025-04-18 08:54:35+00:00,USDC,179980.866575,179968.73046516685,0xd4fa2d31b7968e448877f69a96de69f5de8cd23e
2025-04-18 08:58:11+00:00,USDC,136310.649104,136301.45767693094,0xb257804acdb1c50988f6d807408346a74ad3e749
2025-04-18 09:09:11+00:00,USDC,79670.572687,79665.20050028372,0xd4fa2d31b7968e448877f69a96de69f5de8cd23e
2025-04-18 09:12:35+00:00,USDC,454681.407925,454650.74875766365,0x9f739b86d916bba4ed6323868ce0da252d9222a9
2025-04-18 09:21:23+00:00,USDC,164848.765327,164837.649574754,0xd4fa2d31b7968e448877f69a96de69f5de8cd23e
2025-04-18 09:21:59+00:00,USDC,500.0,499.966285,0xadc0a53095a0af87f3aa29fe0715b5c28016364e
2025-04-18 09:24:47+00:00,USDC,160874.64632,160863.79854259864,0xd4fa2d31b7968e448877f69a96de69f5de8cd23e
2025-04-18 09:24:59+00:00,USDC,81696.927027,81691.41820321057,0xd4fa2d31b7968e448877f69a96de69f5de8cd23e
2025-04-18 09:28:11+00:00,USDC,1065.051301,1064.9794845907736,0xadc0a53095a0af87f3aa29fe0715b5c28016364e
2025-04-18 09:34:11+00:00,USDC,1.580443,1.5803364307285102,0xad3e49a5727ba8d2ac3131e33bc8b317a1781e59
2025-04-18 09:37:35+00:00,USDC,55347.245273,55343.51320825124,0xd4fa2d31b7968e448877f69a96de69f5de8cd23e
2025-04-18 09:40:59+00:00,USDC,1000.0,999.93257,0x86e133abca636e993bca83b1724e21a132ed35ef
2025-04-18 09:46:23+00:00,USDC,100218.633514,100211.87577154215,0xd4fa2d31b7968e448877f69a96de69f5de8cd23e
2025-04-18 09:46:23+00:00,USDC,806.388672,806.3342972118471,0xadc0a53095a0af87f3aa29fe0715b5c28016364e
2025-04-18 09:51:23+00:00,USDC,213642.350243,213627.94433932312,0x9f739b86d916bba4ed6323868ce0da252d9222a9
2025-04-18 10:00:47+00:00,USDC,149998.642426,149988.52801754122,0x01d7266d668ab1f53ae50b53f882c74f9fa18499
2025-04-18 10:05:23+00:00,USDC,131438.19681,131429.3339323891,0x1f2f10d1c40777ae1da742455c65828ff36df387
2025-04-18 10:05:59+00:00,USDC,78.48197,78.4766779607629,0x337a6c233bb57231bf71ecdaf2cf4642cb8dc223
2025-04-18 10:07:47+00:00,USDC,10707.999999,10707.277958560067,0xfaeb60f5ab719da12b9ebed42b144d8f24f69aa3
2025-04-18 10:08:35+00:00,USDC,119.568647,119.5605844861328,0x337a6c233bb57231bf71ecdaf2cf4642cb8dc223
2025-04-18 10:19:23+00:00,USDC,500000.0,499966.28500000003,0x3c66133a7fd29ab1e551db9e8832dca0cead7a16
2025-04-18 10:37:59+00:00,USDC,1015038.619176,1014970.175121909,0x73eddfa87c71addc275c2b9890f5c3a8480bc9e6
2025-04-18 10:40:23+00:00,USDC,1723.192634,1723.0764391206894,0xd4fa2d31b7968e448877f69a96de69f5de8cd23e
2025-04-18 10:45:11+00:00,USDC,10000.0,9999.3257,0xadc0a53095a0af87f3aa29fe0715b5c28016364e
2025-04-18 11:01:23+00:00,USDC,155000.0,154989.54835,0x698fb8493d5f5fa64ce9fe1c2e2a72c0d7d7ee40
2025-04-18 11:04:35+00:00,USDC,880443.43041,880384.0621094875,0x6a63bb66d9019edb31cc46aa205d0b1ccfacb1eb
2025-04-18 11:13:11+00:00,USDC,177621.879594,177609.90255065897,0xd4fa2d31b7968e448877f69a96de69f5de8cd23e
2025-04-18 11:18:23+00:00,USDC,139191.811739,139182.42603513444,0xd4fa2d31b7968e448877f69a96de69f5de8cd23e
2025-04-18 11:19:59+00:00,USDC,500.0,499.966285,0x0a087f8b301573b58f2a2274b77f3599b4567471
2025-04-18 11:24:11+00:00,USDC,218624.679607,218609.9377448541,0xd4fa2d31b7968e448877f69a96de69f5de8cd23e
2025-04-18 11:41:11+00:00,USDC,800.0,799.946056,0xc82b8b4b8c71ecb42e21fbb8bb1bf0dfffed7423
2025-04-18 11:58:59+00:00,USDC,159.32222,159.31147690270538,0xed4d51f687915cbb87ce47affdd96728e4754bd8
2025-04-18 12:03:11+00:00,USDC,1268.5681,1268.482560453017,0x78df1bc130faa60220a78b9d01bdbc0718638100
2025-04-18 12:17:35+00:00,USDC,25000.0,24998.31425,0x7b747e68681a974043073ab43b0c7cd1af011bb2
2025-04-18 12:20:23+00:00,USDC,756892.614293,756841.5770240182,0x7f9b6bb65c8f9105f46ec3b18cb31845c85b6e72
2025-04-18 12:30:47+00:00,USDC,500.0,499.966285,0xadc0a53095a0af87f3aa29fe0715b5c28016364e
2025-04-18 12:41:11+00:00,USDC,25.268091,25.26638717262387,0x73eddfa87c71addc275c2b9890f5c3a8480bc9e6
2025-04-18 12:50:47+00:00,USDC,2001.0,2000.86507257,0xc1dc7b8d019275250b1fd8cf6ede1c36db5599e6
2025-04-18 13:15:47+00:00,USDC,43000.0,42997.100510000004,0x3b510ecf458fdf7e39db909de6f5b07675141232
2025-04-18 13:19:11+00:00,USDC,93577.471904,93571.16197506952,0xd4fa2d31b7968e448877f69a96de69f5de8cd23e
2025-04-18 13:22:23+00:00,USDC,1000.0,999.93257,0x3b510ecf458fdf7e39db909de6f5b07675141232
2025-04-18 13:24:59+00:00,USDC,429738.715654,429709.7383724035,0xd4fa2d31b7968e448877f69a96de69f5de8cd23e
2025-04-18 13:31:35+00:00,USDC,12060.06894,12059.255729551376,0x77a6e78925c1fe74f67b1a9b847c837fa64bfb03
2025-04-18 13:35:47+00:00,USDC,3340.220634,3339.995402922649,0x95d8a06efe210bac6f8dcde31011f28b8811ee30
2025-04-18 13:36:35+00:00,USDC,566283.73193,566245.5474179559,0xd4fa2d31b7968e448877f69a96de69f5de8cd23e
2025-04-18 13:38:23+00:00,USDC,1407348.37867,1407253.4811688263,0x1f2f10d1c40777ae1da742455c65828ff36df387
2025-04-18 13:38:47+00:00,USDC,1741.46099,1741.3435632854444,0x95d8a06efe210bac6f8dcde31011f28b8811ee30
2025-04-18 13:57:23+00:00,USDC,1009.229164,1009.1611116774715,0xe57827c8408aad926e76571a795b0abc9cd927db
2025-04-18 14:05:47+00:00,USDC,22.185597,22.18410102519429,0x337a6c233bb57231bf71ecdaf2cf4642cb8dc223
2025-04-18 14:06:59+00:00,USDC,569358.323359,569319.9315272559,0x9f739b86d916bba4ed6323868ce0da252d9222a9
2025-04-18 14:12:11+00:00,USDC,2000.0,1999.86514,0xaaaccbdacb10ca38ac80d13858023fee518a9379
2025-04-18 14:18:35+00:00,USDC,65708.22599,65703.7952843215,0xbb83fcd2bb3d7ca55f4b66bda1c10d230319bb79
2025-04-18 14:28:35+00:00,USDC,193.947301,193.9342231334936,0x337a6c233bb57231bf71ecdaf2cf4642cb8dc223
2025-04-18 14:39:59+00:00,USDC,772064.14208,772012.0817948995,0x731b25b19a606122cfdaa659774a4022511875c9
2025-04-18 14:46:35+00:00,USDC,193.947376,193.93429812843632,0x337a6c233bb57231bf71ecdaf2cf4642cb8dc223
2025-04-18 14:51:35+00:00,USDC,0.0001,9.9993257e-05,0xff43e33c40276feeff426c5448cf3ad9df6b5741
2025-04-18 14:52:35+00:00,USDC,500.0,499.966285,0xca3467e0683eb009a3f8bb8d4f9af040684b9763
2025-04-18 14:58:59+00:00,USDC,50906.739537,50903.306895553025,0xadc0a53095a0af87f3aa29fe0715b5c28016364e
2025-04-18 15:12:59+00:00,USDC,2554.226074,2554.0538425358304,0x4303c46c71f6e48eaa96ab3f194b79fac082e46a
2025-04-18 15:17:35+00:00,USDC,3853.5,3853.2401584950003,0xa6055f63ea1cf238e6fd00e4d3810141ebf3ec2d
2025-04-18 15:20:35+00:00,USDC,50000.0,49996.6285,0x5141b82f5ffda4c6fe1e372978f1c5427640a190
2025-04-18 15:25:59+00:00,USDC,3.0,2.99979771,0x26abbea1067a7cfd86bc4f916c419888db6db2f1
2025-04-18 15:29:47+00:00,USDC,6.851449,6.85098700679393,0x26abbea1067a7cfd86bc4f916c419888db6db2f1
2025-04-18 15:34:35+00:00,USDC,50000.0,49996.6285,0x5141b82f5ffda4c6fe1e372978f1c5427640a190
2025-04-18 15:35:23+00:00,USDC,500.0,499.966285,0x0a087f8b301573b58f2a2274b77f3599b4567471
2025-04-18 15:35:47+00:00,USDC,863840.609805,863782.3610326808,0x731b25b19a606122cfdaa659774a4022511875c9
2025-04-18 16:04:35+00:00,USDC,880454.241924,880394.8728944671,0x6a63bb66d9019edb31cc46aa205d0b1ccfacb1eb
2025-04-18 16:05:47+00:00,USDC,220000.0,219985.1654,0x73eddfa87c71addc275c2b9890f5c3a8480bc9e6
2025-04-18 16:07:59+00:00,USDC,623.901432,623.8593623264403,0xd1057b6c6736bf4f5b4a850cff02054f1f38e581
2025-04-18 16:10:59+00:00,USDC,540.0,539.9635878,0xfe00a4c265595dbd419521e512e9f3712f41ce04
2025-04-18 16:28:11+00:00,USDC,1314407.76235,1314319.1318345848,0x731b25b19a606122cfdaa659774a4022511875c9
2025-04-18 16:31:11+00:00,USDC,6340.460345,6340.032807758937,0x78f8bd884c3d738b74b420540659c82f392820e0
2025-04-18 16:39:59+00:00,USDC,2543809.301806,2543637.7727447795,0x9f739b86d916bba4ed6323868ce0da252d9222a9
2025-04-18 16:39:59+00:00,USDC,723832.247951,723783.4399425207,0x9f739b86d916bba4ed6323868ce0da252d9222a9
2025-04-18 16:44:47+00:00,USDC,106169.646023,106162.48700376866,0x73eddfa87c71addc275c2b9890f5c3a8480bc9e6
2025-04-18 16:45:59+00:00,USDC,2500000.0,2499831.4250000003,0x50b42514389f25e1f471c8f03f6f5954df0204b0
2025-04-18 16:54:35+00:00,USDC,500000.0,499966.28500000003,0x45169639f92b253958f2d5fbd787459fef8eae80
2025-04-18 17:01:11+00:00,USDC,1525430.006798,1525327.1470526417,0x7f9b6bb65c8f9105f46ec3b18cb31845c85b6e72
2025-04-18 17:01:11+00:00,USDC,452891.76676,452861.2282681674,0x7f9b6bb65c8f9105f46ec3b18cb31845c85b6e72
2025-04-18 17:30:23+00:00,USDC,741435.171907,741385.1769333583,0x7f9b6bb65c8f9105f46ec3b18cb31845c85b6e72
2025-04-18 17:30:23+00:00,USDC,1337805.600243,1337715.3920113756,0x7f9b6bb65c8f9105f46ec3b18cb31845c85b6e72
2025-04-18 17:35:11+00:00,USDC,42435.722259,42432.86081824808,0x1199d06d5220ee3b2911c811955c21a8be2c716a
2025-04-18 17:40:47+00:00,USDC,20000.0,19998.6514,0xa90f726aaae3b58018e9b94d73b202b9016a44cf
2025-04-18 17:58:47+00:00,USDC,20000.0,19998.6514,0xa90f726aaae3b58018e9b94d73b202b9016a44cf
2025-04-18 17:59:11+00:00,USDC,1000.0,999.93257,0xadc0a53095a0af87f3aa29fe0715b5c28016364e
2025-04-18 18:00:47+00:00,USDC,180268.649788,180256.4942729448,0xd4fa2d31b7968e448877f69a96de69f5de8cd23e
2025-04-18 18:01:23+00:00,USDC,523.621737,523.5864291862741,0xadc0a53095a0af87f3aa29fe0715b5c28016364e
2025-04-18 18:02:47+00:00,USDC,910.0,909.9386387000001,0xadc0a53095a0af87f3aa29fe0715b5c28016364e
2025-04-18 18:13:59+00:00,USDC,100000.0,99993.257,0x3c66133a7fd29ab1e551db9e8832dca0cead7a16
2025-04-18 18:21:59+00:00,USDC,337234.504618,337211.76489535364,0xadc0a53095a0af87f3aa29fe0715b5c28016364e
2025-04-18 18:21:59+00:00,USDC,8000.0,7999.46056,0x9f49379e178c8c5b7c10472ea6ad0b853f6c7f5a
2025-04-18 18:28:59+00:00,USDC,796.925085,796.8713483415185,0x0adc69041a2b086f8772acce2a754f410f211bed
2025-04-18 18:28:59+00:00,USDC,36479.207281,36476.74748805304,0xd4fa2d31b7968e448877f69a96de69f5de8cd23e
2025-04-18 18:29:35+00:00,USDC,0.021089,0.021087577968730002,0xfb960a2deb5ca509ae2f4402696375c0991830e7
2025-04-18 18:33:23+00:00,USDC,2126851.768229,2126708.354614268,0xda65545df6fa30900ff9febdad754271b3d9764a
2025-04-18 18:34:47+00:00,USDC,7599.72762,7599.215170366583,0xcdd75f6478801856fe7449b87876e16ba1fad1bf
2025-04-18 18:39:11+00:00,USDC,2437370.957098,2437206.605174363,0x7f9b6bb65c8f9105f46ec3b18cb31845c85b6e72
2025-04-18 18:39:11+00:00,USDC,693491.167979,693444.4058695432,0x7f9b6bb65c8f9105f46ec3b18cb31845c85b6e72
2025-04-18 18:42:47+00:00,USDC,4.192454,4.19217130282678,0x73eddfa87c71addc275c2b9890f5c3a8480bc9e6
2025-04-18 18:42:47+00:00,USDC,99935.094421,99928.3557975832,0x1f2f10d1c40777ae1da742455c65828ff36df387
2025-04-18 18:46:23+00:00,USDC,115475.306472,115467.51997208458,0xd4fa2d31b7968e448877f69a96de69f5de8cd23e
2025-04-18 18:47:47+00:00,USDC,248221.462446,248204.72487278725,0xd4fa2d31b7968e448877f69a96de69f5de8cd23e
2025-04-18 18:48:11+00:00,USDC,92106.551786,92100.34104121306,0xd4fa2d31b7968e448877f69a96de69f5de8cd23e
2025-04-18 18:49:23+00:00,USDC,55577.45802,55573.71043200571,0xd4fa2d31b7968e448877f69a96de69f5de8cd23e
2025-04-18 19:06:23+00:00,USDC,156210.834097,156200.30080045687,0x7f9b6bb65c8f9105f46ec3b18cb31845c85b6e72
2025-04-18 19:34:47+00:00,USDC,8243.863382,8243.307498292152,0x34be30cf349c17ca20235bb739199103a7d5e23e
2025-04-18 19:35:59+00:00,USDC,1000001.354017,999933.9239256986,0x6a63bb66d9019edb31cc46aa205d0b1ccfacb1eb
2025-04-18 19:39:47+00:00,USDC,2325354.223451,2325197.424815713,0x7f9b6bb65c8f9105f46ec3b18cb31845c85b6e72
2025-04-18 19:39:47+00:00,USDC,666493.730369,666448.7886967612,0x7f9b6bb65c8f9105f46ec3b18cb31845c85b6e72
2025-04-18 19:47:35+00:00,USDC,9.460708,9.460070064459561,0x73eddfa87c71addc275c2b9890f5c3a8480bc9e6
2025-04-18 19:49:59+00:00,USDC,97980.217936,97973.61112990457,0xcd812016b15e1937e281b7b7b1f1654e54cc0818
2025-04-18 19:50:59+00:00,USDC,2000.0,1999.86514,0x3195dcdd8b9bf394a9bf9435dc8d6641d78ce4cb
2025-04-18 20:21:23+00:00,USDC,5250.0,5249.6459925,0xdcc5b9ba5ab98dc38477831ff359d81f911423eb
2025-04-18 20:30:23+00:00,USDC,25000.0,24998.31425,0x38e60dbcbd3f6db11c91273e5e36a6faf03f29c2
2025-04-18 20:31:11+00:00,USDC,6.319081,6.31865490436817,0x73eddfa87c71addc275c2b9890f5c3a8480bc9e6
2025-04-18 20:32:11+00:00,USDC,5.034395,5.03405553074515,0x73eddfa87c71addc275c2b9890f5c3a8480bc9e6
2025-04-18 20:41:59+00:00,USDC,164.695466,164.68436058472764,0x630488ed575f3bb86e7993bbb5ab9152e7e35834
2025-04-18 20:52:59+00:00,USDC,100001.950897,99995.20776545102,0xadc0a53095a0af87f3aa29fe0715b5c28016364e
2025-04-18 21:01:47+00:00,USDC,1000.773172,1000.7056898650121,0xa23f4f345df5cfebbf4cce2c97820fdaf578a194
2025-04-18 21:34:47+00:00,USDC,16141.001908,16139.913520241344,0xadc0a53095a0af87f3aa29fe0715b5c28016364e
2025-04-18 21:36:47+00:00,USDC,95329.834451,95323.40636026298,0xadc0a53095a0af87f3aa29fe0715b5c28016364e
2025-04-18 22:03:23+00:00,USDC,28890.0,28888.051947300002,0x78f8bd884c3d738b74b420540659c82f392820e0
2025-04-18 22:03:35+00:00,USDC,0.5,0.499966285,0x4fe93ebc4ce6ae4f81601cc7ce7139023919e003
2025-04-18 22:21:47+00:00,USDC,14009.264186,14008.31954131594,0xc5cce04671736604e8cb779e534ad0d0501f5758
2025-04-18 22:41:23+00:00,USDC,3.010524,3.0103210003666803,0x5141b82f5ffda4c6fe1e372978f1c5427640a190
2025-04-18 23:00:59+00:00,USDC,443.052034,443.0221590013474,0x7bc68eb14c3c9d7ed521d2b6368c7a5386c9c282
2025-04-18 23:05:23+00:00,USDC,479947.239895,479914.8770526139,0xde1c214dc34dda8e840239f03b1f4dccba01dcb1
2025-04-19 00:10:23+00:00,USDC,175955.242719,175943.37805698346,0xc2ad10cab48779a10fb2c8b811001653e350821a
2025-04-19 01:22:35+00:00,USDC,380238.573984,380212.9344969563,0xd4fa2d31b7968e448877f69a96de69f5de8cd23e
2025-04-19 01:23:23+00:00,USDC,2.704125,2.70394266085125,0x7f14122e21e77b9e82a095f5657dbde7b54a7480
2025-04-19 01:34:47+00:00,USDC,168000.0,167988.67176,0xe1bafb5f16d8829d7b35309db6aaf57a882c9511
2025-04-19 01:37:11+00:00,USDC,508.208,508.17373153456003,0x2db0b0fa84c3c8b342183fd0b777c521ec054325
2025-04-19 02:15:47+00:00,USDC,127721.018794,127712.40656570272,0xd4fa2d31b7968e448877f69a96de69f5de8cd23e
2025-04-19 02:36:35+00:00,USDC,71432.666526,71427.84982129616,0xadc0a53095a0af87f3aa29fe0715b5c28016364e
2025-04-19 02:37:35+00:00,USDC,101368.60853,101361.77324472682,0x7e81d78dde29fddc4155abff7d7ad3f51f761f54
2025-04-19 02:49:23+00:00,USDC,50.037358,50.03398398095006,0x45254b7f4877df76eabe7cc01dc61a68b87224b7
2025-04-19 02:56:11+00:00,USDC,19024.692125,19023.40929001001,0x78f8bd884c3d738b74b420540659c82f392820e0
2025-04-19 03:07:35+00:00,USDC,7000.0,6999.5279900000005,0xe924b9e1748d1f017fdefa4c651e8ba6a7d7349e
2025-04-19 03:20:47+00:00,USDC,2434.26745,2434.1033073458466,0xb5c0a35f28cf8066f115a7986bbe7ec6e7c6ea12
2025-04-19 03:21:47+00:00,USDC,335768.244243,335745.6033902907,0xadc0a53095a0af87f3aa29fe0715b5c28016364e
2025-04-19 03:31:35+00:00,USDC,745096.930083,745046.6881970045,0x7f9b6bb65c8f9105f46ec3b18cb31845c85b6e72
2025-04-19 03:31:35+00:00,USDC,2627567.51678,2627390.3399023437,0x7f9b6bb65c8f9105f46ec3b18cb31845c85b6e72
2025-04-19 03:45:59+00:00,USDC,2500.0,2499.831425,0x35a67c912aba7fa1ca5c1fdcc43fa6cb7fa846d6
2025-04-19 04:00:35+00:00,USDC,175.810466,175.7986111002776,0xd1057b6c6736bf4f5b4a850cff02054f1f38e581
2025-04-19 04:03:59+00:00,USDC,2131.954854,2131.8110962841947,0xadc0a53095a0af87f3aa29fe0715b5c28016364e
2025-04-19 04:05:23+00:00,USDC,690.253823,690.2072791847152,0x35bb522b102326ea3f1141661df4626c87000e3e
2025-04-19 04:08:59+00:00,USDC,14.98842,14.9874093308394,0xadc0a53095a0af87f3aa29fe0715b5c28016364e
2025-04-19 04:09:47+00:00,USDC,2000.0,1999.86514,0x29aa2ed8712072e918632259780e587698ef58df
2025-04-19 04:12:47+00:00,USDC,385512.778064,385486.7829373752,0xec46dd165ee2d4af460a9c3d01b5a4c9516c9c3f
2025-04-19 04:20:35+00:00,USDC,1339401.676836,1339311.360980931,0x7f9b6bb65c8f9105f46ec3b18cb31845c85b6e72
2025-04-19 04:20:35+00:00,USDC,385924.02218,385897.9993231844,0x7f9b6bb65c8f9105f46ec3b18cb31845c85b6e72
2025-04-19 04:26:23+00:00,USDC,32130.993671,32128.827078096765,0x35bb522b102326ea3f1141661df4626c87000e3e
2025-04-19 04:42:59+00:00,USDC,1615.050822,1614.9419191230725,0x35bb522b102326ea3f1141661df4626c87000e3e
2025-04-19 04:47:35+00:00,USDC,8116.992542,8116.445213192893,0x35bb522b102326ea3f1141661df4626c87000e3e
2025-04-19 05:34:23+00:00,USDC,10.0,9.9993257,0xb58285c4e00be3815ef976d15c0c7929835529ae
2025-04-19 05:35:11+00:00,USDC,10000.0,9999.3257,0xb58285c4e00be3815ef976d15c0c7929835529ae
2025-04-19 05:35:23+00:00,USDC,11200.0,11199.244784,0xb8270b5ba91cb365d51855a968a9a8f829a0e855
2025-04-19 05:36:23+00:00,USDC,50000.0,49996.6285,0xb58285c4e00be3815ef976d15c0c7929835529ae
2025-04-19 05:37:11+00:00,USDC,89438.0,89431.96919566,0xb58285c4e00be3815ef976d15c0c7929835529ae
2025-04-19 05:40:35+00:00,USDC,84930.381285,84924.65442938995,0xadc0a53095a0af87f3aa29fe0715b5c28016364e
2025-04-19 05:42:47+00:00,USDC,117.045698,117.03780560858387,0x73eddfa87c71addc275c2b9890f5c3a8480bc9e6
2025-04-19 05:45:59+00:00,USDC,2080.763782,2080.6234760981797,0xbbeeff4f4add864689968d84a48bc2f6d07d0531
2025-04-19 06:06:35+00:00,USDC,20.448299,20.44692017119843,0x337a6c233bb57231bf71ecdaf2cf4642cb8dc223
2025-04-19 06:06:47+00:00,USDC,40000.0,39997.3028,0x57cc51ce8f46193a6f9434f02695f391b7491e9f
2025-04-19 06:10:23+00:00,USDC,191.945459,191.93251611769963,0x337a6c233bb57231bf71ecdaf2cf4642cb8dc223
2025-04-19 06:10:23+00:00,USDC,1003.801144,1003.7334576888601,0x10ee7b0b7c42643b1b052be37b7913a358cc4d49
2025-04-19 06:12:23+00:00,USDC,11.080095,11.07934786919415,0x73eddfa87c71addc275c2b9890f5c3a8480bc9e6
2025-04-19 06:14:11+00:00,USDC,15003.374229,15002.362551475739,0x35bb522b102326ea3f1141661df4626c87000e3e
2025-04-19 06:18:23+00:00,USDC,3226.0,3225.78247082,0x955c68d88b623a26e14898eb798dee46004d9700
2025-04-19 06:31:59+00:00,USDC,50.005269,50.00189714471133,0x93d090fdfc24b2cf7aaf9e9d927e887ef22913b8
2025-04-19 06:34:23+00:00,USDC,30461.696771,30459.64273878673,0x22e724d70245f633e4b5e598195847d2c78ff970
2025-04-19 06:59:23+00:00,USDC,1062.013947,1061.9423353995537,0x7f9b6bb65c8f9105f46ec3b18cb31845c85b6e72
2025-04-19 07:00:35+00:00,USDC,94855.256788,94848.86069803478,0xd4fa2d31b7968e448877f69a96de69f5de8cd23e
2025-04-19 07:01:11+00:00,USDC,101.60751,101.60065860560071,0x73eddfa87c71addc275c2b9890f5c3a8480bc9e6
2025-04-19 07:04:35+00:00,USDC,16.040114,16.03903241511298,0x127153bcd9237b7a0759e38cb6e54b76cea5c752
2025-04-19 07:19:11+00:00,USDC,26185.730905,26183.965201165076,0xf6f1a9b912a30e31485c4ec94e07c11dc314b527
2025-04-19 07:31:11+00:00,USDC,1748344.032829,1748226.1419908663,0x731b25b19a606122cfdaa659774a4022511875c9
2025-04-19 07:38:59+00:00,USDC,4421.032233,4420.734122796529,0xadc0a53095a0af87f3aa29fe0715b5c28016364e
2025-04-19 07:42:11+00:00,USDC,81000.0,80994.53817,0xadc0a53095a0af87f3aa29fe0715b5c28016364e
2025-04-19 07:51:11+00:00,USDC,1.2,1.199919084,0xfc6be8bfac2ce1ab0e5f8a0da4bff7c863e71976
2025-04-19 07:51:11+00:00,USDC,2600673.486392,2600498.122978813,0x7f9b6bb65c8f9105f46ec3b18cb31845c85b6e72
2025-04-19 07:51:11+00:00,USDC,738902.606642,738852.7824392342,0x7f9b6bb65c8f9105f46ec3b18cb31845c85b6e72
2025-04-19 08:13:47+00:00,USDC,3.216917,3.21670008328669,0x73eddfa87c71addc275c2b9890f5c3a8480bc9e6
2025-04-19 08:15:23+00:00,USDC,400028.813547,400001.83960410254,0x3c66133a7fd29ab1e551db9e8832dca0cead7a16
2025-04-19 08:27:23+00:00,USDC,7149.970797,7149.4886744691585,0x5141b82f5ffda4c6fe1e372978f1c5427640a190
2025-04-19 08:30:47+00:00,USDC,163731.054199,163720.01381401537,0xd4fa2d31b7968e448877f69a96de69f5de8cd23e
2025-04-19 08:33:35+00:00,USDC,100.0,99.993257,0x466a99381fc6b280036d734104eeda4e2a20d6c6
2025-04-19 08:36:59+00:00,USDC,300.0,299.979771,0x6b46d624af2bea445cbaa745a2a3b8b6240073d2
2025-04-19 08:49:35+00:00,USDC,17000.0,16998.85369,0xf67663f5ab9d295645bcdf98236217ca36ee64ac
2025-04-19 09:09:47+00:00,USDC,752474.760222,752424.0208489182,0x9f739b86d916bba4ed6323868ce0da252d9222a9
2025-04-19 09:09:47+00:00,USDC,2622866.945898,2622690.0859798384,0x9f739b86d916bba4ed6323868ce0da252d9222a9
2025-04-19 09:22:23+00:00,USDC,2597699.167907,2597524.0050521083,0x7f9b6bb65c8f9105f46ec3b18cb31845c85b6e72
2025-04-19 09:22:23+00:00,USDC,733881.584061,733832.0984257868,0x7f9b6bb65c8f9105f46ec3b18cb31845c85b6e72
2025-04-19 09:30:47+00:00,USDC,66921.999999,66917.48744854008,0xfaeb60f5ab719da12b9ebed42b144d8f24f69aa3
2025-04-19 09:32:23+00:00,USDC,500.0,499.966285,0xadc0a53095a0af87f3aa29fe0715b5c28016364e
2025-04-19 09:33:35+00:00,USDC,855.0,854.94234735,0xadc0a53095a0af87f3aa29fe0715b5c28016364e
2025-04-19 09:44:47+00:00,USDC,5364.32379,5363.9620736468405,0xfaeb60f5ab719da12b9ebed42b144d8f24f69aa3
2025-04-19 09:44:59+00:00,USDC,19810.999997,19809.6641412702,0xfaeb60f5ab719da12b9ebed42b144d8f24f69aa3
2025-04-19 09:45:59+00:00,USDC,242719.74326,242703.37666771197,0xaf92e072cb195e7549f18ed99e72800f9203c72d
2025-04-19 10:07:23+00:00,USDC,2000.0,1999.86514,0x0eea3aa49c2950a9b49203a06480764dadffa553
2025-04-19 10:16:11+00:00,USDC,17039.114,17037.965052542982,0x6aa7a8539543210563af6cf575cc5079b194d0c8
2025-04-19 10:35:59+00:00,USDC,10000.0,9999.3257,0xa221674edb403a8f714f66af74a2332c3cb5c0c3
2025-04-19 10:39:23+00:00,USDC,5853.127424,5852.7327476178,0xd4fa2d31b7968e448877f69a96de69f5de8cd23e
2025-04-19 10:43:47+00:00,USDC,5000.0,4999.66285,0xa90f726aaae3b58018e9b94d73b202b9016a44cf
2025-04-19 10:46:11+00:00,USDC,3923.831493,3923.566909042427,0xbcf6fb16ac1eeb552bbbc2c4af76f037710170f3
2025-04-19 10:46:35+00:00,USDC,1000.0,999.93257,0x0a65a76847d63e5ac278462316aee83016a2f784
2025-04-19 11:13:47+00:00,USDC,1845848.0322,1845723.566667189,0x7f9b6bb65c8f9105f46ec3b18cb31845c85b6e72
2025-04-19 11:13:47+00:00,USDC,590071.49932,590031.7107988008,0x7f9b6bb65c8f9105f46ec3b18cb31845c85b6e72
2025-04-19 11:47:47+00:00,USDC,5000.0,4999.66285,0x9c8a2e9ffd8606a0132a194d1deaece3ed7ae8a2
2025-04-19 12:34:11+00:00,USDC,1741047.909201,1740930.5103404825,0x731b25b19a606122cfdaa659774a4022511875c9
2025-04-19 12:58:47+00:00,USDC,60030.0,60025.9521771,0xadc0a53095a0af87f3aa29fe0715b5c28016364e
2025-04-19 13:13:47+00:00,USDC,53658.453224,53654.835034499105,0xd4fa2d31b7968e448877f69a96de69f5de8cd23e
2025-04-19 13:21:23+00:00,USDC,10.525457,10.52474726843449,0x73eddfa87c71addc275c2b9890f5c3a8480bc9e6
2025-04-19 13:24:47+00:00,USDC,730626.970683,730577.7045063669,0x7f9b6bb65c8f9105f46ec3b18cb31845c85b6e72
2025-04-19 13:24:47+00:00,USDC,2585995.722664,2585821.3489724207,0x7f9b6bb65c8f9105f46ec3b18cb31845c85b6e72
2025-04-19 13:27:23+00:00,USDC,35612.999999,35610.59861441007,0xfaeb60f5ab719da12b9ebed42b144d8f24f69aa3
2025-04-19 13:34:59+00:00,USDC,11000.0,10999.25827,0xff4d5b07f95dc9715411c1286ae0033188c4c346
2025-04-19 13:39:59+00:00,USDC,30641.110534,30639.044403916694,0xadc0a53095a0af87f3aa29fe0715b5c28016364e
2025-04-19 13:49:35+00:00,USDC,33864.834318,33862.55081222194,0xd4fa2d31b7968e448877f69a96de69f5de8cd23e
2025-04-19 14:01:59+00:00,USDC,603312.5228,603271.8414365876,0xca2647f13b2cf87b8ca2a81efb2894000d3f12f2
2025-04-19 14:24:35+00:00,USDC,11.043494,11.04274933719958,0x73eddfa87c71addc275c2b9890f5c3a8480bc9e6
2025-04-19 14:25:35+00:00,USDC,8742.560241,8741.97073016295,0xadc0a53095a0af87f3aa29fe0715b5c28016364e
2025-04-19 14:27:47+00:00,USDC,40000.0,39997.3028,0x9008d19f58aabd9ed0d60971565aa8510560ab41
2025-04-19 14:30:11+00:00,USDC,30000.0,29997.9771,0x9008d19f58aabd9ed0d60971565aa8510560ab41
2025-04-19 14:30:23+00:00,USDC,38042.544489,38039.97928022511,0xd4fa2d31b7968e448877f69a96de69f5de8cd23e
2025-04-19 14:35:11+00:00,USDC,10.05,10.0493223285,0x73eddfa87c71addc275c2b9890f5c3a8480bc9e6
2025-04-19 14:54:11+00:00,USDC,40.0,39.9973028,0x86ac481b0f22e8d504005f90cec6377c12695f11
2025-04-19 14:58:11+00:00,USDC,1944.190772,1944.059675216244,0xea7df5291b94e0306a9635e48e75ca7ffe3b5568
2025-04-19 15:01:11+00:00,USDC,1000000.160248,999932.7302371945,0x6a63bb66d9019edb31cc46aa205d0b1ccfacb1eb
2025-04-19 15:05:47+00:00,USDC,18519.188352,18517.939603129427,0xadc0a53095a0af87f3aa29fe0715b5c28016364e
2025-04-19 15:10:23+00:00,USDC,3004.916436,3004.7138144847204,0x29aa2ed8712072e918632259780e587698ef58df
2025-04-19 15:35:59+00:00,USDC,1362430.491765,1362338.6230769402,0x7f9b6bb65c8f9105f46ec3b18cb31845c85b6e72
2025-04-19 15:35:59+00:00,USDC,446632.994407,446602.87794418714,0x7f9b6bb65c8f9105f46ec3b18cb31845c85b6e72
2025-04-19 15:48:23+00:00,USDC,880442.741175,880383.3729209625,0x6a63bb66d9019edb31cc46aa205d0b1ccfacb1eb
2025-04-19 15:59:59+00:00,USDC,300000.0,299979.771,0xcf36a28d7fee8437bed31d52c551d417e6d707e4
2025-04-19 16:32:23+00:00,USDC,20.0,19.9986514,0x73eddfa87c71addc275c2b9890f5c3a8480bc9e6
2025-04-19 16:43:23+00:00,USDC,0.585461,0.5854215223647701,0x093cb4f405924a0c468b43209d5e466f1dd0ac7d
2025-04-19 16:45:11+00:00,USDC,103960.368377,103953.35832936034,0xd4fa2d31b7968e448877f69a96de69f5de8cd23e
2025-04-19 16:55:59+00:00,USDC,2000.0,1999.86514,0xadc0a53095a0af87f3aa29fe0715b5c28016364e
2025-04-19 17:06:47+00:00,USDC,4617.911097,4617.599711254729,0xcf339235b44198c990bc0d674cc6c7f3bffe1d1a
2025-04-19 17:13:59+00:00,USDC,62944.111908,62939.86758653404,0xd4fa2d31b7968e448877f69a96de69f5de8cd23e
2025-04-19 17:19:23+00:00,USDC,0.878084,0.87802479079588,0x630488ed575f3bb86e7993bbb5ab9152e7e35834
2025-04-19 17:19:23+00:00,USDC,0.019005,0.019003718492850003,0x630488ed575f3bb86e7993bbb5ab9152e7e35834
2025-04-19 17:22:23+00:00,USDC,751107.89046,751057.2432549463,0x9f739b86d916bba4ed6323868ce0da252d9222a9
2025-04-19 17:23:47+00:00,USDC,218000.0,217985.30026000002,0x6264b7f05facadaf24b71a96e1df3f46a654b799
2025-04-19 17:27:23+00:00,USDC,5000.0,4999.66285,0x1dedb10070645e65df1601ca4aa72b0d398e3519
2025-04-19 17:49:59+00:00,USDC,100000.20924,99993.46622589095,0xcf339235b44198c990bc0d674cc6c7f3bffe1d1a
2025-04-19 17:55:47+00:00,USDC,15000.0,14998.98855,0x5141b82f5ffda4c6fe1e372978f1c5427640a190
2025-04-19 18:01:35+00:00,USDC,0.497185,0.49715147481545,0x630488ed575f3bb86e7993bbb5ab9152e7e35834
2025-04-19 18:01:35+00:00,USDC,2.5e-05,2.499831425e-05,0x630488ed575f3bb86e7993bbb5ab9152e7e35834
2025-04-19 18:02:11+00:00,USDC,10000.0,9999.3257,0x955c68d88b623a26e14898eb798dee46004d9700
2025-04-19 18:07:47+00:00,USDC,80040.0,80034.6029028,0xadc0a53095a0af87f3aa29fe0715b5c28016364e
2025-04-19 18:15:47+00:00,USDC,269752.917465,269734.72802577534,0x9f739b86d916bba4ed6323868ce0da252d9222a9
2025-04-19 18:15:47+00:00,USDC,837761.73899,837705.2487159399,0x9f739b86d916bba4ed6323868ce0da252d9222a9
2025-04-19 18:18:35+00:00,USDC,40020.0,40017.3014514,0xadc0a53095a0af87f3aa29fe0715b5c28016364e
2025-04-19 18:23:23+00:00,USDC,2445530.188902,2445365.2868013624,0x7f9b6bb65c8f9105f46ec3b18cb31845c85b6e72
2025-04-19 18:23:23+00:00,USDC,709325.001058,709277.1712731787,0x7f9b6bb65c8f9105f46ec3b18cb31845c85b6e72
2025-04-19 18:30:23+00:00,USDC,645244.514271,645201.0054334027,0x7f9b6bb65c8f9105f46ec3b18cb31845c85b6e72
2025-04-19 18:30:23+00:00,USDC,353097.050801,353073.2414668645,0x7f9b6bb65c8f9105f46ec3b18cb31845c85b6e72
2025-04-19 18:37:23+00:00,USDC,0.874302,0.8742430458161401,0x630488ed575f3bb86e7993bbb5ab9152e7e35834
2025-04-19 18:37:23+00:00,USDC,0.143984,0.14397429115888,0x630488ed575f3bb86e7993bbb5ab9152e7e35834
2025-04-19 18:41:47+00:00,USDC,1065.681443,1065.6095841002984,0x2a872396601678e51198fb1432bd9e106d18dd61
2025-04-19 18:43:23+00:00,USDC,3400.0,3399.770738,0xa5ace713394bf6c5866db365e17c3acf7450a1e6
2025-04-19 18:48:47+00:00,USDC,3400.0,3399.770738,0xa5ace713394bf6c5866db365e17c3acf7450a1e6
2025-04-19 18:50:23+00:00,USDC,1000.0,999.93257,0x926bf90196781cf2161535d48af542889cac4d2e
2025-04-19 19:12:59+00:00,USDC,523.401256,523.365963053308,0x99e3eca7751981686272fa68cb77d74ab27b8e7e
2025-04-19 19:12:59+00:00,USDC,260900.0,260882.407513,0xe1bafb5f16d8829d7b35309db6aaf57a882c9511
2025-04-19 19:14:47+00:00,USDC,25000.0,24998.31425,0xb18f4044a14f48dbe1dd152132c3914385735ed5
2025-04-19 19:15:35+00:00,USDC,1000.0,999.93257,0x926bf90196781cf2161535d48af542889cac4d2e
2025-04-19 19:29:23+00:00,USDC,1293.691715,1293.6044813676574,0x3be3a8f73f0459b7d5fcc6e9c41abdaf7fba24aa
2025-04-19 19:29:59+00:00,USDC,3000.524359,3000.322033642473,0x9cdb491354086ab189dbb17360c33970b7298d3f
2025-04-19 19:42:23+00:00,USDC,1.429956,1.42985957806692,0x630488ed575f3bb86e7993bbb5ab9152e7e35834
2025-04-19 19:42:23+00:00,USDC,9.1e-05,9.099386387e-05,0x630488ed575f3bb86e7993bbb5ab9152e7e35834
2025-04-19 20:08:11+00:00,USDC,53820.984429,53817.35528001995,0x4e1571134c76919c5a9bce7ec200264d58ef2cfc
2025-04-19 20:26:35+00:00,USDC,2041.044565,2040.906937364982,0xe76d6d6a9afb445e6d28bc279a03462dddc8dcb5
2025-04-19 20:30:23+00:00,USDC,8.0,7.99946056,0x6193a2dc76e5cf33dfb578686cdc09474fe3806e
2025-04-19 20:51:59+00:00,USDC,2434.685597,2434.5214261501947,0x9eda66f367879ab8264d8cb236b6aeedc633994e
2025-04-19 21:00:35+00:00,USDC,400.0,399.973028,0x84862e2c19007acde191e07f49d2a4eb513a0cff
2025-04-19 21:04:35+00:00,USDC,309994.100463,309973.19756080577,0x9f739b86d916bba4ed6323868ce0da252d9222a9
2025-04-19 21:04:35+00:00,USDC,702552.794708,702505.4215730529,0x9f739b86d916bba4ed6323868ce0da252d9222a9
2025-04-19 21:13:23+00:00,USDC,880442.363645,880382.9954164195,0x6a63bb66d9019edb31cc46aa205d0b1ccfacb1eb
2025-04-19 21:29:35+00:00,USDC,0.057696,0.05769210955872,0x630488ed575f3bb86e7993bbb5ab9152e7e35834
2025-04-19 21:29:35+00:00,USDC,0.032167,0.032164830979190005,0x630488ed575f3bb86e7993bbb5ab9152e7e35834
2025-04-19 21:37:35+00:00,USDC,500.0,499.966285,0xf2a39b2037e3ef9ca0c71ae8d9d56de0d2b2b622
2025-04-19 21:39:11+00:00,USDC,230.425432,230.40989441312024,0xafca1fa43e639d32fca427fb4d47400e82cf7765
2025-04-19 22:00:59+00:00,USDC,4502.538226,4502.234619847421,0xadc0a53095a0af87f3aa29fe0715b5c28016364e
2025-04-19 22:03:11+00:00,USDC,4734.97746,4734.658180469873,0xe9036c3c12a78478fa88a757d7391304564beea1
2025-04-19 22:07:35+00:00,USDC,10420.594443,10419.891782316708,0x1f2f10d1c40777ae1da742455c65828ff36df387
2025-04-19 22:21:35+00:00,USDC,10.198327,10.19763932681039,0x567dac9b8f3f99e7ef20b2888c8e19d60963dffe
2025-04-19 22:25:11+00:00,USDC,1230.0,1229.9170611,0xadc0a53095a0af87f3aa29fe0715b5c28016364e
2025-04-19 22:29:59+00:00,USDC,998.706932,998.6395891915753,0xcdd75f6478801856fe7449b87876e16ba1fad1bf
2025-04-19 22:35:47+00:00,USDC,1100.955608,1100.8813705633527,0x8789740681b6986873261a48b638610f5b0eb4fb
2025-04-19 22:47:59+00:00,USDC,300.094561,300.07432562375175,0xd3ed8c764d625a7011bb1ffc8ead1b1f40f06934
2025-04-19 22:51:23+00:00,USDC,0.017744,0.01774280352208,0x630488ed575f3bb86e7993bbb5ab9152e7e35834
2025-04-19 22:51:23+00:00,USDC,0.027176,0.02717416752232,0x630488ed575f3bb86e7993bbb5ab9152e7e35834
2025-04-19 22:53:59+00:00,USDC,250.039064,250.0222038659145,0x47b47cf8f4762f2a2850e5560eb911472e9dd55a
2025-04-19 23:51:59+00:00,USDC,36003.269369,36000.84166854645,0x0adc69041a2b086f8772acce2a754f410f211bed
2025-04-20 00:01:59+00:00,USDC,3016.356152,3016.1527591046706,0xd14a118139f0d5bfb6cd345f292f542f06a4cdf9
2025-04-20 00:06:47+00:00,USDC,2000.0,1999.86514,0x3240f5819de3fcd90db9294b38b926b28ccaae50
2025-04-20 00:35:23+00:00,USDC,962456.005495,962391.1070865495,0x9cfb64d91ce4eb821ff8edc1c2fda2e89e256707
2025-04-20 00:44:59+00:00,USDC,5004.146095,5003.8086654288145,0x29aa2ed8712072e918632259780e587698ef58df
2025-04-20 00:54:11+00:00,USDC,88088.719612,88082.77978963657,0xd4fa2d31b7968e448877f69a96de69f5de8cd23e
2025-04-20 01:02:47+00:00,USDC,17437.066932,17435.891150576776,0x29940573b41b6315339e3da689f6e90b711f34a7
2025-04-20 01:13:59+00:00,USDC,1711325.196233,1711209.8015750179,0x7f9b6bb65c8f9105f46ec3b18cb31845c85b6e72
2025-04-20 01:13:59+00:00,USDC,560625.366449,560587.5634805403,0x7f9b6bb65c8f9105f46ec3b18cb31845c85b6e72
2025-04-20 01:18:59+00:00,USDC,200107.464384,200093.9711376766,0x36096d1c924ebd0f870af16407e3308ecfc5262f
2025-04-20 01:23:23+00:00,USDC,56096.414871,56092.63228974525,0xb8270b5ba91cb365d51855a968a9a8f829a0e855
2025-04-20 01:27:23+00:00,USDC,32865.595878,32863.37975086995,0xd4fa2d31b7968e448877f69a96de69f5de8cd23e
2025-04-20 01:29:59+00:00,USDC,34906.839153,34904.48538483591,0x29940573b41b6315339e3da689f6e90b711f34a7
2025-04-20 01:32:11+00:00,USDC,27656.08178,27654.216930405575,0x29940573b41b6315339e3da689f6e90b711f34a7
2025-04-20 01:46:11+00:00,USDC,2.062973,2.06283389373061,0x630488ed575f3bb86e7993bbb5ab9152e7e35834
2025-04-20 01:46:11+00:00,USDC,42.803197,42.80031078042629,0x630488ed575f3bb86e7993bbb5ab9152e7e35834
2025-04-20 01:48:47+00:00,USDC,0.768791,0.76873916042287,0x73eddfa87c71addc275c2b9890f5c3a8480bc9e6
2025-04-20 02:33:59+00:00,USDC,15.740253,15.739191634740209,0xfb960a2deb5ca509ae2f4402696375c0991830e7
2025-04-20 02:36:59+00:00,USDC,1308235.024706,1308146.810418284,0x731b25b19a606122cfdaa659774a4022511875c9
2025-04-20 02:49:35+00:00,USDC,882638.577229,882579.0609097375,0xd4fa2d31b7968e448877f69a96de69f5de8cd23e
2025-04-20 02:52:23+00:00,USDC,600000.0,599959.542,0x555ce236c0220695b68341bc48c68d52210cc35b
2025-04-20 03:00:35+00:00,USDC,225.861018,225.84578819155627,0x35bb522b102326ea3f1141661df4626c87000e3e
2025-04-20 03:11:23+00:00,USDC,180808.374426,180796.18251731247,0xfb960a2deb5ca509ae2f4402696375c0991830e7
2025-04-20 04:00:47+00:00,USDC,299.688919,299.66871097619185,0xd1057b6c6736bf4f5b4a850cff02054f1f38e581
2025-04-20 04:07:35+00:00,USDC,10.000001,9.999326699932569,0xb2d873342c05bf85029f12dcc3faedfc3652899a
2025-04-20 04:24:11+00:00,USDC,1413.5384,1413.443085105688,0x7f9b6bb65c8f9105f46ec3b18cb31845c85b6e72
2025-04-20 04:26:11+00:00,USDC,3000.0,2999.7977100000003,0x28b0185709c849ac0b34b9a0cdb8f3be3c92e2ef
2025-04-20 04:30:11+00:00,USDC,100.0,99.993257,0x955c68d88b623a26e14898eb798dee46004d9700
2025-04-20 04:47:11+00:00,USDC,249.074149,249.05735393013293,0x58475f5f0e67911a949d6c30907f39e619fcf62a
2025-04-20 05:02:59+00:00,USDC,2056656.6008,2056517.920445408,0x9f739b86d916bba4ed6323868ce0da252d9222a9
2025-04-20 05:02:59+00:00,USDC,721998.770373,721950.0859959137,0x9f739b86d916bba4ed6323868ce0da252d9222a9
2025-04-20 05:11:59+00:00,USDC,50.753973,50.75055065960061,0xadc0a53095a0af87f3aa29fe0715b5c28016364e
2025-04-20 05:21:47+00:00,USDC,1606.501757,1606.3934305865255,0xefaae7dd6a6e2d9db963aa0ad6665dfbe7aa06ac
2025-04-20 05:24:35+00:00,USDC,1463559.22937,1463460.5415711636,0x7f9b6bb65c8f9105f46ec3b18cb31845c85b6e72
2025-04-20 05:24:35+00:00,USDC,487097.661825,487064.8168296632,0x7f9b6bb65c8f9105f46ec3b18cb31845c85b6e72
2025-04-20 05:39:59+00:00,USDC,140.0,139.9905598,0x90a44827435abef40ebc041d5c91ff414a86f183
2025-04-20 05:41:59+00:00,USDC,2440097.818805,2439933.283009078,0x731b25b19a606122cfdaa659774a4022511875c9
2025-04-20 05:57:35+00:00,USDC,0.522388,0.52235277537716,0x73eddfa87c71addc275c2b9890f5c3a8480bc9e6
2025-04-20 05:59:23+00:00,USDC,815.0,814.94504455,0x78f8bd884c3d738b74b420540659c82f392820e0
2025-04-20 05:59:35+00:00,USDC,2744268.729627,2744083.6835865616,0x731b25b19a606122cfdaa659774a4022511875c9
2025-04-20 05:59:59+00:00,USDC,0.521864,0.52182881071048,0x73eddfa87c71addc275c2b9890f5c3a8480bc9e6
2025-04-20 07:09:59+00:00,USDC,517126.890044,517092.02017780434,0xe033f9a43178ba8c30f5da998146ec2f8b6003ad
2025-04-20 07:10:11+00:00,USDC,8400.0,8399.433588,0xe4109d946598bf1ff2012cd5de8b9e280042cc84
2025-04-20 07:25:23+00:00,USDC,20000.0,19998.6514,0x955c68d88b623a26e14898eb798dee46004d9700
2025-04-20 07:27:23+00:00,USDC,76237.823332,76232.68261557272,0xadc0a53095a0af87f3aa29fe0715b5c28016364e
2025-04-20 07:28:59+00:00,USDC,8.181059,8.180507351191629,0x73eddfa87c71addc275c2b9890f5c3a8480bc9e6
2025-04-20 07:32:23+00:00,USDC,42380.0,42377.1423166,0xe4109d946598bf1ff2012cd5de8b9e280042cc84
2025-04-20 07:41:35+00:00,USDC,32.882963,32.880745701804905,0x5cc9c9207df0c442bc7ef47b971528553b95c147
2025-04-20 07:44:35+00:00,USDC,42.579194,42.57632288494858,0x5cc9c9207df0c442bc7ef47b971528553b95c147
2025-04-20 07:46:23+00:00,USDC,55.134581,55.13086327520317,0x5cc9c9207df0c442bc7ef47b971528553b95c147
2025-04-20 07:47:47+00:00,USDC,71.392209,71.38739502334712,0x5cc9c9207df0c442bc7ef47b971528553b95c147
2025-04-20 07:49:35+00:00,USDC,92.443753,92.43751951773521,0x5cc9c9207df0c442bc7ef47b971528553b95c147
2025-04-20 07:50:47+00:00,USDC,33.181675,33.17943755965475,0x5cc9c9207df0c442bc7ef47b971528553b95c147
2025-04-20 07:57:35+00:00,USDC,2015.0,2014.86412855,0x78f8bd884c3d738b74b420540659c82f392820e0
2025-04-20 08:00:11+00:00,USDC,45562.029991,45558.95774331771,0x56d5550e1cc2dc4ca61b53621b70acebef6b51d0
2025-04-20 08:06:11+00:00,USDC,734088.119721,734038.6201590872,0x7f9b6bb65c8f9105f46ec3b18cb31845c85b6e72
2025-04-20 08:06:11+00:00,USDC,1170198.29976,1170119.3932886473,0x7f9b6bb65c8f9105f46ec3b18cb31845c85b6e72
2025-04-20 08:16:11+00:00,USDC,1000000.481286,999933.0512535468,0x6a63bb66d9019edb31cc46aa205d0b1ccfacb1eb
2025-04-20 08:24:47+00:00,USDC,20.000107,19.99875839278499,0x5cf243e87dc3428075a7db8c859f8c632fb4f6e3
2025-04-20 08:27:11+00:00,USDC,1400.0,1399.905598,0xd092a08270c4abe8238c5d2a7ab76a523cadfd11
2025-04-20 08:44:11+00:00,USDC,1240720.678076,1240637.0162806774,0x7f9b6bb65c8f9105f46ec3b18cb31845c85b6e72
2025-04-20 08:44:11+00:00,USDC,364142.82507,364118.27091930556,0x7f9b6bb65c8f9105f46ec3b18cb31845c85b6e72
2025-04-20 09:21:11+00:00,USDC,18.855818,18.85454655219226,0x73eddfa87c71addc275c2b9890f5c3a8480bc9e6
2025-04-20 09:53:11+00:00,USDC,4027.031985,4026.7604422332515,0xe6e8a6ec42b85988ee0ed730a4f08d913953d328
2025-04-20 10:02:47+00:00,USDC,5.717733,5.71734745326381,0x73eddfa87c71addc275c2b9890f5c3a8480bc9e6
2025-04-20 10:16:47+00:00,USDC,367927.572144,367902.7627878103,0x7f9b6bb65c8f9105f46ec3b18cb31845c85b6e72
2025-04-20 10:16:47+00:00,USDC,1292285.067237,1292197.9284549162,0x7f9b6bb65c8f9105f46ec3b18cb31845c85b6e72
2025-04-20 10:28:23+00:00,USDC,68691.576251,68686.9443780134,0xd4fa2d31b7968e448877f69a96de69f5de8cd23e
2025-04-20 10:32:23+00:00,USDC,46910.254435,46907.091276543455,0xd4fa2d31b7968e448877f69a96de69f5de8cd23e
2025-04-20 10:48:11+00:00,USDC,40000.0,39997.3028,0x073be86d6cf0a64acf4a67e302d021a2dd4bba02
2025-04-20 10:49:23+00:00,USDC,31850.309407,31848.161740636686,0x38e86e1dc073af1e027fc7f69f7faa33ccb70479
2025-04-20 11:37:23+00:00,USDC,850.0,849.9426845,0xadc0a53095a0af87f3aa29fe0715b5c28016364e
2025-04-20 11:38:59+00:00,USDC,1050.0,1049.9291985,0xadc0a53095a0af87f3aa29fe0715b5c28016364e
2025-04-20 11:40:23+00:00,USDC,91114.369664,91108.22582205356,0x997d1c9f17e685f28fff1deb758453945c42ed64
2025-04-20 11:40:35+00:00,USDC,13798.496541,13797.566108378242,0x5141b82f5ffda4c6fe1e372978f1c5427640a190
2025-04-20 11:40:35+00:00,USDC,13798.496541,13797.566108378242,0x5141b82f5ffda4c6fe1e372978f1c5427640a190
2025-04-20 11:40:47+00:00,USDC,88702.131168,88696.14998329536,0x997d1c9f17e685f28fff1deb758453945c42ed64
2025-04-20 12:24:47+00:00,USDC,1006.162195,1006.0943494831912,0x73eddfa87c71addc275c2b9890f5c3a8480bc9e6
2025-04-20 12:42:35+00:00,USDC,2523.504122,2523.3339621170535,0x73eddfa87c71addc275c2b9890f5c3a8480bc9e6
2025-04-20 12:46:11+00:00,USDC,20000.0,19998.6514,0x78df1bc130faa60220a78b9d01bdbc0718638100
2025-04-20 12:47:47+00:00,USDC,4186.88,4186.5976786816,0x426e4f678317473f6ecde146664c8b1830a24e57
2025-04-20 12:48:23+00:00,USDC,51211.973056,51208.519832656835,0x78df1bc130faa60220a78b9d01bdbc0718638100
2025-04-20 13:00:23+00:00,USDC,1.824021,1.82389800626397,0x73eddfa87c71addc275c2b9890f5c3a8480bc9e6
2025-04-20 13:07:47+00:00,USDC,51000.017437,50996.578505824225,0xd4fa2d31b7968e448877f69a96de69f5de8cd23e
2025-04-20 13:18:47+00:00,USDC,200.0,199.986514,0x3d7cf11c8533d5562cb442cf5d72f762d65d72d7
2025-04-20 13:26:11+00:00,USDC,234.0,233.98422138,0x73eddfa87c71addc275c2b9890f5c3a8480bc9e6
2025-04-20 13:34:47+00:00,USDC,36501.30689,36498.845606876406,0xd4fa2d31b7968e448877f69a96de69f5de8cd23e
2025-04-20 13:42:59+00:00,USDC,10000.0,9999.3257,0xd15e2fdc8198ef618789b024b4162edcaddd7acd
2025-04-20 14:04:35+00:00,USDC,84420.0,84414.3075594,0xadc0a53095a0af87f3aa29fe0715b5c28016364e
2025-04-20 14:31:35+00:00,USDC,169857.408252,169845.95476696157,0xd4fa2d31b7968e448877f69a96de69f5de8cd23e
2025-04-20 14:46:11+00:00,USDC,2500.0,2499.831425,0x44aad281ee6d8ac715d9d059a704546888638284
2025-04-20 14:56:11+00:00,USDC,28.082418,28.08052440255426,0xdcd10efb78892c38cbcacc4aa71895f667757e2d
2025-04-20 15:25:47+00:00,USDC,5351.513132,5351.152279469509,0x8935546bfafc843253c525353658c5df3dfc6c82
2025-04-20 15:26:35+00:00,USDC,4192.877236,4192.594510287977,0xd4fa2d31b7968e448877f69a96de69f5de8cd23e
2025-04-20 15:38:11+00:00,USDC,25000.0,24998.31425,0xb18f4044a14f48dbe1dd152132c3914385735ed5
2025-04-20 15:47:35+00:00,USDC,6000.0,5999.595420000001,0xc9c0d4253aff851dbc0d15597c107d4c93c2574a
2025-04-20 15:49:23+00:00,USDC,6000.003529,5999.598948762039,0xadc0a53095a0af87f3aa29fe0715b5c28016364e
2025-04-20 15:49:35+00:00,USDC,19473.300709,19471.987624333193,0x9a496a9c24563418e7bd340aa0e38b8c9dca4527
2025-04-20 15:53:11+00:00,USDC,453390.742062,453360.16992426274,0x7f9b6bb65c8f9105f46ec3b18cb31845c85b6e72
2025-04-20 15:53:11+00:00,USDC,1509967.88494,1509866.0678055186,0x7f9b6bb65c8f9105f46ec3b18cb31845c85b6e72
2025-04-20 16:26:23+00:00,USDC,5000.0,4999.66285,0xf1520a9316a111a64d4944dbb229c924fff8cd20
2025-04-20 16:32:35+00:00,USDC,14000.0,13999.055980000001,0x233f681ff98e18fa46fd9d6203520a6a301aeaa1
2025-04-20 16:36:47+00:00,USDC,200000.0,199986.514,0xe152fafbefc4b0c00194fad773818b1a55988f1a
2025-04-20 16:40:11+00:00,USDC,289.190904,289.17140385734325,0xf595ef5d0e0e698ed5c674952c3c74de8e70652e
2025-04-20 16:41:11+00:00,USDC,73085.764304,73080.83613091298,0xb7f764e44fc01c0b79ea4dee48d1d7664aeeb502
2025-04-20 16:56:11+00:00,USDC,13.324484,13.32358553004388,0x73eddfa87c71addc275c2b9890f5c3a8480bc9e6
2025-04-20 16:59:23+00:00,USDC,10.54024,10.5395292716168,0x73eddfa87c71addc275c2b9890f5c3a8480bc9e6
2025-04-20 17:11:47+00:00,USDC,3000.0,2999.7977100000003,0x18219230ae5550d06f4fa844d3a74a51c7da0f77
2025-04-20 17:46:11+00:00,USDC,20.0,19.9986514,0xadc0a53095a0af87f3aa29fe0715b5c28016364e
2025-04-20 17:55:35+00:00,USDC,101325.398144,101318.56577240316,0x997d1c9f17e685f28fff1deb758453945c42ed64
2025-04-20 18:59:23+00:00,USDC,5.018467,5.01812860477019,0x73eddfa87c71addc275c2b9890f5c3a8480bc9e6
2025-04-20 19:09:35+00:00,USDC,1554700.607449,1554595.7739870397,0x7f9b6bb65c8f9105f46ec3b18cb31845c85b6e72
2025-04-20 19:09:35+00:00,USDC,450852.937249,450822.53623544134,0x7f9b6bb65c8f9105f46ec3b18cb31845c85b6e72
2025-04-20 19:34:23+00:00,USDC,12403.253765,12402.417413598625,0xadc0a53095a0af87f3aa29fe0715b5c28016364e
2025-04-20 19:40:23+00:00,USDC,26950.528997,26948.711722829736,0xf224e5594fe4f556708951119e9263892842d499
2025-04-20 19:56:35+00:00,USDC,1008788.466568,1008720.4439616994,0x926bf90196781cf2161535d48af542889cac4d2e
2025-04-20 20:10:59+00:00,USDC,66.179058,66.17459554611906,0x938242729503d4be9f0832f9007c9410b44e7c2d
2025-04-20 20:14:47+00:00,USDC,44000.842254,43997.87527720682,0xd4fa2d31b7968e448877f69a96de69f5de8cd23e
2025-04-20 20:24:23+00:00,USDC,44946.028664,44942.99795328719,0xd4fa2d31b7968e448877f69a96de69f5de8cd23e
2025-04-20 20:29:47+00:00,USDC,9530.246401,9529.60377648518,0xadc0a53095a0af87f3aa29fe0715b5c28016364e
2025-04-20 20:41:11+00:00,USDC,811.826773,811.7720315206966,0xd4fa2d31b7968e448877f69a96de69f5de8cd23e
2025-04-20 20:41:11+00:00,USDC,6043.197661,6042.790168181719,0xd4fa2d31b7968e448877f69a96de69f5de8cd23e
2025-04-20 20:46:35+00:00,USDC,106432.81937,106425.64260498989,0xd4fa2d31b7968e448877f69a96de69f5de8cd23e
2025-04-20 20:49:59+00:00,USDC,540954.667867,540918.1912937458,0x9f739b86d916bba4ed6323868ce0da252d9222a9
2025-04-20 20:49:59+00:00,USDC,1542695.844487,1542591.8205062062,0x9f739b86d916bba4ed6323868ce0da252d9222a9
2025-04-20 20:58:59+00:00,USDC,3271.653606,3271.4329983973475,0xd4fa2d31b7968e448877f69a96de69f5de8cd23e
2025-04-20 21:06:23+00:00,USDC,80.563623,80.55819059490112,0x337a6c233bb57231bf71ecdaf2cf4642cb8dc223
2025-04-20 21:09:23+00:00,USDC,113.417689,113.41004124523073,0x337a6c233bb57231bf71ecdaf2cf4642cb8dc223
2025-04-20 21:33:23+00:00,USDC,8864.401332,8863.803605418183,0xd4fa2d31b7968e448877f69a96de69f5de8cd23e
2025-04-20 21:33:23+00:00,USDC,99.600565,99.59384893390205,0xd4fa2d31b7968e448877f69a96de69f5de8cd23e
2025-04-20 21:58:59+00:00,USDC,99978.58492,99971.84336401885,0xd4fa2d31b7968e448877f69a96de69f5de8cd23e
2025-04-20 22:04:23+00:00,USDC,5000.0,4999.66285,0x42e360662f31a5e07cc417186401c20cc1579510
2025-04-20 22:50:35+00:00,USDC,7000.0,6999.5279900000005,0xadc0a53095a0af87f3aa29fe0715b5c28016364e
2025-04-20 22:51:35+00:00,USDC,500.0,499.966285,0xb999041bbad79e8435286da3a56231e92e98f71a
2025-04-20 23:18:23+00:00,USDC,5267.707714,5267.352512468845,0xadc0a53095a0af87f3aa29fe0715b5c28016364e
2025-04-20 23:24:23+00:00,USDC,31815.9,31813.754653863,0xadc0a53095a0af87f3aa29fe0715b5c28016364e
2025-04-20 23:28:47+00:00,USDC,47600.0,47596.790332000004,0xadc0a53095a0af87f3aa29fe0715b5c28016364e
2025-04-20 23:53:47+00:00,USDC,300000.0,299979.771,0xe1bafb5f16d8829d7b35309db6aaf57a882c9511
2025-04-20 23:57:23+00:00,USDC,1093.605676,1093.5319341692673,0xadc0a53095a0af87f3aa29fe0715b5c28016364e
2025-04-21 00:22:35+00:00,USDC,1006.604854,1006.5369786346948,0x642d4aea8efc2d9a9cd513edea96bb57042d99c6
2025-04-21 00:28:11+00:00,USDC,181976.602107,181964.33142471995,0x3d04f6979be6a429e93f897083e446015b6d4e48
2025-04-21 00:28:11+00:00,USDC,151259.532881,151249.33345069783,0x1560ccd091ac1b14ca4c16f122d78416602ed17a
2025-04-21 00:28:11+00:00,USDC,167268.676884,167257.3979571177,0xa20dc9ce2306ad316ec9a1787470a45ab9e4d960
2025-04-21 00:32:23+00:00,USDC,152711.970003,152701.67263486268,0x1f01896e1a3f5d961a90b42ef3409658d5acef4c
2025-04-21 00:32:23+00:00,USDC,152678.257635,152667.96254008767,0x88ab4bd1c649e78c2f1a3cd526d30b18dea86627
2025-04-21 00:32:23+00:00,USDC,195139.336782,195126.1785365208,0x0606d2fc07d38736d04de98b495dd355b038f6ac
2025-04-21 00:35:23+00:00,USDC,89394.330905,89388.30304526708,0xd4fa2d31b7968e448877f69a96de69f5de8cd23e
2025-04-21 00:39:35+00:00,USDC,4491.737461,4491.434583143005,0xadc0a53095a0af87f3aa29fe0715b5c28016364e
2025-04-21 00:43:11+00:00,USDC,123135.952591,123127.64953371679,0xd4fa2d31b7968e448877f69a96de69f5de8cd23e
2025-04-21 00:43:47+00:00,USDC,2239945.4484,2239794.4088784144,0x731b25b19a606122cfdaa659774a4022511875c9
2025-04-21 00:47:59+00:00,USDC,45094.101611,45091.06091572837,0xd4fa2d31b7968e448877f69a96de69f5de8cd23e
2025-04-21 00:48:11+00:00,USDC,76500.0,76494.84160500001,0xadc0a53095a0af87f3aa29fe0715b5c28016364e
2025-04-21 00:50:11+00:00,USDC,7000.0,6999.5279900000005,0x712401bd11a379346a2cea2d430c88f02ee7bc60
2025-04-21 00:57:11+00:00,USDC,50000.0,49996.6285,0xadc0a53095a0af87f3aa29fe0715b5c28016364e
2025-04-21 00:57:59+00:00,USDC,305.0,304.97943385,0x7ce9915a446de9f10c50f872dcc077fe28095fd3
2025-04-21 01:07:23+00:00,USDC,250000.0,249983.14250000002,0xadc0a53095a0af87f3aa29fe0715b5c28016364e
2025-04-21 01:08:47+00:00,USDC,77072.699236,77067.50222389052,0xd4fa2d31b7968e448877f69a96de69f5de8cd23e
2025-04-21 01:08:47+00:00,USDC,26306.880132,26305.106259072698,0xfa0dec975ff67eec1b618d1212c1da4dc7799a54
2025-04-21 01:09:47+00:00,USDC,160189.953755,160179.1521464183,0xd4fa2d31b7968e448877f69a96de69f5de8cd23e
2025-04-21 01:10:47+00:00,USDC,2053497.736209,2053359.2688566474,0xd567006082e89cc07f65d4ff6699dd5f2c55c687
2025-04-21 01:11:35+00:00,USDC,118487.955773,118479.96613014222,0xd4fa2d31b7968e448877f69a96de69f5de8cd23e
2025-04-21 01:15:59+00:00,USDC,1924.584732,1924.4549572515214,0x78f8bd884c3d738b74b420540659c82f392820e0
2025-04-21 01:32:11+00:00,USDC,83909.670525,83904.0124959165,0xd4fa2d31b7968e448877f69a96de69f5de8cd23e
2025-04-21 01:32:23+00:00,USDC,1140.486537,1140.40963399281,0xadc0a53095a0af87f3aa29fe0715b5c28016364e
2025-04-21 01:39:35+00:00,USDC,250000.0,249983.14250000002,0xadc0a53095a0af87f3aa29fe0715b5c28016364e
2025-04-21 01:47:59+00:00,USDC,128579.133773,128570.46368200968,0xadc0a53095a0af87f3aa29fe0715b5c28016364e
2025-04-21 01:48:11+00:00,USDC,1000.518538,1000.4510730349828,0x15b88e4c79b1f2e8d737ac1af8efb9dd0921680d
2025-04-21 01:53:59+00:00,USDC,479552.703639,479520.36740019365,0x1f2f10d1c40777ae1da742455c65828ff36df387
2025-04-21 01:53:59+00:00,USDC,240000.0,239983.8168,0x102cb98f1bedbc9190e87ad02983f89116953185
2025-04-21 01:59:47+00:00,USDC,2500.0,2499.831425,0xadc0a53095a0af87f3aa29fe0715b5c28016364e
2025-04-21 02:03:23+00:00,USDC,17000.0,16998.85369,0xcd2a318a28cf0ee86a3670817a93e8c59a67d322
2025-04-21 02:04:35+00:00,USDC,6000.0,5999.595420000001,0x712401bd11a379346a2cea2d430c88f02ee7bc60
2025-04-21 02:05:59+00:00,USDC,20.807203,20.805799970301713,0x337a6c233bb57231bf71ecdaf2cf4642cb8dc223
2025-04-21 02:07:47+00:00,USDC,143747.376789,143737.68390338312,0xb7f764e44fc01c0b79ea4dee48d1d7664aeeb502
2025-04-21 02:09:11+00:00,USDC,180.10083,180.0886858010331,0x7f9b6bb65c8f9105f46ec3b18cb31845c85b6e72
2025-04-21 02:10:35+00:00,USDC,194.247799,194.23470087091343,0x337a6c233bb57231bf71ecdaf2cf4642cb8dc223
2025-04-21 02:11:35+00:00,USDC,199990.0,199976.5146743,0x69459537cadd1babcd9c688d6b7de85c5e16b11e
2025-04-21 02:13:35+00:00,USDC,340793.0,340770.02032801,0xcbe942516ae7687d80a5ff94f8f9a203be800713
2025-04-21 02:15:47+00:00,USDC,120358.968623,120350.85281774575,0xd4fa2d31b7968e448877f69a96de69f5de8cd23e
2025-04-21 02:16:23+00:00,USDC,10000.0,9999.3257,0xadc0a53095a0af87f3aa29fe0715b5c28016364e
2025-04-21 02:19:35+00:00,USDC,626794.771289,626752.5065175721,0x9f739b86d916bba4ed6323868ce0da252d9222a9
2025-04-21 02:20:59+00:00,USDC,3.153695,3.15348234634615,0x5141b82f5ffda4c6fe1e372978f1c5427640a190
2025-04-21 02:25:23+00:00,USDC,87386.172792,87380.28034236864,0x1f2f10d1c40777ae1da742455c65828ff36df387
2025-04-21 02:34:11+00:00,USDC,5626.445416,5626.0660247855985,0xadc0a53095a0af87f3aa29fe0715b5c28016364e
2025-04-21 02:34:47+00:00,USDC,160323.025817,160312.21523536916,0xd01aa2c168dcbb1956c87b6d9e350d029c3055eb
2025-04-21 02:46:35+00:00,USDC,1662.906225,1662.7940952332483,0x680a6114dd343556dbd3fa564f790e2d14b45d5f
2025-04-21 02:50:47+00:00,USDC,90.236267,90.2301823685162,0x73eddfa87c71addc275c2b9890f5c3a8480bc9e6
2025-04-21 02:58:47+00:00,USDC,89026.274016,89020.2709743431,0x1f2f10d1c40777ae1da742455c65828ff36df387
2025-04-21 02:59:11+00:00,USDC,25000.0,24998.31425,0x2c363cf3c11b130bfe5bba8169a825d65b930e16
2025-04-21 02:59:35+00:00,USDC,300000.0,299979.771,0xe1bafb5f16d8829d7b35309db6aaf57a882c9511
2025-04-21 03:08:47+00:00,USDC,131200.0,131191.153184,0x057c5fbe7915cf1e20b451a326dc28344ae31cb6
2025-04-21 03:09:47+00:00,USDC,799999.9,799945.956006743,0xe418ee2df21ef818d20194113281d3f4300aead3
2025-04-21 03:36:47+00:00,USDC,30000.0,29997.9771,0x0506b97ac63244ccc824d152c77d2b99d7c17a14
2025-04-21 03:42:35+00:00,USDC,600000.8,599960.3419460561,0xe418ee2df21ef818d20194113281d3f4300aead3
2025-04-21 03:50:47+00:00,USDC,150.0,149.9898855,0x78f8bd884c3d738b74b420540659c82f392820e0
2025-04-21 04:00:59+00:00,USDC,288.981095,288.9616090047641,0xd1057b6c6736bf4f5b4a850cff02054f1f38e581
2025-04-21 04:05:35+00:00,USDC,11.284178,11.283417107877462,0xadc0a53095a0af87f3aa29fe0715b5c28016364e
2025-04-21 04:06:23+00:00,USDC,1000.0,999.93257,0x29aa2ed8712072e918632259780e587698ef58df
2025-04-21 04:17:47+00:00,USDC,13103.466862,13102.583295229495,0x0adc69041a2b086f8772acce2a754f410f211bed
2025-04-21 04:19:35+00:00,USDC,533.519336,533.4833607911735,0xcdd75f6478801856fe7449b87876e16ba1fad1bf
2025-04-21 04:35:11+00:00,USDC,5000.0,4999.66285,0xcfd82060373beb52180b55d119e39e955f1545c9
2025-04-21 04:40:59+00:00,USDC,531871.15177,531835.2876982362,0x1dfde7c627d1ea54b722c1b0d435b457768449f5
2025-04-21 04:41:59+00:00,USDC,5.0,4.99966285,0x0f19750dbdd64452a48cb24348f21c5cac01e300
2025-04-21 04:48:47+00:00,USDC,7282.613212,7282.122145391115,0xadc0a53095a0af87f3aa29fe0715b5c28016364e
2025-04-21 05:03:59+00:00,USDC,6000.0,5999.595420000001,0x761a20a0c3c8a33ac3cbe81a6c031626216c1cff
2025-04-21 05:10:47+00:00,USDC,193.461202,193.44815691114914,0x1f689a67288c7ebd400525ebc672c1bf04bffdce
2025-04-21 05:37:11+00:00,USDC,3141.57,3141.3581639349004,0xadc0a53095a0af87f3aa29fe0715b5c28016364e
2025-04-21 05:46:47+00:00,USDC,2002.13,2001.9949963741,0x481e34ae440b9d2c30d2f61176166c6e258574eb
2025-04-21 05:50:23+00:00,USDC,3.980684,3.9804155824778804,0x7f1464f7c1ea8e595391d74b72b15b8ec537bbcf
2025-04-21 05:51:35+00:00,USDC,25000.0,24998.31425,0xa12bc7bf003d3541c8899b3a6edeb2b52c13c83b
2025-04-21 05:56:35+00:00,USDC,15.011417,15.01040478015169,0x78df1bc130faa60220a78b9d01bdbc0718638100
2025-04-21 05:57:35+00:00,USDC,30000.0,29997.9771,0x761a20a0c3c8a33ac3cbe81a6c031626216c1cff
2025-04-21 06:11:35+00:00,USDC,335665.809175,335643.17522948736,0xadc0a53095a0af87f3aa29fe0715b5c28016364e
2025-04-21 06:15:59+00:00,USDC,100.171179,100.16442445740003,0xd349ac9aa4cabe30882af5e256cea11a5fd6afe9
2025-04-21 06:21:23+00:00,USDC,86067.822449,86062.01889573227,0xadc0a53095a0af87f3aa29fe0715b5c28016364e
2025-04-21 06:28:59+00:00,USDC,72568.611369,72563.71806753539,0xadc0a53095a0af87f3aa29fe0715b5c28016364e
2025-04-21 06:34:11+00:00,USDC,1560867.728314,1560762.4790030797,0x7f9b6bb65c8f9105f46ec3b18cb31845c85b6e72
2025-04-21 06:34:11+00:00,USDC,455516.508832,455485.7933538095,0x7f9b6bb65c8f9105f46ec3b18cb31845c85b6e72
2025-04-21 06:35:47+00:00,USDC,14008.220424,14007.275849696809,0xc5cce04671736604e8cb779e534ad0d0501f5758
2025-04-21 06:39:11+00:00,USDC,14000.0,13999.055980000001,0x28159f2a211b0ec2e6b585f114f9f031ae673759
2025-04-21 06:48:47+00:00,USDC,220000.0,219985.1654,0xe1bafb5f16d8829d7b35309db6aaf57a882c9511
2025-04-21 06:56:59+00:00,USDC,28294.084442,28292.176571886077,0xc2a12d5a385629e368d66cefc7e90d8bc1bf0578
2025-04-21 06:59:35+00:00,USDC,14104.90883,14103.957735997594,0xb38a1018ea21faf43bdcc9b66660948b3f52cfc1
2025-04-21 07:00:11+00:00,USDC,70000.0,69995.27990000001,0x9b81306f55eaf6e4b4b451b5df53769b9d827db9
2025-04-21 07:04:59+00:00,USDC,82023.107835,82017.5770168387,0xadc0a53095a0af87f3aa29fe0715b5c28016364e
2025-04-21 07:13:59+00:00,USDC,2.431695,2.43153103080615,0x630488ed575f3bb86e7993bbb5ab9152e7e35834
2025-04-21 07:24:11+00:00,USDC,13400.0,13399.096438,0xadc0a53095a0af87f3aa29fe0715b5c28016364e
2025-04-21 07:25:35+00:00,USDC,2691147.758795,2690966.2947016247,0x18e204a8fc0f1366b481cab3ccaff20db45bfc76
2025-04-21 07:26:59+00:00,USDC,6700.0,6699.548219,0xadc0a53095a0af87f3aa29fe0715b5c28016364e
2025-04-21 07:28:47+00:00,USDC,1550.0,1549.8954835,0xadc0a53095a0af87f3aa29fe0715b5c28016364e
2025-04-21 07:37:11+00:00,USDC,21100.0,21098.577227,0xadc0a53095a0af87f3aa29fe0715b5c28016364e
2025-04-21 07:39:59+00:00,USDC,1590.0,1589.8927863000001,0xadc0a53095a0af87f3aa29fe0715b5c28016364e
2025-04-21 07:42:47+00:00,USDC,32.364249,32.362066678689935,0xd8d931556e280f491c4fb50ce90f0b660d2ac0d3
2025-04-21 07:43:23+00:00,USDC,100.0,99.993257,0x78df1bc130faa60220a78b9d01bdbc0718638100
2025-04-21 07:48:23+00:00,USDC,100.000058,99.99331499608905,0x955c68d88b623a26e14898eb798dee46004d9700
2025-04-21 07:48:47+00:00,USDC,799368.097271,799314.1958802011,0xe418ee2df21ef818d20194113281d3f4300aead3
2025-04-21 07:50:35+00:00,USDC,15.011498,15.01048577468986,0x78df1bc130faa60220a78b9d01bdbc0718638100
2025-04-21 07:51:47+00:00,USDC,1e-06,9.9993257e-07,0xd8d931556e280f491c4fb50ce90f0b660d2ac0d3
2025-04-21 07:52:11+00:00,USDC,1023014.923807,1022945.9419106877,0x731b25b19a606122cfdaa659774a4022511875c9
2025-04-21 07:59:23+00:00,USDC,21210.0,21208.569809700002,0xdd42ca204be097422a37196c5783e993985a19e1
2025-04-21 08:05:23+00:00,USDC,222600.153484,222585.14355565057,0xadc0a53095a0af87f3aa29fe0715b5c28016364e
2025-04-21 08:11:59+00:00,USDC,250499.520324,250482.62914134457,0x9f739b86d916bba4ed6323868ce0da252d9222a9
2025-04-21 08:11:59+00:00,USDC,839421.620833,839365.0186331073,0x9f739b86d916bba4ed6323868ce0da252d9222a9
2025-04-21 08:15:47+00:00,USDC,2392.208806,2392.0474993602115,0xdac244e82ff83d43c18821d572345371007aee08
2025-04-21 08:16:11+00:00,USDC,20000.0,19998.6514,0x2650df0e50e61327381466b5526406d0d4994cc2
2025-04-21 08:17:59+00:00,USDC,8755.0,8754.40965035,0xadc0a53095a0af87f3aa29fe0715b5c28016364e
2025-04-21 08:22:23+00:00,USDC,80000.0,79994.6056,0x2650df0e50e61327381466b5526406d0d4994cc2
2025-04-21 08:26:11+00:00,USDC,10000.0,9999.3257,0xcdd75f6478801856fe7449b87876e16ba1fad1bf
2025-04-21 08:28:47+00:00,USDC,7200.0,7199.514504,0xa09092e8b3523f8fbb0db9f6d0811f193aa42312
2025-04-21 08:32:47+00:00,USDC,100000.0,99993.257,0x01cb1d7f983150bff188bafe89f7ac47432bb645
2025-04-21 08:36:11+00:00,USDC,2800.0,2799.811196,0x3af7185b08e10ff4a70b2d7f1b0df95d8e26d39a
2025-04-21 08:38:59+00:00,USDC,20000.0,19998.6514,0xadc0a53095a0af87f3aa29fe0715b5c28016364e
2025-04-21 08:38:59+00:00,USDC,100000.0,99993.257,0x2650df0e50e61327381466b5526406d0d4994cc2
2025-04-21 08:43:23+00:00,USDC,17012.803675,17011.656501648195,0x9340ff073324f2b66d8e00ec2c74d3795ba9d875
2025-04-21 08:54:23+00:00,USDC,30.261852,30.25981144331964,0x73eddfa87c71addc275c2b9890f5c3a8480bc9e6
2025-04-21 08:58:35+00:00,USDC,38030.378303,38027.813914591025,0x6530f34ded9d6a1a06ee4a797bdefa452fd5ec21
2025-04-21 09:04:23+00:00,USDC,1596057.304562,1595949.6824179536,0x7f9b6bb65c8f9105f46ec3b18cb31845c85b6e72
2025-04-21 09:04:23+00:00,USDC,466669.730389,466638.26284907985,0x7f9b6bb65c8f9105f46ec3b18cb31845c85b6e72
2025-04-21 09:06:35+00:00,USDC,8000.0,7999.46056,0xb46384866f0f24dad70006b707ab91381c0c0871
2025-04-21 09:18:47+00:00,USDC,9955.235428,9954.56414647509,0xe5980c355bb1b2da4a181db57f3a605b29bd89f7
2025-04-21 09:18:47+00:00,USDC,20547.534235,20546.148714766532,0xb46384866f0f24dad70006b707ab91381c0c0871
2025-04-21 09:24:23+00:00,USDC,5755.0,5754.61194035,0xb7fa81e82e0966e56186865112351ec5ee7e473f
2025-04-21 09:24:35+00:00,USDC,1597095.270248,1596987.5781139273,0x7f9b6bb65c8f9105f46ec3b18cb31845c85b6e72
2025-04-21 09:24:35+00:00,USDC,489630.189238,489597.1734743397,0x7f9b6bb65c8f9105f46ec3b18cb31845c85b6e72
2025-04-21 09:50:35+00:00,USDC,34545.422282,34543.09288417552,0xadc0a53095a0af87f3aa29fe0715b5c28016364e
2025-04-21 09:52:11+00:00,USDC,1448200.596956,1448102.9447897472,0x7f9b6bb65c8f9105f46ec3b18cb31845c85b6e72
2025-04-21 09:52:11+00:00,USDC,537485.20398,537448.9613526956,0x7f9b6bb65c8f9105f46ec3b18cb31845c85b6e72
2025-04-21 10:00:23+00:00,USDC,101986.048169,101979.17124977197,0xa86e1a2daa9b2f79e06fb6cc4624c39cc3db6f56
2025-04-21 10:05:11+00:00,USDC,3755.0,3754.7468003500003,0x51bf3c5f0f2e773d02c3adc63ae4b90e579e4496
2025-04-21 10:07:23+00:00,USDC,246058.281764,246041.69005406066,0xd4fa2d31b7968e448877f69a96de69f5de8cd23e
2025-04-21 10:10:47+00:00,USDC,1517168.633449,1517066.3307680467,0x7f9b6bb65c8f9105f46ec3b18cb31845c85b6e72
2025-04-21 10:10:47+00:00,USDC,565683.620076,565645.4760294983,0x7f9b6bb65c8f9105f46ec3b18cb31845c85b6e72
2025-04-21 10:41:11+00:00,USDC,1000.0,999.93257,0x14e70fb6fdcc3aca4ca559b642756cecba7715a9
2025-04-21 10:43:47+00:00,USDC,325470.781938,325448.83544317394,0x1f2f10d1c40777ae1da742455c65828ff36df387
2025-04-21 10:49:23+00:00,USDC,1667626.462298,1667514.0142456472,0x97e07a5501e0c915c942d5d6d6a17ac4735caf48
2025-04-21 10:49:23+00:00,USDC,479235.315302,479203.00046468916,0x97e07a5501e0c915c942d5d6d6a17ac4735caf48
2025-04-21 10:52:35+00:00,USDC,23200.0,23198.435624,0xbbe35aebc319438837b68d0bc63a4fccb1d49af6
2025-04-21 10:55:47+00:00,USDC,230000.0,229984.4911,0x4e24e4cce79bb6ddc4baec394880873215edaf7d
2025-04-21 10:57:59+00:00,USDC,96.517789,96.51128080548773,0x73eddfa87c71addc275c2b9890f5c3a8480bc9e6
2025-04-21 10:59:11+00:00,USDC,232545.912826,232530.23225509815,0x1f2f10d1c40777ae1da742455c65828ff36df387
2025-04-21 11:01:23+00:00,USDC,820.585411,820.5300789257363,0x35bb522b102326ea3f1141661df4626c87000e3e
2025-04-21 11:03:35+00:00,USDC,282.414883,282.3958397644393,0x35bb522b102326ea3f1141661df4626c87000e3e
2025-04-21 11:10:47+00:00,USDC,2000.0,1999.86514,0xadc0a53095a0af87f3aa29fe0715b5c28016364e
2025-04-21 11:11:35+00:00,USDC,32485.142999,32482.952525807577,0x3195dcdd8b9bf394a9bf9435dc8d6641d78ce4cb
2025-04-21 11:16:35+00:00,USDC,4379.84919,4379.553856769118,0x35bb522b102326ea3f1141661df4626c87000e3e
2025-04-21 11:20:35+00:00,USDC,10000.0,9999.3257,0xadc0a53095a0af87f3aa29fe0715b5c28016364e
2025-04-21 11:23:23+00:00,USDC,2415.728043,2415.5651504580605,0x35bb522b102326ea3f1141661df4626c87000e3e
2025-04-21 11:25:35+00:00,USDC,1500.0,1499.8988550000001,0x68736380594f2768e89bd5ce5d9c7951214ba313
2025-04-21 11:29:11+00:00,USDC,16937.1842,16936.042125669395,0xfaeb60f5ab719da12b9ebed42b144d8f24f69aa3
2025-04-21 11:30:59+00:00,USDC,50000.0,49996.6285,0xadc0a53095a0af87f3aa29fe0715b5c28016364e
2025-04-21 11:31:11+00:00,USDC,10.000054,9.99937969635878,0xe378273f2ee152ab59d7479386bd065c76cd4a83
2025-04-21 11:32:59+00:00,USDC,90000.0,89993.9313,0xadc0a53095a0af87f3aa29fe0715b5c28016364e
2025-04-21 11:44:35+00:00,USDC,51.0,50.99656107,0x5b2740746db94d629f8c49af5fb4622a830e90d2
2025-04-21 11:45:47+00:00,USDC,1589495.20329,1589388.0236284423,0x7f9b6bb65c8f9105f46ec3b18cb31845c85b6e72
2025-04-21 11:45:47+00:00,USDC,455570.034199,455539.315111594,0x7f9b6bb65c8f9105f46ec3b18cb31845c85b6e72
2025-04-21 11:47:35+00:00,USDC,92350.0,92343.7728395,0x9b81306f55eaf6e4b4b451b5df53769b9d827db9
2025-04-21 11:50:35+00:00,USDC,52232.511969,52228.98993071793,0x0adc69041a2b086f8772acce2a754f410f211bed
2025-04-21 11:53:59+00:00,USDC,72031.448448,72026.59136743115,0xadc0a53095a0af87f3aa29fe0715b5c28016364e
2025-04-21 11:54:59+00:00,USDC,1609864.184205,1609755.6310630592,0x97e07a5501e0c915c942d5d6d6a17ac4735caf48
2025-04-21 11:54:59+00:00,USDC,458579.10769,458548.18570076843,0x97e07a5501e0c915c942d5d6d6a17ac4735caf48
2025-04-21 12:03:23+00:00,USDC,694034.886188,693988.0874156243,0x7f9b6bb65c8f9105f46ec3b18cb31845c85b6e72
2025-04-21 12:14:23+00:00,USDC,10000.0,9999.3257,0xadc0a53095a0af87f3aa29fe0715b5c28016364e
2025-04-21 12:15:35+00:00,USDC,344194.311343,344171.10232058616,0x1f2f10d1c40777ae1da742455c65828ff36df387
2025-04-21 12:24:59+00:00,USDC,4016.268569,4015.997752010392,0xc3ba3ed0519efb403fc76a9c23a0c9399b5affbe
2025-04-21 12:31:47+00:00,USDC,798.249568,798.1957420316297,0xe23b11fc4b4152528a177c6f0677214260cc76d5
2025-04-21 12:34:23+00:00,USDC,200.0,199.986514,0x5141b82f5ffda4c6fe1e372978f1c5427640a190
2025-04-21 12:37:47+00:00,USDC,57807.69,57803.79202746331,0x9b81306f55eaf6e4b4b451b5df53769b9d827db9
2025-04-21 12:40:35+00:00,USDC,48070.469068,48067.22767627074,0xd4fa2d31b7968e448877f69a96de69f5de8cd23e
2025-04-21 12:41:35+00:00,USDC,62983.735962,62979.48896868408,0xd4fa2d31b7968e448877f69a96de69f5de8cd23e
2025-04-21 12:42:23+00:00,USDC,160.0,159.9892112,0xe9505d22a69ef4f91aa417997a3013d5cf1723be
2025-04-21 12:42:23+00:00,USDC,86497.437529,86491.60500678742,0xd4fa2d31b7968e448877f69a96de69f5de8cd23e
2025-04-21 12:42:35+00:00,USDC,31000.0,30997.90967,0xff52fc331812c959293891ccdc37404d903f5479
2025-04-21 12:43:59+00:00,USDC,244.675006,244.65850756434543,0x0b52b962d36b4248fd134f73d85bada3075294b0
2025-04-21 12:48:11+00:00,USDC,82976.376117,82970.78101995843,0xd4fa2d31b7968e448877f69a96de69f5de8cd23e
2025-04-21 12:50:59+00:00,USDC,10000.0,9999.3257,0x47afa34e14b09085ded4ec80d1021c736ec62729
2025-04-21 12:55:47+00:00,USDC,252.587167,252.5701350473292,0x73eddfa87c71addc275c2b9890f5c3a8480bc9e6
2025-04-21 12:58:23+00:00,USDC,10000.003689,9999.32938875125,0xea7bd99f959d9098d39e3f88eb5728b4fa69466b
2025-04-21 13:15:47+00:00,USDC,245.0,244.98347965,0x87f78377c49e352146c9ea98d8ac87a7999635aa
2025-04-21 13:17:59+00:00,USDC,10000.0,9999.3257,0xa90f726aaae3b58018e9b94d73b202b9016a44cf
2025-04-21 13:23:59+00:00,USDC,13000.0,12999.12341,0xa90f726aaae3b58018e9b94d73b202b9016a44cf
2025-04-21 13:34:11+00:00,USDC,529303.131151,529267.4402408665,0x1dfde7c627d1ea54b722c1b0d435b457768449f5
2025-04-21 13:51:23+00:00,USDC,16.551787,16.55067091300259,0xadc0a53095a0af87f3aa29fe0715b5c28016364e
2025-04-21 14:06:47+00:00,USDC,40178.217343,40175.50812580456,0x35bb522b102326ea3f1141661df4626c87000e3e
2025-04-21 14:10:23+00:00,USDC,62710.845224,62706.61663170654,0x2b1f2a9e53cf7afe0a536ea8fef858c3f4a2312a
2025-04-21 14:11:11+00:00,USDC,71.0,70.99521247,0xf68c4b03117bef05afd91268ff80e46ea6612a36
2025-04-21 14:13:35+00:00,USDC,80161.070038,80155.66477704735,0x6287cec3e7c75164c038c70dc4488aa212ed87a4
2025-04-21 14:20:47+00:00,USDC,50548.0,50544.591548360004,0xa28cfaede656f9e25ed2d12bc9d0e702d73d2d6d
2025-04-21 14:20:59+00:00,USDC,6000.0,5999.595420000001,0xbb269cc63fdac8c03c5c6e1e9a0553d300727ad1
2025-04-21 14:26:35+00:00,USDC,8000.0,7999.46056,0x9f49379e178c8c5b7c10472ea6ad0b853f6c7f5a
2025-04-21 14:26:47+00:00,USDC,216199.844835,216185.26647946276,0xadc0a53095a0af87f3aa29fe0715b5c28016364e
2025-04-21 14:29:35+00:00,USDC,10000.000471,9999.32617096824,0xadc0a53095a0af87f3aa29fe0715b5c28016364e
2025-04-21 14:29:47+00:00,USDC,50548.0,50544.591548360004,0xa28cfaede656f9e25ed2d12bc9d0e702d73d2d6d
2025-04-21 14:32:23+00:00,USDC,8966.990653,8966.38600882027,0xb4415d57a7fae42d2f7074e3f9cbe161cba1bb7f
2025-04-21 14:34:11+00:00,USDC,103625.784736,103618.79724933526,0x997d1c9f17e685f28fff1deb758453945c42ed64
2025-04-21 14:46:23+00:00,USDC,4000.0,3999.73028,0x197dfea49c88554dbdaacbc0dbf7af425e150e79
2025-04-21 14:49:35+00:00,USDC,20025.001318,20023.651032161128,0xea7bd99f959d9098d39e3f88eb5728b4fa69466b
2025-04-21 14:50:23+00:00,USDC,4000.0,3999.73028,0x197dfea49c88554dbdaacbc0dbf7af425e150e79
2025-04-21 14:51:35+00:00,USDC,2000000.0,1999865.1400000001,0xe033f9a43178ba8c30f5da998146ec2f8b6003ad
2025-04-21 14:53:23+00:00,USDC,3000.0,2999.7977100000003,0x197dfea49c88554dbdaacbc0dbf7af425e150e79
2025-04-21 14:55:59+00:00,USDC,100.882031,100.87522852464967,0x35bb522b102326ea3f1141661df4626c87000e3e
2025-04-21 14:56:23+00:00,USDC,50195.583762,50192.199073786935,0xadc0a53095a0af87f3aa29fe0715b5c28016364e
2025-04-21 15:04:47+00:00,USDC,524475.096131,524439.7307752678,0x19d4488345ffdc38ea9d901b964f7d813e96edaf
2025-04-21 15:09:59+00:00,USDC,500423.762415,500390.0188407004,0xe6a52260694aa80fa0ca152acdc868dea4566f2a
2025-04-21 15:17:11+00:00,USDC,2000.0,1999.86514,0x0d7bd9f42b123f6c019f8029b0a5153f3d480fc2
2025-04-21 15:20:59+00:00,USDC,49863.974672,49860.612344187866,0x32e18b1bc030534480082961f5cd756df3b7ef6f
2025-04-21 15:21:11+00:00,USDC,42137.732707,42134.89135968357,0xd4fa2d31b7968e448877f69a96de69f5de8cd23e
2025-04-21 15:23:11+00:00,USDC,572820.537447,572781.91215816,0x97e07a5501e0c915c942d5d6d6a17ac4735caf48
2025-04-21 15:23:11+00:00,USDC,1967507.022438,1967374.353439477,0x97e07a5501e0c915c942d5d6d6a17ac4735caf48
2025-04-21 15:24:47+00:00,USDC,500222.297394,500188.5674044867,0xe3565a58d0ddaf6625469c9f8e4d84170dae4d1a
2025-04-21 15:25:47+00:00,USDC,93615.29671,93608.98423054285,0xadc0a53095a0af87f3aa29fe0715b5c28016364e
2025-04-21 15:32:23+00:00,USDC,28861.055824,28859.109723005786,0xd4fa2d31b7968e448877f69a96de69f5de8cd23e
2025-04-21 15:39:11+00:00,USDC,480100.0,480067.626857,0xe1bafb5f16d8829d7b35309db6aaf57a882c9511
2025-04-21 15:39:59+00:00,USDC,37642.759131,37640.220879751796,0xd4fa2d31b7968e448877f69a96de69f5de8cd23e
2025-04-21 15:43:23+00:00,USDC,94.027371,94.02103073437347,0x86ac481b0f22e8d504005f90cec6377c12695f11
2025-04-21 15:44:11+00:00,USDC,60523.291846,60519.210760430826,0xd231f09f898b89a5ba27d49c932d935421c0858c
2025-04-21 15:44:59+00:00,USDC,30000.0,29997.9771,0x48dee3cf41a3078575aa2c09633907244b8e7585
2025-04-21 15:46:59+00:00,USDC,100.950149,100.94334193145293,0x630488ed575f3bb86e7993bbb5ab9152e7e35834
2025-04-21 15:46:59+00:00,USDC,249809.170244,249792.32561165045,0x48dee3cf41a3078575aa2c09633907244b8e7585
2025-04-21 15:53:47+00:00,USDC,4219.030244,4218.745754790647,0xadc0a53095a0af87f3aa29fe0715b5c28016364e
2025-04-21 15:59:35+00:00,USDC,317946.752189,317925.3130394999,0x78f8bd884c3d738b74b420540659c82f392820e0
2025-04-21 16:02:47+00:00,USDC,164691.184946,164680.07981939908,0x7214e1d350ba8e2b19de4f77ddd3609af06aade2
2025-04-21 16:17:35+00:00,USDC,1000.0,999.93257,0x5141b82f5ffda4c6fe1e372978f1c5427640a190
2025-04-21 16:20:47+00:00,USDC,7427.140663,7426.639850905094,0xadc0a53095a0af87f3aa29fe0715b5c28016364e
2025-04-21 16:21:35+00:00,USDC,595465.995551,595425.84327892,0x97e07a5501e0c915c942d5d6d6a17ac4735caf48
2025-04-21 16:21:35+00:00,USDC,2076958.765539,2076818.7162094398,0x97e07a5501e0c915c942d5d6d6a17ac4735caf48
2025-04-21 16:29:11+00:00,USDC,10000.0,9999.3257,0x80bbb9d6611c91b525139435c97ff99afda8027c
2025-04-21 16:29:35+00:00,USDC,2035565.928738,2035428.6705274254,0x97e07a5501e0c915c942d5d6d6a17ac4735caf48
2025-04-21 16:29:35+00:00,USDC,657536.464861,657492.1271771744,0x97e07a5501e0c915c942d5d6d6a17ac4735caf48
2025-04-21 16:35:11+00:00,USDC,80308.38335,80302.96815571071,0xd4fa2d31b7968e448877f69a96de69f5de8cd23e
2025-04-21 16:39:47+00:00,USDC,35076.853546,35074.488313765396,0xd4fa2d31b7968e448877f69a96de69f5de8cd23e
2025-04-21 16:39:47+00:00,USDC,30681.034482,30678.96565984488,0xd4fa2d31b7968e448877f69a96de69f5de8cd23e
2025-04-21 16:39:47+00:00,USDC,26315.303122,26313.528681110485,0xd4fa2d31b7968e448877f69a96de69f5de8cd23e
2025-04-21 16:47:35+00:00,USDC,56214.121983,56210.33146475469,0x7ad552569f6f46ad5ba07c9ac5e9aa345546ecb8
2025-04-21 16:52:47+00:00,USDC,165964.073209,165952.88225154352,0xd4fa2d31b7968e448877f69a96de69f5de8cd23e
2025-04-21 16:54:23+00:00,USDC,5028.780773,5028.4416823124775,0x73eddfa87c71addc275c2b9890f5c3a8480bc9e6
2025-04-21 16:54:23+00:00,USDC,200000.0,199986.514,0xe1bafb5f16d8829d7b35309db6aaf57a882c9511
2025-04-21 16:55:47+00:00,USDC,50000.0,49996.6285,0xb18f4044a14f48dbe1dd152132c3914385735ed5
2025-04-21 16:59:59+00:00,USDC,200000.0,199986.514,0xe1bafb5f16d8829d7b35309db6aaf57a882c9511
2025-04-21 17:00:23+00:00,USDC,50000.0,49996.6285,0xb18f4044a14f48dbe1dd152132c3914385735ed5
2025-04-21 17:00:47+00:00,USDC,2165801.186081,2165655.1461070227,0x4bb41165a817628992ee40ea8e92f8800f143fbd
2025-04-21 17:01:35+00:00,USDC,18837.467183,18836.19697258785,0xee7ca610d896c53ffe716b801c05748efd902954
2025-04-21 17:06:35+00:00,USDC,300000.0,299979.771,0xe1bafb5f16d8829d7b35309db6aaf57a882c9511
2025-04-21 17:10:23+00:00,USDC,166788.706051,166777.45948855096,0xd4fa2d31b7968e448877f69a96de69f5de8cd23e
2025-04-21 17:13:47+00:00,USDC,8448.132433,8447.562775430044,0xadc0a53095a0af87f3aa29fe0715b5c28016364e
2025-04-21 17:20:35+00:00,USDC,19877.172595,19875.83227725192,0x7e9153599e27dc705e449daf0e316539acec728e
2025-04-21 17:25:35+00:00,USDC,42798.224271,42795.33838673741,0x0e9905339484f6b36dc99b30f0dae4f404586285
2025-04-21 17:27:23+00:00,USDC,55420.392187,55416.65518995483,0x0e9905339484f6b36dc99b30f0dae4f404586285
2025-04-21 17:29:23+00:00,USDC,71765.13874,71760.29961669476,0x0e9905339484f6b36dc99b30f0dae4f404586285
2025-04-21 17:31:23+00:00,USDC,880418.402996,880359.036383086,0x6a63bb66d9019edb31cc46aa205d0b1ccfacb1eb
2025-04-21 17:31:23+00:00,USDC,92930.332254,92924.0659616961,0x0e9905339484f6b36dc99b30f0dae4f404586285
2025-04-21 17:33:35+00:00,USDC,695617.0,695570.09454569,0x2d5663ddb22972f53a6fdadec0ec9df9ccfe96a3
2025-04-21 17:33:59+00:00,USDC,79832.019988,79826.63691489221,0x0e9905339484f6b36dc99b30f0dae4f404586285
2025-04-21 17:41:23+00:00,USDC,87300.0,87294.113361,0xadc0a53095a0af87f3aa29fe0715b5c28016364e
2025-04-21 17:52:11+00:00,USDC,483181.665035,483149.0840953267,0x1f2f10d1c40777ae1da742455c65828ff36df387
2025-04-21 17:53:23+00:00,USDC,31.503035,31.500910750349952,0xd4fa2d31b7968e448877f69a96de69f5de8cd23e
2025-04-21 17:55:59+00:00,USDC,2000.0,1999.86514,0xadc0a53095a0af87f3aa29fe0715b5c28016364e
2025-04-21 17:57:35+00:00,USDC,1998.955357,1998.8205674402775,0x8736d00f0b6acffa852665b3c20e344588780a3e
2025-04-21 18:01:59+00:00,USDC,200000.0,199986.514,0xe1bafb5f16d8829d7b35309db6aaf57a882c9511
2025-04-21 18:17:35+00:00,USDC,2030.822311,2030.6853726515692,0x73eddfa87c71addc275c2b9890f5c3a8480bc9e6
2025-04-21 18:19:11+00:00,USDC,39305.250835,39302.6004819362,0x0adc69041a2b086f8772acce2a754f410f211bed
2025-04-21 18:22:11+00:00,USDC,0.089969,0.08996293339033,0x630488ed575f3bb86e7993bbb5ab9152e7e35834
2025-04-21 18:35:11+00:00,USDC,1507.458765,1507.3571170554762,0x93242bb2b8f429a21c8d194ad88e7c4745e395a1
2025-04-21 18:54:11+00:00,USDC,159000.0,158989.27863000002,0xadc0a53095a0af87f3aa29fe0715b5c28016364e
2025-04-21 18:59:47+00:00,USDC,21000.0,20998.58397,0xf3adc2de54ee9c1ea814f692a9f695c2d0b2b646
2025-04-21 19:15:47+00:00,USDC,18000.0,17998.78626,0x05cc901ee297ee65ca1569e7e496ca639ec03cfe
2025-04-21 19:17:23+00:00,USDC,210060.363067,210046.1986967184,0xe6b1de575e7e610889ea21024834e120f92033a3
2025-04-21 19:18:59+00:00,USDC,3500.0,3499.7639950000003,0x3961c3d120ec51fee26a821278256ea89d31acbe
2025-04-21 19:20:11+00:00,USDC,16050.964509,16049.882192463157,0xadc0a53095a0af87f3aa29fe0715b5c28016364e
2025-04-21 19:24:59+00:00,USDC,15218.990952,15217.964735440108,0x78f8bd884c3d738b74b420540659c82f392820e0
2025-04-21 19:26:23+00:00,USDC,1166328.744922,1166250.09937473,0x731b25b19a606122cfdaa659774a4022511875c9
2025-04-21 19:42:47+00:00,USDC,8000.0,7999.46056,0xcb954495438b23e792de53f1352cafe20e14521a
2025-04-21 19:42:59+00:00,USDC,1683.673976,1683.5604458637983,0xadc0a53095a0af87f3aa29fe0715b5c28016364e
2025-04-21 19:44:59+00:00,USDC,3000.0,2999.7977100000003,0xadc0a53095a0af87f3aa29fe0715b5c28016364e
2025-04-21 20:00:11+00:00,USDC,79324.096754,79318.74793015588,0xd4fa2d31b7968e448877f69a96de69f5de8cd23e
2025-04-21 20:02:23+00:00,USDC,1734628.920506,1734511.9544778904,0x97e07a5501e0c915c942d5d6d6a17ac4735caf48
2025-04-21 20:02:23+00:00,USDC,490232.141132,490199.0847787235,0x97e07a5501e0c915c942d5d6d6a17ac4735caf48
2025-04-21 20:05:35+00:00,USDC,60051.767148,60047.71785734121,0xd4fa2d31b7968e448877f69a96de69f5de8cd23e
2025-04-21 20:22:35+00:00,USDC,277033.930298,277015.24990008003,0xd4fa2d31b7968e448877f69a96de69f5de8cd23e
2025-04-21 20:24:11+00:00,USDC,52.212626,52.20910530262882,0x35bb522b102326ea3f1141661df4626c87000e3e
2025-04-21 20:24:11+00:00,USDC,10000.0,9999.3257,0xeb5bbd0417d9179b60bb47fbde818888f2ef2a93
2025-04-21 20:32:11+00:00,USDC,200.0,199.986514,0x56126b06bf62e2114c5238fdfdcd86dc9142440d
2025-04-21 20:39:47+00:00,USDC,19.500166,19.498851103806622,0x1bb001d6a6f20182e4abd4e0cc352a3dd6dc33ff
2025-04-21 20:47:23+00:00,USDC,124846.0,124837.58163422,0x970cec0f928a165766d21f3487c9e92891f3ceba
2025-04-21 21:11:35+00:00,USDC,3016.0,3015.7966311200003,0xc10df5b016642a19f3332417c5fe92f172aae01a
2025-04-21 21:21:47+00:00,USDC,7499.85,7499.344285114501,0x9f49379e178c8c5b7c10472ea6ad0b853f6c7f5a
2025-04-21 21:37:23+00:00,USDC,17361.142735,17359.97207314538,0x6aa7a8539543210563af6cf575cc5079b194d0c8
2025-04-21 21:38:23+00:00,USDC,111263.227118,111255.72463859543,0x1f2f10d1c40777ae1da742455c65828ff36df387
2025-04-21 21:57:11+00:00,USDC,7731.785676,7731.264321691868,0xadc0a53095a0af87f3aa29fe0715b5c28016364e
2025-04-21 22:03:23+00:00,USDC,3528.160348,3527.9224441477345,0xadc0a53095a0af87f3aa29fe0715b5c28016364e
2025-04-21 22:08:11+00:00,USDC,9494.182318,9493.542125286296,0xadc0a53095a0af87f3aa29fe0715b5c28016364e
2025-04-21 22:21:23+00:00,USDC,455.00009,454.9694093439313,0xadc0a53095a0af87f3aa29fe0715b5c28016364e
2025-04-21 22:25:11+00:00,USDC,96921.010373,96914.47498927054,0xd4fa2d31b7968e448877f69a96de69f5de8cd23e
2025-04-21 22:32:47+00:00,USDC,615141.705014,615100.2260088308,0x7f9b6bb65c8f9105f46ec3b18cb31845c85b6e72
2025-04-21 22:34:23+00:00,USDC,67983.377281,67978.79316186994,0xd4fa2d31b7968e448877f69a96de69f5de8cd23e
2025-04-21 22:37:11+00:00,USDC,1500.0,1499.8988550000001,0xf2c17e8a0bb5d0289b5f507acb0ba6b29770e6e3
2025-04-21 22:37:35+00:00,USDC,99121.191052,99114.50731008736,0xd4fa2d31b7968e448877f69a96de69f5de8cd23e
2025-04-21 22:42:23+00:00,USDC,29871.791954,29869.77769906854,0xd4fa2d31b7968e448877f69a96de69f5de8cd23e
2025-04-21 22:44:59+00:00,USDC,82976.109969,82970.51488990479,0xd4fa2d31b7968e448877f69a96de69f5de8cd23e
2025-04-21 22:47:23+00:00,USDC,92971.323542,92965.05448565356,0xd4fa2d31b7968e448877f69a96de69f5de8cd23e
2025-04-21 22:51:47+00:00,USDC,43985.725669,43982.75971151814,0xd4fa2d31b7968e448877f69a96de69f5de8cd23e
2025-04-21 22:54:23+00:00,USDC,121958.768747,121950.54506722339,0xd4fa2d31b7968e448877f69a96de69f5de8cd23e
2025-04-21 23:13:11+00:00,USDC,2000.0,1999.86514,0x9895f0513b0a3ec8b3f871150f6463bbd0fc99e9
2025-04-21 23:17:35+00:00,USDC,1557888.85581,1557783.8073644529,0x7f9b6bb65c8f9105f46ec3b18cb31845c85b6e72
2025-04-21 23:17:35+00:00,USDC,520714.425927,520679.31415325974,0x7f9b6bb65c8f9105f46ec3b18cb31845c85b6e72
2025-04-21 23:18:47+00:00,USDC,326.372937,326.35092967285806,0xadc0a53095a0af87f3aa29fe0715b5c28016364e
2025-04-21 23:25:11+00:00,USDC,129952.167227,129943.40455236388,0xd4fa2d31b7968e448877f69a96de69f5de8cd23e
2025-04-21 23:27:11+00:00,USDC,20000.0,19998.6514,0x6855d686eca794b4e5c9db0052a14733bdf19431
2025-04-21 23:29:23+00:00,USDC,20000.00079,19998.65218994673,0xea7bd99f959d9098d39e3f88eb5728b4fa69466b
2025-04-21 23:35:47+00:00,USDC,8000.0,7999.46056,0x88be81719024047991597b89f828e53cf6acde79
2025-04-21 23:49:11+00:00,USDC,190.0,189.9871883,0x65d37b0b8fc7e6d36119f3016f977f3bcf01b4b5
2025-04-21 23:51:23+00:00,USDC,81155.036776,81149.56449187019,0xadc0a53095a0af87f3aa29fe0715b5c28016364e
2025-04-17 00:06:59+00:00,wstETH,1800.0,0.0,0xfd6db5011b171b05e1ea3b92f9eacaeeb055e971
2025-04-17 03:30:35+00:00,wstETH,0.9783267245261723,0.0,0x9d0ed2fbc7ee05644dc53a8ccb1e0d855c8ec9e7
2025-04-17 05:09:23+00:00,wstETH,10.615021320423565,0.0,0x35bb522b102326ea3f1141661df4626c87000e3e
2025-04-17 06:32:35+00:00,wstETH,5.0,0.0,0x1cf6b762a61d7c8aeb23fb7964f95387db48a728
2025-04-17 07:58:59+00:00,wstETH,1.0049922145448316,0.0,0x08050100c19d14a5aca6d0880078ae3e81248f79
2025-04-17 08:20:23+00:00,wstETH,5.39,0.0,0x9c5e2ba04f81476e688d1637b634ecf923bee3cd
2025-04-17 09:26:59+00:00,wstETH,12.5,0.0,0x5141b82f5ffda4c6fe1e372978f1c5427640a190
2025-04-17 09:29:47+00:00,wstETH,12.5,0.0,0x5141b82f5ffda4c6fe1e372978f1c5427640a190
2025-04-17 09:55:59+00:00,wstETH,0.22206857924893342,0.0,0x6a5c2beb06040ea1d2972db929b8b37db31deda7
2025-04-17 11:11:59+00:00,wstETH,5.5574290786e-08,0.0,0xd0d82a84a2b18f25bdc2982100df7af31e9fcab6
2025-04-17 11:11:59+00:00,wstETH,34.06652563843046,0.0,0xd0d82a84a2b18f25bdc2982100df7af31e9fcab6
2025-04-17 11:35:59+00:00,wstETH,143.425857,0.0,0xc68d8ccb93bc2d056e65d6a68693445316218cb5
2025-04-17 11:35:59+00:00,wstETH,138.7352260269632,0.0,0xc68d8ccb93bc2d056e65d6a68693445316218cb5
2025-04-17 12:26:59+00:00,wstETH,3.3332501735e-08,0.0,0x6c5b1c07662a6fdd98a775915abbe31d367b2117
2025-04-17 12:26:59+00:00,wstETH,34.039270294698056,0.0,0x6c5b1c07662a6fdd98a775915abbe31d367b2117
2025-04-17 16:28:11+00:00,wstETH,2.4,0.0,0xc24301b36a9af2594837054d78ae553e3b81148d
2025-04-17 16:50:23+00:00,wstETH,20000.0,0.0,0xed0c6079229e2d407672a117c22b62064f4a4312
2025-04-17 16:53:11+00:00,wstETH,13.0,0.0,0x1cf6b762a61d7c8aeb23fb7964f95387db48a728
2025-04-17 18:11:35+00:00,wstETH,37.10889176002297,0.0,0x1afb268b7585ba8e547f67fffb0d93ab3c0169f5
2025-04-17 18:28:35+00:00,wstETH,100.0,0.0,0xa431ef5539d816919df36448b9b989191f1a61cb
2025-04-17 18:35:59+00:00,wstETH,10963.509691515539,0.0,0xed0c6079229e2d407672a117c22b62064f4a4312
2025-04-17 18:38:59+00:00,wstETH,115.0,0.0,0xa431ef5539d816919df36448b9b989191f1a61cb
2025-04-17 18:48:23+00:00,wstETH,117.38758065031388,0.0,0xa431ef5539d816919df36448b9b989191f1a61cb
2025-04-17 20:00:35+00:00,wstETH,1.176833524076169,0.0,0x35bb522b102326ea3f1141661df4626c87000e3e
2025-04-17 20:07:11+00:00,wstETH,0.7474935946666238,0.0,0x78f8bd884c3d738b74b420540659c82f392820e0
2025-04-17 20:48:59+00:00,wstETH,15.0,0.0,0x1cf6b762a61d7c8aeb23fb7964f95387db48a728
2025-04-18 00:25:35+00:00,wstETH,500.0,0.0,0x8ad459048c798b7435887184d81d7dd8cf2ab818
2025-04-18 04:15:59+00:00,wstETH,222.33968877249296,0.0,0xcde43769f216a1618d0cdfbf748fdd90969f29d8
2025-04-18 04:20:47+00:00,wstETH,10.0,0.0,0x50756105d6bcd7586a6fa09ab13362fac06624f3
2025-04-18 04:37:23+00:00,wstETH,4.419559196617538,0.0,0x49519579d9d7f1e782daff0d1139c6f6c7b51235
2025-04-18 09:19:47+00:00,wstETH,0.09,0.0,0x260bce2fea7759d18464cd45ae92c6710da0270d
2025-04-18 09:23:23+00:00,wstETH,0.042151349674567934,0.0,0xabac936abf583ddd1913755aaafb7e84b94ab190
2025-04-18 12:12:47+00:00,wstETH,900.0,0.0,0xe5379345675132653bd303030c6e456034ed1961
2025-04-18 12:24:11+00:00,wstETH,92.54,0.0,0xe5379345675132653bd303030c6e456034ed1961
2025-04-18 14:32:23+00:00,wstETH,30.271367967753818,0.0,0x3b8469a5b361eb5972ffeb1bdf38e6a0cd2b5388
2025-04-18 17:23:11+00:00,wstETH,7.265903457014077,0.0,0x0711127d1c61e60922cac23bced997796606573a
2025-04-18 17:24:35+00:00,wstETH,6.184193265919735,0.0,0x6db92858aeadb580a0c2ea792d78fcf5864aeffe
2025-04-18 17:29:47+00:00,wstETH,50.0,0.0,0x54658ca782e1461e08f12a96cf0a5e3eebd3d689
2025-04-18 18:23:59+00:00,wstETH,30000.0,0.0,0xed0c6079229e2d407672a117c22b62064f4a4312
2025-04-18 19:20:59+00:00,wstETH,350.3643486829595,0.0,0xadc0a53095a0af87f3aa29fe0715b5c28016364e
2025-04-18 20:00:23+00:00,wstETH,1350.0,0.0,0x33333aea097c193e66081e930c33020272b33333
2025-04-18 20:09:47+00:00,wstETH,1400.0,0.0,0x33333aea097c193e66081e930c33020272b33333
2025-04-18 21:13:35+00:00,wstETH,956.0,0.0,0x33333aea097c193e66081e930c33020272b33333
2025-04-18 21:22:35+00:00,wstETH,2.18,0.0,0x33333aea097c193e66081e930c33020272b33333
2025-04-19 02:41:47+00:00,wstETH,0.18330419884450225,0.0,0x98ccb155e86bb478d514a827d16f58c6912f9bdc
2025-04-19 02:45:11+00:00,wstETH,0.9931768140039026,0.0,0x8b869b05033d5d94d261001f5668ef4811046d3c
2025-04-19 06:18:47+00:00,wstETH,2.3521406916044914,0.0,0x4334703b0b74e2045926f82f4158a103fce1df4f
2025-04-19 06:29:47+00:00,wstETH,5.999518817599564,0.0,0x1cf6b762a61d7c8aeb23fb7964f95387db48a728
2025-04-19 07:26:59+00:00,wstETH,2.4,0.0,0xc24301b36a9af2594837054d78ae553e3b81148d
2025-04-19 08:11:35+00:00,wstETH,0.9731790858319367,0.0,0xcaf0474b588e0fddc3c6bb50fc1bfda6caf5f5da
2025-04-19 08:13:47+00:00,wstETH,0.42,0.0,0x5141b82f5ffda4c6fe1e372978f1c5427640a190
2025-04-19 10:17:35+00:00,wstETH,5.0,0.0,0xe67e43b831a541c5fa40de52ab0afbe311514e64
2025-04-19 10:46:11+00:00,wstETH,263.0,0.0,0xe67e43b831a541c5fa40de52ab0afbe311514e64
2025-04-19 11:06:47+00:00,wstETH,264.5992237639131,0.0,0xe67e43b831a541c5fa40de52ab0afbe311514e64
2025-04-19 14:11:11+00:00,wstETH,1250.0,0.0,0x50756105d6bcd7586a6fa09ab13362fac06624f3
2025-04-19 14:13:35+00:00,wstETH,0.03,0.0,0x78f8bd884c3d738b74b420540659c82f392820e0
2025-04-19 14:15:35+00:00,wstETH,0.022630442451045733,0.0,0x19a23ddaa0e2c577843570fd2917c824110b25b3
2025-04-19 14:54:35+00:00,wstETH,2.23,0.0,0xadc0a53095a0af87f3aa29fe0715b5c28016364e
2025-04-19 14:55:59+00:00,wstETH,1.1484797871956034,0.0,0x35bb522b102326ea3f1141661df4626c87000e3e
2025-04-19 15:47:59+00:00,wstETH,90.0,0.0,0xd6e3d92cd45f3b304d33d89d4eeaf260817be5aa
2025-04-19 16:32:59+00:00,wstETH,35.0,0.0,0x685563a40fd4e3949280364f3cd81aafae8632e5
2025-04-19 16:40:47+00:00,wstETH,47.04810394265986,0.0,0x685563a40fd4e3949280364f3cd81aafae8632e5
2025-04-19 18:33:59+00:00,wstETH,1796.9215070933444,0.0,0xaf92e072cb195e7549f18ed99e72800f9203c72d
2025-04-19 19:18:47+00:00,wstETH,79.00000021662204,0.0,0x003a85c562730b196f7cba202a2515f2ff855736
2025-04-19 20:45:59+00:00,wstETH,0.017417981504997303,0.0,0x78f8bd884c3d738b74b420540659c82f392820e0
2025-04-19 21:41:35+00:00,wstETH,0.9810755420831282,0.0,0xd189954d29e245d6bc29331d302de0e6585df70c
2025-04-20 00:16:23+00:00,wstETH,15.0,0.0,0x4602d3de2b7aa2dbdae45f5494f584a8297d9605
2025-04-20 00:22:23+00:00,wstETH,15.0,0.0,0x4602d3de2b7aa2dbdae45f5494f584a8297d9605
2025-04-20 00:27:59+00:00,wstETH,15.0,0.0,0x4602d3de2b7aa2dbdae45f5494f584a8297d9605
2025-04-20 00:31:47+00:00,wstETH,16.0,0.0,0x4602d3de2b7aa2dbdae45f5494f584a8297d9605
2025-04-20 00:37:23+00:00,wstETH,15.0,0.0,0x4602d3de2b7aa2dbdae45f5494f584a8297d9605
2025-04-20 00:44:23+00:00,wstETH,7.564288010012238,0.0,0x4602d3de2b7aa2dbdae45f5494f584a8297d9605
2025-04-20 01:52:47+00:00,wstETH,0.8337872578014974,0.0,0xadc0a53095a0af87f3aa29fe0715b5c28016364e
2025-04-20 02:26:59+00:00,wstETH,700.0,0.0,0x485c07c5516315881c732c90122ba4de3f356180
2025-04-20 02:45:23+00:00,wstETH,0.966443726654922,0.0,0xc532aa771976a84c441c9acb45b09499cbc13837
2025-04-20 02:51:47+00:00,wstETH,334.0,0.0,0x672d1500f1b44df15ecbd45fdbabac69d9814b20
2025-04-20 04:09:35+00:00,wstETH,786.09786410192,0.0,0x50756105d6bcd7586a6fa09ab13362fac06624f3
2025-04-20 05:45:47+00:00,wstETH,10.01016352444394,0.0,0x99dc51c56c2545cfa5d3052ff945d8dffea82f02
2025-04-20 10:41:47+00:00,wstETH,0.9647764243813308,0.0,0x7b5585207a34768c01cb2fd1bee355c2cd67177c
2025-04-20 12:07:47+00:00,wstETH,77.95072870960814,0.0,0x19b1d4ab17fc7330d28f5470460bc00c551f1001
2025-04-20 12:29:59+00:00,wstETH,1.918,0.0,0xadc0a53095a0af87f3aa29fe0715b5c28016364e
2025-04-20 12:55:11+00:00,wstETH,67.49586827399239,0.0,0x35bb522b102326ea3f1141661df4626c87000e3e
2025-04-20 13:38:47+00:00,wstETH,0.9810585781719188,0.0,0x2160d3f63ff52f998e4c9e8acfb2ff563b45a0b7
2025-04-20 14:24:11+00:00,wstETH,60.0,0.0,0x76d0fea3766b45aa3d851749fd3ced5547c62deb
2025-04-20 14:25:11+00:00,wstETH,60.0,0.0,0x76d0fea3766b45aa3d851749fd3ced5547c62deb
2025-04-20 15:50:47+00:00,wstETH,45.0,0.0,0x6b040f5f255c02323e9d6873f7276969b396c4e9
2025-04-20 17:19:47+00:00,wstETH,550.0,0.0,0xf0ceeb8aea724dacd5cecdb8e4d4c06f63a7d8cf
2025-04-20 18:49:47+00:00,wstETH,0.014389236209718229,0.0,0x6d70868a531d19aec405946b78856ae086051332
2025-04-21 01:06:47+00:00,wstETH,0.15949850051745965,0.0,0x3de7b44eab1bd638ff3465d71a7fdfea8c3b5e25
2025-04-21 01:25:11+00:00,wstETH,20.0,0.0,0x39a17bddfb771fbe3852e5073c84eb4ab5812236
2025-04-21 02:18:11+00:00,wstETH,49.426922145364756,0.0,0xcde43769f216a1618d0cdfbf748fdd90969f29d8
2025-04-21 02:36:59+00:00,wstETH,0.9663722008388942,0.0,0x5a4b8bc7591de17bc56a4b184226baede6782581
2025-04-21 04:29:23+00:00,wstETH,64.0,0.0,0xdcc328b22ef42f27fcfd6898b94bc4dbc9d45686
2025-04-21 08:19:11+00:00,wstETH,30.050923679287063,0.0,0x4c406c068106375724275cbff028770c544a1333
2025-04-21 09:24:35+00:00,wstETH,0.012531990116428445,0.0,0x3256728fe31de1a3123d29635c2a77d6049ae4e2
2025-04-21 10:20:59+00:00,wstETH,0.9622063091427369,0.0,0x5d65ad38a79d020101ead52abe0fb5fb2c289fa9
2025-04-21 10:36:59+00:00,wstETH,9527.000009118841,0.0,0x60d2d94acb969ca54e781007ee89f04c1a2e5943
2025-04-21 11:56:59+00:00,wstETH,1.2559629105167294,0.0,0x0612691ee7cb022d662119af83173089caed85aa
2025-04-21 12:25:35+00:00,wstETH,1665.3244,0.0,0x2178e1d614fefb2b304db58f07116d89f948fda1
2025-04-21 14:26:23+00:00,wstETH,20.0,0.0,0x39a17bddfb771fbe3852e5073c84eb4ab5812236
2025-04-21 14:27:47+00:00,wstETH,80.0,0.0,0xfbba8fc4278558f6115d0b842a83f86a56fc9349
2025-04-21 14:33:11+00:00,wstETH,5.429603969411355,0.0,0x35bb522b102326ea3f1141661df4626c87000e3e
2025-04-21 14:37:35+00:00,wstETH,5.0,0.0,0x39a17bddfb771fbe3852e5073c84eb4ab5812236
2025-04-21 14:38:35+00:00,wstETH,0.3575279646535341,0.0,0x6f5e094b62524427af203f6bd57faaf0217e2532
2025-04-21 14:52:47+00:00,wstETH,5.793566775489613,0.0,0xf59013763666a6c7a1cfda6a5b3d716308029b05
2025-04-21 15:07:11+00:00,wstETH,20.0,0.0,0xfbba8fc4278558f6115d0b842a83f86a56fc9349
2025-04-21 15:32:35+00:00,wstETH,10.0,0.0,0xfbba8fc4278558f6115d0b842a83f86a56fc9349
2025-04-21 15:50:59+00:00,wstETH,0.2173,0.0,0x429894bb7bc2110298045f520df4e97a99a1d55e
2025-04-21 15:56:23+00:00,wstETH,1.0,0.0,0x429894bb7bc2110298045f520df4e97a99a1d55e
2025-04-21 16:04:35+00:00,wstETH,11.9628276,0.0,0x429894bb7bc2110298045f520df4e97a99a1d55e
2025-04-21 16:47:23+00:00,wstETH,50.12661448367816,0.0,0x852f3dfc3ab2dbf5984443dc780e174b31dfb184
2025-04-21 16:59:23+00:00,wstETH,45.0,0.0,0x46f2ade9d359e19c7edfdf99289f2d8f16f66872
2025-04-21 17:42:59+00:00,wstETH,18.607534335339963,0.0,0x44e569787ac2789867c775690a10307a3ce21839
2025-04-21 19:06:35+00:00,wstETH,83.90044730465452,0.0,0x45169639f92b253958f2d5fbd787459fef8eae80
2025-04-21 19:11:23+00:00,wstETH,119.12305367667369,0.0,0xfbba8fc4278558f6115d0b842a83f86a56fc9349
2025-04-21 20:01:11+00:00,wstETH,16.6699,0.0,0x9008d19f58aabd9ed0d60971565aa8510560ab41
2025-04-21 20:02:59+00:00,wstETH,219.88856230871997,0.0,0x602cf9367f9f413a9dfd325d6ec1bea1b370e549
